location,bhk,washroom,total_sqft,furnishing,age,price,rent
Indrapuri,2,2,765,Semi Furnished,1-5 years,33.74,38423.37
Ayodhya nagar,3,3,1058,Unfurnished,10+ years,47.9,50455.54
Kolar hills,5,4,2377,Fully Furnished,New,138.41,122651.98
Nizamuddin colony,4,3,1721,Semi Furnished,1-5 years,88.03,97624.44
Tajul masjid,1,1,701,Unfurnished,New,40.65,36013.81
Ratnagiri,5,4,2666,Fully Furnished,5-10 years,170.83,150256.44
Bittan Market,2,2,1147,Unfurnished,5-10 years,75.9,76189.67
ibrahimpura,3,3,1349,Unfurnished,New,60.69,49808.83
Minal,4,3,1801,Unfurnished,5-10 years,77.19,91458.5
ibrahimpura,4,3,1624,Fully Furnished,5-10 years,101.14,105106.77
Nizamuddin colony,2,2,943,Unfurnished,5-10 years,58.34,67734.29
Misrod,1,1,439,Semi Furnished,New,25.88,24812.17
sultaniya road,2,2,886,Semi Furnished,5-10 years,42.88,39743.04
Vikas Nagar,4,3,2104,Unfurnished,New,103.65,83381.22
Gandhi nagar,3,3,1023,Fully Furnished,1-5 years,43.49,50841.82
Hoshangabad Road,5,4,2850,Semi Furnished,New,134.86,112760.02
Narela,3,3,1106,Fully Furnished,1-5 years,55.49,60044.92
Roshanpura,3,3,1399,Fully Furnished,New,72.41,84987.67
Vikas Nagar,5,4,2588,Semi Furnished,5-10 years,164.33,190868.99
Bawadiya Kalan,3,3,1547,Fully Furnished,10+ years,67.31,74395.23
Ayodhya nagar,5,4,2683,Unfurnished,5-10 years,168.69,198770.77
chuna bhatti,1,1,611,Semi Furnished,New,34.09,31584.41
Misrod,4,3,1771,Unfurnished,10+ years,94.09,107135.09
jahangirabad,3,3,1003,Semi Furnished,10+ years,57.2,57165.11
MP Nagar,1,1,522,Semi Furnished,New,35.67,35903.25
Prabhat petrol pump,1,1,665,Unfurnished,1-5 years,45.24,41111.1
MP Nagar,4,3,2170,Fully Furnished,5-10 years,96.25,95789.39
Narela,3,3,1137,Fully Furnished,New,77.18,85616.27
Kamla Nagar,1,1,554,Semi Furnished,New,37.68,34660.1
Avadhpuri,4,3,1589,Semi Furnished,New,107.76,94718.58
Nizamuddin colony,4,3,2049,Unfurnished,1-5 years,104.88,124243.14
kohefiza,1,1,403,Unfurnished,1-5 years,22.38,19535.92
New market,3,3,1000,Semi Furnished,10+ years,43.95,35194.01
Chuna Bhatti,2,2,756,Semi Furnished,1-5 years,46.73,40746.81
Bittan Market,2,2,1059,Fully Furnished,1-5 years,72.79,75190.24
Kolar Road,4,3,1968,Semi Furnished,5-10 years,129.58,150651.67
Ayodhya bypass,3,3,1308,Semi Furnished,1-5 years,63.38,70190.12
Lalghati,3,3,1170,Semi Furnished,New,72.58,80286.04
Arjun Nagar,5,4,2837,Semi Furnished,5-10 years,142.42,149989.96
Bawadiya Kalan,5,4,2933,Unfurnished,10+ years,179.53,155620.65
eidgah hills,2,2,1005,Fully Furnished,1-5 years,48.34,41827.34
Ayodhya nagar,3,3,1066,Fully Furnished,5-10 years,51.3,50154.05
Shyamla Hills,4,3,1801,Semi Furnished,5-10 years,119.99,117850.66
New market,4,3,2114,Fully Furnished,New,106.97,102375.46
Shyamla Hills,5,4,2007,Unfurnished,New,102.07,85454.89
Anand nagar,4,3,2082,Unfurnished,New,142.44,132528.69
Tajul masjid,4,3,2023,Semi Furnished,1-5 years,94.11,94156.16
sultaniya road,2,2,1088,Semi Furnished,10+ years,47.53,47578.35
Anand nagar,3,3,1007,Semi Furnished,New,48.11,40259.32
eidgah hills,1,1,732,Unfurnished,1-5 years,30.1,26247.36
Sonagiri,5,4,2815,Semi Furnished,1-5 years,131.82,145495.57
Indrapuri,1,1,585,Fully Furnished,10+ years,33.4,29079.49
Gulmohar,3,3,1076,Unfurnished,10+ years,66.98,60792.62
Tajul masjid,5,4,2026,Fully Furnished,5-10 years,109.56,104665.07
Kolar hills,1,1,505,Unfurnished,5-10 years,30.61,35257.87
Ayodhya nagar,1,1,519,Fully Furnished,10+ years,21.29,20484.3
Ratnagiri,4,3,1825,Unfurnished,10+ years,108.63,118316.17
Service road,3,3,1450,Unfurnished,New,58.31,63215.38
Vijay nagar,5,4,2546,Fully Furnished,5-10 years,169.57,177302.82
Lalghati,4,3,1758,Fully Furnished,New,121.62,144040.5
Vikas Nagar,2,2,1036,Unfurnished,New,63.88,51755.0
eidgah hills,5,4,2147,Unfurnished,1-5 years,140.25,124425.93
char Imli,1,1,722,Unfurnished,New,37.45,37052.24
Gulmohar,4,3,1499,Fully Furnished,10+ years,98.6,106129.74
Anand nagar,1,1,630,Fully Furnished,10+ years,25.36,26361.16
Kolar Road,2,2,1047,Semi Furnished,New,56.75,55065.48
Ayodhya nagar,5,4,2199,Unfurnished,10+ years,147.03,160127.13
Shivaji Nagar,2,2,1131,Unfurnished,1-5 years,50.84,51233.25
sultaniya road,4,3,2110,Fully Furnished,1-5 years,120.81,137297.05
char Imli,5,4,2633,Unfurnished,10+ years,113.47,128743.95
Ashoka garden,2,2,1075,Fully Furnished,New,60.43,63169.85
eidgah hills,1,1,731,Semi Furnished,5-10 years,44.44,48753.85
jahangirabad,4,3,1662,Semi Furnished,1-5 years,82.59,98042.16
jahangirabad,5,4,2256,Unfurnished,New,148.22,138289.8
Service road,5,4,2845,Unfurnished,1-5 years,193.03,196060.76
Shyamla Hills,4,3,2019,Semi Furnished,5-10 years,124.64,129863.97
VIP road,4,3,1847,Unfurnished,New,98.8,101753.89
Arjun Nagar,3,3,1071,Unfurnished,1-5 years,63.15,57593.25
Anand nagar,2,2,798,Fully Furnished,New,55.01,47789.23
Shyamla Hills,3,3,1395,Unfurnished,5-10 years,74.73,81495.87
Bairagarh,4,3,1412,Fully Furnished,New,88.68,100658.42
Habibganj,3,3,1479,Fully Furnished,5-10 years,78.01,84493.44
Ayodhya nagar,5,4,2768,Unfurnished,New,119.67,113830.18
VIP road,5,4,2973,Semi Furnished,10+ years,126.36,118263.16
Vikas Nagar,3,3,1101,Unfurnished,1-5 years,73.14,58708.71
eidgah hills,2,2,999,Unfurnished,10+ years,67.24,66987.53
eidgah hills,1,1,419,Semi Furnished,10+ years,24.53,21184.39
Indrapuri,2,2,1026,Unfurnished,5-10 years,56.6,57487.26
Narela,5,4,2948,Fully Furnished,New,143.92,122267.08
Lalghati,5,4,2747,Unfurnished,5-10 years,111.79,122773.79
New market,5,4,2172,Unfurnished,1-5 years,146.56,142269.28
Misrod,1,1,473,Fully Furnished,5-10 years,32.9,31566.82
Habibganj,2,2,1193,Unfurnished,5-10 years,51.32,52459.16
Sonagiri,2,2,806,Fully Furnished,5-10 years,36.78,41545.81
Ashoka garden,3,3,1273,Unfurnished,1-5 years,63.97,74277.22
Indrapuri,2,2,1140,Fully Furnished,10+ years,45.8,53432.65
Bairagarh,1,1,443,Semi Furnished,10+ years,18.24,16617.67
Arera Colony,2,2,947,Unfurnished,1-5 years,40.17,43984.85
Kolar hills,4,3,1489,Unfurnished,10+ years,60.23,59828.1
Narela,5,4,2189,Fully Furnished,New,103.21,97174.29
Ayodhya nagar,5,4,2785,Fully Furnished,1-5 years,120.8,136812.28
chuna bhatti,1,1,547,Semi Furnished,10+ years,29.37,23962.92
Shivaji Nagar,3,3,1241,Semi Furnished,5-10 years,66.6,55442.31
Karond,2,2,984,Unfurnished,10+ years,63.78,69106.75
Shanti Nagar,1,1,486,Fully Furnished,New,21.52,24387.37
Sonagiri,5,4,2396,Unfurnished,New,167.27,174418.14
Saket nagar,4,3,1753,Semi Furnished,5-10 years,74.71,81413.88
Anand nagar,5,4,2676,Unfurnished,1-5 years,158.88,182881.81
Gulmohar,3,3,1307,Fully Furnished,New,76.55,72252.63
Ashoka garden,3,3,1403,Semi Furnished,5-10 years,95.94,82280.36
eidgah hills,1,1,718,Unfurnished,10+ years,31.19,27743.7
Vikas Nagar,2,2,852,Unfurnished,5-10 years,52.33,59512.59
Bittan Market,3,3,1079,Fully Furnished,New,44.41,47892.3
Prabhat petrol pump,3,3,1095,Fully Furnished,10+ years,49.2,52053.8
ibrahimpura,2,2,1168,Fully Furnished,10+ years,53.7,57024.25
VIP road,1,1,522,Fully Furnished,New,32.49,29738.94
Nizamuddin colony,2,2,1199,Unfurnished,New,73.85,82427.52
Shivaji Nagar,5,4,2133,Unfurnished,New,146.7,161251.56
Sonagiri,2,2,1062,Fully Furnished,New,44.76,52724.59
Kamla Nagar,1,1,449,Semi Furnished,5-10 years,18.95,19313.88
jahangirabad,3,3,1324,Unfurnished,New,89.44,78038.52
Avadhpuri,3,3,1137,Semi Furnished,1-5 years,60.68,65416.44
Nizamuddin colony,2,2,856,Unfurnished,New,43.2,42018.75
Bawadiya Kalan,1,1,492,Unfurnished,5-10 years,22.3,20447.61
Misrod,3,3,1470,Fully Furnished,New,94.42,82519.13
Ayodhya nagar,3,3,1119,Semi Furnished,New,55.51,58015.05
Shyamla Hills,5,4,2956,Fully Furnished,5-10 years,173.22,157267.09
Shivaji Nagar,5,4,2378,Semi Furnished,1-5 years,104.77,88010.98
Nizamuddin colony,2,2,757,Semi Furnished,10+ years,41.75,42767.93
Sonagiri,4,3,1755,Unfurnished,10+ years,121.12,135632.06
Arera Colony,3,3,1222,Fully Furnished,New,68.78,82206.14
Bawadiya Kalan,2,2,976,Semi Furnished,10+ years,40.14,37042.81
Arera Colony,1,1,639,Unfurnished,New,26.05,21567.67
jahangirabad,3,3,1107,Semi Furnished,New,69.44,66415.59
sultaniya road,5,4,2510,Semi Furnished,New,131.12,123619.56
Saket nagar,1,1,666,Semi Furnished,1-5 years,30.72,33237.26
Sonagiri,2,2,1022,Semi Furnished,10+ years,48.86,55572.9
char Imli,3,3,1535,Unfurnished,5-10 years,78.18,75450.43
Karond,3,3,1137,Semi Furnished,5-10 years,73.47,86337.65
Avadhpuri,5,4,2489,Unfurnished,10+ years,126.08,137360.13
Lalghati,1,1,740,Semi Furnished,5-10 years,51.18,50359.59
Saket nagar,5,4,2338,Fully Furnished,10+ years,98.9,111705.57
ibrahimpura,2,2,1145,Semi Furnished,5-10 years,62.15,59611.37
Shivaji Nagar,1,1,446,Fully Furnished,10+ years,23.09,22917.94
jahangirabad,3,3,1373,Unfurnished,1-5 years,59.93,53720.67
Bawadiya Kalan,2,2,806,Semi Furnished,1-5 years,35.16,30866.71
Kolar Road,1,1,429,Semi Furnished,1-5 years,25.51,24118.09
Arjun Nagar,5,4,2935,Unfurnished,1-5 years,168.73,202016.03
Avadhpuri,2,2,1025,Fully Furnished,1-5 years,49.08,42232.92
Roshanpura,2,2,1072,Semi Furnished,New,53.39,62290.88
Shyamla Hills,1,1,457,Semi Furnished,New,28.63,30072.96
chuna bhatti,3,3,1424,Semi Furnished,1-5 years,75.95,74176.89
Misrod,5,4,2648,Fully Furnished,New,146.79,171088.97
char Imli,5,4,2132,Fully Furnished,5-10 years,124.81,121625.83
Habibganj,2,2,881,Semi Furnished,10+ years,35.9,32609.5
Ayodhya nagar,2,2,1140,Unfurnished,New,64.75,55919.23
New market,4,3,1793,Semi Furnished,5-10 years,108.11,90001.33
Tajul masjid,2,2,934,Unfurnished,10+ years,40.91,41435.1
Lalghati,1,1,769,Fully Furnished,New,45.88,43931.27
Nizamuddin colony,2,2,754,Semi Furnished,New,40.96,40951.38
Shyamla Hills,4,3,1930,Unfurnished,1-5 years,135.0,108542.67
Arjun Nagar,1,1,550,Fully Furnished,5-10 years,32.32,33289.75
jahangirabad,4,3,1784,Unfurnished,10+ years,120.39,106412.22
Ayodhya bypass,5,4,2087,Fully Furnished,10+ years,119.02,119322.5
Service road,1,1,447,Unfurnished,10+ years,31.09,36652.38
sultaniya road,2,2,735,Fully Furnished,New,30.23,33574.67
Habibganj,4,3,1635,Semi Furnished,5-10 years,99.36,92579.0
Narela,4,3,1809,Semi Furnished,5-10 years,80.08,76097.64
Hoshangabad Road,1,1,520,Fully Furnished,New,24.62,25121.06
eidgah hills,2,2,725,Semi Furnished,1-5 years,31.81,33044.84
Prabhat petrol pump,3,3,1186,Unfurnished,10+ years,52.84,55815.89
Bittan Market,3,3,1060,Unfurnished,5-10 years,69.77,75296.41
Ashoka garden,4,3,1607,Unfurnished,1-5 years,112.03,116985.94
Ratnagiri,2,2,1118,Fully Furnished,10+ years,55.71,61961.11
Govindpura,4,3,1935,Semi Furnished,1-5 years,109.78,114788.71
Ayodhya nagar,1,1,552,Semi Furnished,1-5 years,38.45,44578.04
Karond,5,4,2203,Unfurnished,1-5 years,122.92,128427.73
Arera Colony,3,3,1071,Semi Furnished,10+ years,71.1,60926.34
sultaniya road,5,4,2859,Fully Furnished,New,163.54,174613.2
Vijay nagar,4,3,2040,Unfurnished,5-10 years,121.34,103687.54
char Imli,4,3,1741,Fully Furnished,5-10 years,71.56,81042.85
ibrahimpura,4,3,1564,Fully Furnished,1-5 years,91.5,100595.19
Piplani,5,4,2317,Semi Furnished,1-5 years,105.47,111733.61
Minal,5,4,2085,Fully Furnished,10+ years,93.73,92358.71
Nizamuddin colony,4,3,1837,Fully Furnished,5-10 years,102.86,110123.98
sultaniya road,3,3,1379,Unfurnished,1-5 years,86.49,72158.03
Tajul masjid,5,4,2499,Unfurnished,New,169.95,174122.39
Habibganj,2,2,1167,Unfurnished,1-5 years,69.87,61092.45
Kolar hills,4,3,1927,Unfurnished,New,104.76,116348.61
Gandhi nagar,2,2,917,Semi Furnished,1-5 years,40.6,45116.91
sultaniya road,5,4,2297,Fully Furnished,1-5 years,134.52,153272.15
eidgah hills,4,3,1833,Unfurnished,5-10 years,87.98,103113.57
Service road,4,3,1993,Fully Furnished,1-5 years,133.67,126004.92
Roshanpura,1,1,611,Unfurnished,1-5 years,25.67,27687.83
Lalghati,5,4,2924,Fully Furnished,1-5 years,124.47,103122.05
Piplani,1,1,638,Semi Furnished,5-10 years,35.07,28980.47
chuna bhatti,4,3,1693,Fully Furnished,1-5 years,114.34,117807.46
Shivaji Nagar,1,1,696,Unfurnished,New,33.24,27933.17
Anand nagar,5,4,2729,Unfurnished,1-5 years,137.44,163213.21
Piplani,3,3,1073,Fully Furnished,1-5 years,67.69,80678.36
Bairagarh,4,3,1860,Unfurnished,5-10 years,107.94,126294.98
Piplani,3,3,1461,Unfurnished,10+ years,95.55,106481.68
Lalghati,1,1,641,Unfurnished,10+ years,34.21,30682.7
Gandhi nagar,2,2,1100,Fully Furnished,1-5 years,71.79,62617.5
Kolar Road,4,3,1939,Fully Furnished,1-5 years,117.87,123367.12
Kolar hills,5,4,2303,Semi Furnished,10+ years,157.0,131187.14
Piplani,4,3,2000,Fully Furnished,10+ years,118.92,121836.34
Chuna Bhatti,2,2,844,Unfurnished,5-10 years,34.49,32237.1
char Imli,1,1,471,Fully Furnished,1-5 years,32.92,27232.67
Kamla Nagar,3,3,1123,Fully Furnished,10+ years,70.4,75738.67
Saket nagar,2,2,943,Semi Furnished,5-10 years,46.55,48950.68
Ratnagiri,2,2,1051,Semi Furnished,10+ years,48.51,41663.69
Ayodhya nagar,4,3,2129,Fully Furnished,1-5 years,96.85,90904.14
Shyamla Hills,1,1,504,Fully Furnished,10+ years,34.18,28841.4
Vikas Nagar,2,2,1098,Fully Furnished,1-5 years,57.0,66450.61
Service road,5,4,2407,Unfurnished,5-10 years,118.06,128207.19
Kolar hills,1,1,669,Unfurnished,10+ years,29.94,35784.85
Sonagiri,2,2,773,Semi Furnished,10+ years,48.14,53911.77
New market,1,1,530,Fully Furnished,1-5 years,27.84,22736.23
VIP road,3,3,1582,Unfurnished,5-10 years,95.97,103156.1
Kamla Nagar,4,3,1968,Fully Furnished,1-5 years,86.15,78692.84
Shivaji Nagar,3,3,1174,Unfurnished,10+ years,77.33,64500.08
VIP road,3,3,1572,Fully Furnished,1-5 years,103.83,105365.11
Ratnagiri,3,3,1405,Fully Furnished,New,63.66,73291.45
MP Nagar,2,2,1047,Semi Furnished,New,44.31,51237.22
eidgah hills,5,4,2327,Fully Furnished,New,132.0,149192.14
Nizamuddin colony,3,3,1218,Semi Furnished,1-5 years,65.91,69156.56
Habibganj,3,3,1500,Unfurnished,10+ years,104.2,109601.09
Karond,2,2,1107,Semi Furnished,1-5 years,75.88,69910.15
Piplani,1,1,449,Fully Furnished,10+ years,30.18,26971.46
Service road,4,3,1401,Fully Furnished,New,84.76,96416.99
Ashoka garden,1,1,532,Fully Furnished,1-5 years,30.08,33178.17
Anand nagar,2,2,840,Fully Furnished,New,56.05,53849.51
char Imli,4,3,1679,Fully Furnished,New,101.25,120984.05
Hoshangabad Road,2,2,1140,Unfurnished,10+ years,72.94,69329.9
ibrahimpura,1,1,793,Unfurnished,New,44.33,49413.55
Bawadiya Kalan,3,3,1196,Semi Furnished,1-5 years,74.5,89093.83
char Imli,5,4,2779,Semi Furnished,5-10 years,142.84,144996.72
Karond,4,3,1931,Semi Furnished,New,88.51,98754.17
Anand nagar,3,3,1379,Unfurnished,New,56.21,66958.87
Bittan Market,2,2,993,Semi Furnished,1-5 years,43.77,48195.31
chuna bhatti,1,1,763,Fully Furnished,5-10 years,46.4,38496.77
Indrapuri,4,3,1608,Unfurnished,1-5 years,77.55,65113.92
Chuna Bhatti,4,3,1835,Semi Furnished,New,78.9,92490.68
Bairagarh,1,1,416,Fully Furnished,1-5 years,22.46,19765.29
Narela,2,2,1075,Fully Furnished,New,43.62,50727.58
Anand nagar,3,3,1250,Unfurnished,1-5 years,54.04,54914.71
MP Nagar,1,1,526,Fully Furnished,10+ years,25.18,20231.88
Shyamla Hills,1,1,578,Semi Furnished,5-10 years,36.5,36457.11
Govindpura,4,3,1625,Unfurnished,New,104.71,113098.64
Govindpura,1,1,729,Semi Furnished,10+ years,37.02,40775.49
Chuna Bhatti,4,3,1834,Semi Furnished,10+ years,75.44,67178.68
Kolar Road,1,1,768,Semi Furnished,New,33.66,33400.11
ibrahimpura,5,4,2612,Fully Furnished,10+ years,138.04,146225.44
Shanti Nagar,2,2,1139,Semi Furnished,New,75.08,70103.5
Karond,2,2,931,Semi Furnished,5-10 years,37.73,35281.92
Nizamuddin colony,2,2,863,Semi Furnished,1-5 years,58.35,64354.89
chuna bhatti,4,3,1400,Fully Furnished,1-5 years,79.41,91738.54
Service road,2,2,716,Fully Furnished,1-5 years,36.85,33694.53
VIP road,4,3,1688,Fully Furnished,New,107.69,123454.31
Kolar hills,4,3,2143,Unfurnished,10+ years,109.28,106679.04
Kamla Nagar,1,1,727,Semi Furnished,5-10 years,45.29,49906.79
Tajul masjid,1,1,764,Fully Furnished,1-5 years,42.51,47196.47
Vikas Nagar,2,2,998,Semi Furnished,1-5 years,53.68,57245.46
Kolar Road,4,3,2128,Semi Furnished,10+ years,142.96,164922.81
Piplani,5,4,2769,Fully Furnished,10+ years,152.38,130142.51
ibrahimpura,3,3,1561,Semi Furnished,10+ years,80.32,72974.88
Shyamla Hills,1,1,516,Unfurnished,1-5 years,24.44,21167.09
Ayodhya bypass,5,4,2338,Unfurnished,5-10 years,130.13,125934.26
Vijay nagar,2,2,1101,Semi Furnished,New,57.82,50328.15
Habibganj,3,3,1188,Unfurnished,10+ years,57.84,59762.99
Misrod,4,3,2124,Semi Furnished,New,141.4,124550.19
VIP road,3,3,1348,Semi Furnished,5-10 years,88.64,71450.03
Roshanpura,2,2,1011,Unfurnished,10+ years,53.76,59786.38
Kolar Road,3,3,1563,Unfurnished,5-10 years,97.29,80299.28
Lalghati,1,1,709,Fully Furnished,New,39.72,43038.0
Prabhat petrol pump,3,3,1551,Unfurnished,New,97.29,95776.22
Service road,1,1,582,Semi Furnished,New,24.23,26016.77
jahangirabad,2,2,870,Fully Furnished,10+ years,44.83,46693.31
Minal,1,1,529,Semi Furnished,10+ years,24.1,25426.1
Hoshangabad Road,4,3,2156,Unfurnished,1-5 years,138.81,146233.77
MP Nagar,1,1,435,Semi Furnished,10+ years,20.48,23767.44
chuna bhatti,4,3,2026,Semi Furnished,5-10 years,101.77,107337.91
jahangirabad,4,3,1431,Fully Furnished,New,65.21,61286.95
Saket nagar,5,4,2450,Semi Furnished,New,153.59,145424.62
Indrapuri,5,4,2332,Semi Furnished,1-5 years,151.65,148272.01
Ratnagiri,4,3,1717,Semi Furnished,10+ years,95.83,92244.78
Nizamuddin colony,5,4,2257,Fully Furnished,1-5 years,130.22,106079.22
Ratnagiri,5,4,2743,Semi Furnished,10+ years,139.66,149473.73
Roshanpura,1,1,685,Semi Furnished,10+ years,27.82,23513.12
Ashoka garden,5,4,2087,Unfurnished,New,102.41,107619.14
VIP road,5,4,2656,Fully Furnished,1-5 years,150.5,136772.85
Shivaji Nagar,5,4,2421,Semi Furnished,10+ years,142.74,131092.57
Ratnagiri,4,3,1457,Fully Furnished,1-5 years,88.46,72263.17
ibrahimpura,1,1,780,Fully Furnished,New,33.19,36978.09
Ratnagiri,4,3,2116,Fully Furnished,5-10 years,125.69,146499.24
Bittan Market,4,3,2137,Unfurnished,New,121.34,121977.07
VIP road,3,3,1069,Fully Furnished,10+ years,62.68,70019.09
Chuna Bhatti,2,2,1017,Semi Furnished,10+ years,70.11,64050.98
Barkheda,1,1,677,Unfurnished,10+ years,35.05,30056.47
sultaniya road,2,2,1155,Semi Furnished,1-5 years,74.2,66373.39
Arjun Nagar,4,3,1943,Fully Furnished,10+ years,124.9,115581.92
Prabhat petrol pump,5,4,2175,Unfurnished,10+ years,146.0,162358.66
Kolar Road,4,3,1414,Fully Furnished,1-5 years,82.1,72135.24
Ayodhya bypass,5,4,2166,Semi Furnished,10+ years,116.01,119011.08
Bawadiya Kalan,3,3,1317,Fully Furnished,1-5 years,58.52,54930.96
Govindpura,3,3,1370,Unfurnished,New,60.2,62271.43
Avadhpuri,1,1,513,Unfurnished,1-5 years,34.0,32439.68
Arjun Nagar,5,4,2423,Fully Furnished,New,98.54,101601.28
char Imli,2,2,922,Semi Furnished,5-10 years,37.42,31635.54
Nizamuddin colony,4,3,1763,Semi Furnished,1-5 years,107.12,101728.3
Kolar Road,1,1,699,Unfurnished,10+ years,42.41,50873.35
Lalghati,4,3,1566,Fully Furnished,10+ years,95.0,111838.9
ibrahimpura,3,3,1340,Fully Furnished,1-5 years,56.26,54428.73
Karond,3,3,1332,Semi Furnished,5-10 years,92.66,98701.36
Ayodhya nagar,1,1,653,Unfurnished,5-10 years,38.95,43282.82
Misrod,2,2,802,Unfurnished,5-10 years,45.66,52528.46
Roshanpura,4,3,1823,Semi Furnished,1-5 years,92.99,111474.34
Habibganj,5,4,2266,Unfurnished,5-10 years,93.99,101077.54
jahangirabad,1,1,612,Unfurnished,New,38.68,40809.18
Ashoka garden,5,4,2528,Unfurnished,1-5 years,113.21,124676.01
Arera Colony,1,1,733,Unfurnished,5-10 years,49.35,46945.61
kohefiza,5,4,2628,Semi Furnished,New,178.03,170721.54
Prabhat petrol pump,3,3,1121,Unfurnished,10+ years,55.08,54514.21
Sonagiri,3,3,1468,Unfurnished,New,92.7,81069.07
Kolar Road,2,2,1076,Semi Furnished,1-5 years,50.83,44980.92
Avadhpuri,5,4,2065,Unfurnished,5-10 years,107.12,103583.59
MP Nagar,4,3,1787,Semi Furnished,5-10 years,98.34,95092.72
Nizamuddin colony,2,2,955,Semi Furnished,New,43.11,34535.78
Ashoka garden,2,2,1072,Semi Furnished,10+ years,66.91,64071.25
Avadhpuri,5,4,2279,Fully Furnished,1-5 years,121.01,127581.14
Piplani,2,2,860,Fully Furnished,New,53.23,44095.1
Roshanpura,4,3,1828,Unfurnished,New,95.14,112423.36
Lalghati,2,2,886,Unfurnished,New,49.64,56635.83
Bairagarh,3,3,1258,Semi Furnished,New,53.91,54761.68
Misrod,1,1,792,Fully Furnished,10+ years,50.69,47391.83
Narela,1,1,792,Semi Furnished,New,45.89,36855.11
Barkheda,2,2,763,Fully Furnished,New,35.02,33707.51
Barkheda,4,3,1511,Semi Furnished,5-10 years,73.11,76761.51
Arera Colony,3,3,1099,Unfurnished,New,69.26,64669.76
Avadhpuri,2,2,1175,Semi Furnished,New,75.29,83117.58
Gulmohar,5,4,2268,Semi Furnished,1-5 years,140.28,133416.19
MP Nagar,4,3,2162,Semi Furnished,10+ years,143.61,163018.3
Gulmohar,4,3,1958,Unfurnished,New,124.77,108966.09
Misrod,4,3,1908,Fully Furnished,1-5 years,103.94,116561.84
Saket nagar,3,3,1173,Semi Furnished,1-5 years,53.87,53782.52
Bawadiya Kalan,5,4,2199,Fully Furnished,New,153.55,173262.03
Minal,5,4,2390,Semi Furnished,10+ years,104.89,106566.87
Barkheda,5,4,2979,Semi Furnished,10+ years,155.86,136977.77
Narela,1,1,609,Fully Furnished,5-10 years,30.67,31208.04
Ayodhya nagar,5,4,2532,Semi Furnished,New,105.2,122600.32
Avadhpuri,5,4,2462,Unfurnished,10+ years,116.31,124244.67
Habibganj,3,3,1363,Fully Furnished,10+ years,83.29,75447.6
Kamla Nagar,3,3,1019,Semi Furnished,1-5 years,51.06,51540.16
Habibganj,2,2,1059,Semi Furnished,New,46.6,54158.93
Ratnagiri,4,3,1558,Fully Furnished,New,68.29,54875.32
Shivaji Nagar,3,3,1223,Semi Furnished,10+ years,57.13,53526.07
Misrod,3,3,1214,Unfurnished,10+ years,74.77,70868.33
Piplani,3,3,1434,Unfurnished,1-5 years,72.2,76600.1
Kolar hills,4,3,1764,Semi Furnished,1-5 years,74.51,81924.76
Shyamla Hills,5,4,2621,Semi Furnished,10+ years,117.15,136713.19
Shivaji Nagar,3,3,1430,Unfurnished,10+ years,70.41,73442.63
eidgah hills,2,2,740,Unfurnished,5-10 years,34.0,29659.15
Service road,2,2,933,Fully Furnished,5-10 years,45.62,47997.62
Minal,4,3,2161,Semi Furnished,10+ years,106.62,116910.21
Kolar Road,2,2,1019,Semi Furnished,5-10 years,67.02,66052.82
Karond,5,4,2938,Fully Furnished,1-5 years,157.41,185076.29
eidgah hills,2,2,1181,Semi Furnished,10+ years,57.62,46327.88
Minal,3,3,1039,Semi Furnished,10+ years,62.53,69257.34
Roshanpura,4,3,1489,Semi Furnished,1-5 years,75.77,76490.24
char Imli,3,3,1383,Semi Furnished,New,95.22,91728.53
Narela,5,4,2805,Fully Furnished,5-10 years,154.42,127350.01
Roshanpura,3,3,1446,Unfurnished,1-5 years,75.34,63368.63
Service road,5,4,2152,Unfurnished,1-5 years,97.94,97989.1
Nizamuddin colony,3,3,1030,Semi Furnished,5-10 years,61.0,60074.64
chuna bhatti,2,2,1021,Semi Furnished,1-5 years,50.92,53223.38
Saket nagar,2,2,1068,Unfurnished,1-5 years,50.56,44480.71
Anand nagar,2,2,1099,Semi Furnished,New,69.28,79085.67
Barkheda,5,4,2895,Fully Furnished,5-10 years,120.91,100961.91
sultaniya road,4,3,2018,Unfurnished,10+ years,110.48,111897.42
MP Nagar,1,1,793,Unfurnished,5-10 years,46.02,44417.9
Gulmohar,4,3,1546,Semi Furnished,New,85.95,88480.52
VIP road,5,4,2286,Fully Furnished,10+ years,138.21,110666.09
Kolar hills,1,1,499,Fully Furnished,New,31.71,37382.4
MP Nagar,1,1,746,Unfurnished,New,30.22,28214.36
Ayodhya bypass,2,2,844,Fully Furnished,10+ years,55.22,56932.14
Prabhat petrol pump,1,1,725,Semi Furnished,5-10 years,48.49,41859.14
Shivaji Nagar,2,2,1168,Unfurnished,1-5 years,78.28,86601.97
New market,2,2,850,Unfurnished,New,41.43,40167.15
chuna bhatti,1,1,522,Semi Furnished,New,36.33,41335.15
Gandhi nagar,2,2,1116,Unfurnished,10+ years,76.77,88790.69
Misrod,3,3,1310,Fully Furnished,1-5 years,73.25,72289.94
Ratnagiri,3,3,1039,Fully Furnished,10+ years,50.67,43376.7
Anand nagar,5,4,2433,Semi Furnished,5-10 years,118.12,104881.56
MP Nagar,4,3,1680,Unfurnished,1-5 years,110.42,94895.59
Narela,3,3,1031,Semi Furnished,1-5 years,59.56,57955.87
Saket nagar,2,2,886,Fully Furnished,New,39.07,33966.12
Vijay nagar,5,4,2279,Fully Furnished,5-10 years,108.79,108945.48
char Imli,3,3,1587,Unfurnished,1-5 years,102.23,96906.45
char Imli,1,1,702,Unfurnished,New,43.08,50484.33
Tajul masjid,5,4,2836,Unfurnished,5-10 years,143.56,157124.28
Ratnagiri,1,1,629,Fully Furnished,1-5 years,39.02,41466.02
Govindpura,4,3,1525,Fully Furnished,10+ years,68.44,71170.48
Gulmohar,5,4,2824,Semi Furnished,1-5 years,186.44,165087.07
Ayodhya bypass,1,1,729,Fully Furnished,1-5 years,30.59,32792.89
Minal,1,1,721,Unfurnished,5-10 years,47.16,38776.08
Arjun Nagar,3,3,1026,Fully Furnished,New,71.59,77034.39
Karond,2,2,884,Fully Furnished,New,52.89,56843.44
Bawadiya Kalan,3,3,1145,Unfurnished,10+ years,67.91,62179.78
Arjun Nagar,1,1,424,Semi Furnished,1-5 years,19.82,19271.98
Avadhpuri,1,1,431,Unfurnished,New,22.51,23184.07
Ayodhya bypass,3,3,1502,Unfurnished,1-5 years,84.35,74831.98
Gandhi nagar,4,3,1641,Unfurnished,10+ years,106.24,125729.58
chuna bhatti,2,2,743,Unfurnished,New,46.82,37954.19
Karond,1,1,696,Unfurnished,New,30.97,31392.78
Service road,1,1,540,Unfurnished,10+ years,25.0,21271.87
Arera Colony,1,1,556,Semi Furnished,1-5 years,26.81,24009.06
Habibganj,5,4,2994,Semi Furnished,1-5 years,158.39,159290.13
kohefiza,2,2,1009,Unfurnished,5-10 years,55.98,45976.99
Lalghati,4,3,1453,Unfurnished,5-10 years,60.13,62581.64
ibrahimpura,2,2,993,Unfurnished,1-5 years,44.72,50574.65
Saket nagar,2,2,841,Unfurnished,1-5 years,42.65,50058.2
Gulmohar,1,1,638,Fully Furnished,1-5 years,39.6,47023.22
VIP road,1,1,584,Semi Furnished,5-10 years,29.78,28079.79
Anand nagar,4,3,1999,Unfurnished,5-10 years,136.53,123104.07
sultaniya road,3,3,1225,Fully Furnished,New,75.98,74078.0
Bawadiya Kalan,1,1,722,Unfurnished,New,46.34,43626.23
Gandhi nagar,3,3,1031,Unfurnished,5-10 years,64.25,69207.2
Kolar hills,2,2,1067,Semi Furnished,1-5 years,58.6,64225.47
Bittan Market,5,4,2972,Semi Furnished,New,135.72,133268.1
Kamla Nagar,3,3,1102,Fully Furnished,5-10 years,61.42,62882.3
Lalghati,4,3,1904,Fully Furnished,10+ years,128.01,148727.1
Gandhi nagar,2,2,997,Semi Furnished,New,44.47,36211.78
Bawadiya Kalan,1,1,468,Semi Furnished,New,31.64,26389.21
Service road,4,3,1707,Semi Furnished,5-10 years,71.46,74168.42
char Imli,2,2,1158,Fully Furnished,1-5 years,67.98,78728.2
Ashoka garden,5,4,2625,Fully Furnished,New,110.06,100613.61
Bairagarh,1,1,669,Fully Furnished,10+ years,33.66,31381.43
chuna bhatti,2,2,795,Semi Furnished,10+ years,44.47,38221.96
Tajul masjid,4,3,1657,Fully Furnished,1-5 years,104.41,124411.37
Kamla Nagar,3,3,1369,Semi Furnished,New,79.28,93028.01
Bittan Market,5,4,2215,Unfurnished,5-10 years,113.15,133100.37
MP Nagar,2,2,1088,Fully Furnished,10+ years,74.62,60672.02
Ayodhya nagar,1,1,739,Semi Furnished,New,33.61,31595.71
Ashoka garden,2,2,1072,Unfurnished,5-10 years,43.77,40758.46
Arjun Nagar,3,3,1035,Semi Furnished,New,62.58,63667.26
Kolar Road,2,2,978,Semi Furnished,1-5 years,64.75,68148.57
Shivaji Nagar,3,3,1573,Semi Furnished,5-10 years,78.55,70422.25
Kolar Road,2,2,895,Semi Furnished,5-10 years,40.04,34185.62
Tajul masjid,2,2,910,Unfurnished,New,60.1,68410.19
Anand nagar,3,3,1599,Fully Furnished,10+ years,65.22,71518.24
Shyamla Hills,5,4,2380,Unfurnished,5-10 years,135.79,154486.96
char Imli,4,3,1702,Fully Furnished,1-5 years,91.33,98256.45
Bawadiya Kalan,1,1,743,Semi Furnished,1-5 years,35.21,39326.32
VIP road,1,1,672,Semi Furnished,New,32.51,26851.53
Kolar Road,2,2,711,Semi Furnished,New,40.43,37959.58
Shyamla Hills,5,4,2549,Fully Furnished,New,176.58,198370.76
Tajul masjid,1,1,679,Unfurnished,5-10 years,37.27,30330.49
chuna bhatti,2,2,873,Semi Furnished,5-10 years,40.64,34062.85
Karond,2,2,754,Unfurnished,5-10 years,49.61,40694.19
Shivaji Nagar,3,3,1420,Unfurnished,New,68.68,59459.9
Chuna Bhatti,4,3,1767,Unfurnished,1-5 years,108.29,98580.29
Ashoka garden,5,4,2548,Fully Furnished,1-5 years,108.62,103977.57
Nizamuddin colony,1,1,695,Semi Furnished,5-10 years,45.95,46361.62
Shyamla Hills,3,3,1490,Fully Furnished,New,84.94,91003.39
jahangirabad,5,4,2468,Fully Furnished,1-5 years,165.08,167668.88
Lalghati,3,3,1038,Semi Furnished,1-5 years,60.66,69017.86
Hoshangabad Road,2,2,936,Semi Furnished,10+ years,49.07,52795.77
Gulmohar,1,1,670,Fully Furnished,10+ years,27.27,25535.79
Shyamla Hills,5,4,2758,Unfurnished,1-5 years,118.5,140358.84
Anand nagar,2,2,1069,Fully Furnished,New,43.78,35144.05
Vijay nagar,5,4,2761,Fully Furnished,1-5 years,171.66,204587.03
Saket nagar,1,1,729,Unfurnished,1-5 years,36.27,29022.89
Ratnagiri,1,1,453,Semi Furnished,1-5 years,30.76,32877.19
Shivaji Nagar,3,3,1210,Semi Furnished,5-10 years,67.75,57524.75
Shanti Nagar,4,3,1759,Unfurnished,1-5 years,115.63,115844.04
Shyamla Hills,1,1,512,Semi Furnished,1-5 years,23.69,23405.75
Shanti Nagar,2,2,724,Fully Furnished,10+ years,41.96,37313.19
Vijay nagar,4,3,1779,Fully Furnished,New,104.41,101726.24
kohefiza,5,4,2187,Semi Furnished,10+ years,120.62,111472.33
Barkheda,5,4,2159,Semi Furnished,5-10 years,106.35,107992.77
Misrod,2,2,858,Unfurnished,1-5 years,36.57,33519.98
kohefiza,2,2,1048,Fully Furnished,1-5 years,69.96,78229.02
Bawadiya Kalan,5,4,2482,Semi Furnished,5-10 years,147.5,149114.39
Shyamla Hills,2,2,1086,Semi Furnished,5-10 years,56.05,55207.14
Narela,1,1,420,Semi Furnished,10+ years,25.89,22182.59
Vikas Nagar,1,1,710,Unfurnished,New,45.19,45915.99
Gandhi nagar,4,3,1481,Unfurnished,10+ years,101.6,107978.74
jahangirabad,4,3,1755,Unfurnished,1-5 years,116.64,116202.37
VIP road,4,3,2003,Semi Furnished,10+ years,80.67,77759.69
Piplani,5,4,2607,Unfurnished,10+ years,162.17,176113.07
Vikas Nagar,3,3,1322,Fully Furnished,5-10 years,81.62,65998.6
Ratnagiri,4,3,1520,Semi Furnished,1-5 years,92.8,103987.33
Hoshangabad Road,4,3,1666,Fully Furnished,5-10 years,100.19,82260.87
Lalghati,5,4,2244,Unfurnished,5-10 years,121.24,130564.46
Gandhi nagar,4,3,2044,Semi Furnished,1-5 years,120.41,125607.65
Arera Colony,5,4,2424,Unfurnished,New,152.2,144764.89
Indrapuri,3,3,1196,Unfurnished,5-10 years,70.54,56674.95
Kamla Nagar,3,3,1258,Unfurnished,New,74.08,85477.52
Shivaji Nagar,2,2,1006,Semi Furnished,New,56.25,52808.47
VIP road,5,4,2586,Fully Furnished,New,166.8,164217.8
sultaniya road,1,1,410,Semi Furnished,New,21.2,21902.97
Tajul masjid,4,3,1983,Semi Furnished,10+ years,104.16,117034.49
Ashoka garden,3,3,1020,Semi Furnished,10+ years,60.28,57018.35
Vikas Nagar,5,4,2755,Semi Furnished,1-5 years,188.3,202350.41
Anand nagar,3,3,1067,Unfurnished,5-10 years,47.37,44764.72
Ayodhya bypass,2,2,1057,Unfurnished,New,55.1,60773.7
Barkheda,3,3,1359,Unfurnished,New,92.55,89420.9
Kolar Road,5,4,2913,Fully Furnished,1-5 years,164.99,155789.56
Kolar Road,2,2,1015,Semi Furnished,5-10 years,52.84,49487.65
ibrahimpura,2,2,905,Semi Furnished,1-5 years,37.94,35063.34
Indrapuri,4,3,1429,Semi Furnished,1-5 years,61.82,55107.4
Ratnagiri,4,3,1766,Unfurnished,1-5 years,112.06,126515.15
Arjun Nagar,1,1,469,Unfurnished,1-5 years,27.74,24326.72
Ayodhya nagar,4,3,1447,Fully Furnished,5-10 years,92.36,77739.32
Arera Colony,1,1,612,Fully Furnished,10+ years,40.94,44981.29
MP Nagar,3,3,1301,Semi Furnished,1-5 years,57.75,53743.96
ibrahimpura,5,4,2611,Semi Furnished,New,166.46,190469.97
Nizamuddin colony,5,4,2422,Fully Furnished,10+ years,162.77,143108.53
Kamla Nagar,3,3,1143,Semi Furnished,5-10 years,53.01,52774.57
Tajul masjid,5,4,2283,Unfurnished,New,143.98,116709.66
ibrahimpura,4,3,1455,Fully Furnished,10+ years,83.52,93038.73
Kamla Nagar,5,4,2969,Unfurnished,10+ years,149.85,148987.35
char Imli,1,1,514,Fully Furnished,5-10 years,28.89,32244.79
char Imli,1,1,743,Semi Furnished,1-5 years,47.38,51087.01
Saket nagar,4,3,1871,Fully Furnished,10+ years,106.71,115689.82
sultaniya road,2,2,843,Unfurnished,1-5 years,34.31,39629.07
kohefiza,3,3,1572,Fully Furnished,5-10 years,109.75,103095.61
Chuna Bhatti,1,1,648,Unfurnished,10+ years,27.52,30711.5
Govindpura,4,3,1599,Unfurnished,New,69.57,69221.1
Saket nagar,1,1,751,Unfurnished,New,40.4,46858.43
Arjun Nagar,4,3,1616,Unfurnished,10+ years,78.82,92674.8
Service road,4,3,1691,Unfurnished,10+ years,91.15,97675.2
Indrapuri,3,3,1216,Unfurnished,10+ years,72.87,86749.94
Kolar hills,3,3,1481,Unfurnished,1-5 years,82.06,82896.74
sultaniya road,1,1,737,Semi Furnished,10+ years,49.77,40097.27
Roshanpura,2,2,1020,Fully Furnished,1-5 years,41.49,47247.7
Kolar hills,2,2,1043,Semi Furnished,5-10 years,53.82,58731.36
Minal,4,3,2183,Unfurnished,10+ years,97.58,101823.24
Kolar Road,2,2,1036,Unfurnished,New,64.74,68823.82
Kolar Road,1,1,557,Unfurnished,10+ years,28.87,30745.76
Service road,3,3,1053,Unfurnished,10+ years,45.2,40767.99
Bairagarh,5,4,2103,Semi Furnished,10+ years,139.9,118624.65
Kolar hills,4,3,1848,Fully Furnished,5-10 years,114.58,120773.08
char Imli,1,1,467,Unfurnished,5-10 years,30.77,29215.74
Service road,2,2,813,Unfurnished,5-10 years,34.12,37856.62
Anand nagar,5,4,2092,Semi Furnished,10+ years,134.28,141486.65
Kolar Road,3,3,1430,Semi Furnished,New,98.8,97468.99
Ayodhya bypass,2,2,993,Fully Furnished,1-5 years,49.75,51338.61
Minal,3,3,1318,Unfurnished,1-5 years,78.35,92782.43
char Imli,3,3,1226,Unfurnished,New,50.31,51358.07
Karond,4,3,2187,Semi Furnished,5-10 years,132.23,142239.41
Indrapuri,3,3,1138,Fully Furnished,10+ years,56.9,61879.92
Kolar hills,4,3,2087,Fully Furnished,5-10 years,123.23,121824.71
Shanti Nagar,2,2,712,Unfurnished,New,38.36,35981.11
Ayodhya bypass,1,1,720,Unfurnished,10+ years,36.22,41234.52
Kolar Road,5,4,2201,Unfurnished,5-10 years,97.91,95261.52
kohefiza,1,1,610,Fully Furnished,5-10 years,28.69,28415.71
sultaniya road,5,4,2785,Fully Furnished,5-10 years,141.83,168306.62
Karond,3,3,1416,Unfurnished,1-5 years,60.31,59995.08
Anand nagar,4,3,2092,Fully Furnished,5-10 years,119.63,140365.0
Vijay nagar,1,1,708,Semi Furnished,New,36.9,44224.02
sultaniya road,3,3,1538,Semi Furnished,5-10 years,97.21,100082.81
Saket nagar,1,1,439,Fully Furnished,New,18.83,19171.27
Nizamuddin colony,3,3,1555,Unfurnished,New,73.2,61471.75
Bawadiya Kalan,3,3,1328,Fully Furnished,10+ years,53.7,60769.99
Kolar hills,2,2,724,Fully Furnished,10+ years,42.85,39316.45
Nizamuddin colony,2,2,1174,Semi Furnished,10+ years,76.35,88908.95
New market,1,1,678,Unfurnished,New,41.48,48871.74
Misrod,1,1,473,Fully Furnished,New,27.57,31297.31
Hoshangabad Road,1,1,797,Unfurnished,5-10 years,47.29,47083.26
Kolar hills,1,1,452,Semi Furnished,10+ years,29.68,30862.22
MP Nagar,3,3,1597,Unfurnished,5-10 years,87.12,82537.69
Ayodhya bypass,1,1,607,Fully Furnished,1-5 years,39.73,32010.25
MP Nagar,1,1,680,Unfurnished,10+ years,27.77,27467.86
sultaniya road,4,3,1611,Semi Furnished,5-10 years,68.19,55794.29
Ayodhya bypass,4,3,1957,Unfurnished,New,89.37,87157.19
MP Nagar,1,1,716,Fully Furnished,New,38.04,39423.62
Tajul masjid,1,1,573,Semi Furnished,1-5 years,37.35,44440.08
kohefiza,3,3,1531,Unfurnished,New,87.74,86401.81
Bawadiya Kalan,4,3,1925,Fully Furnished,5-10 years,132.29,108128.72
Barkheda,1,1,749,Semi Furnished,10+ years,41.4,46018.46
Saket nagar,4,3,2188,Unfurnished,New,99.34,85051.97
sultaniya road,4,3,1970,Unfurnished,New,125.22,114323.75
Bittan Market,1,1,788,Semi Furnished,10+ years,38.6,41082.81
Karond,4,3,1740,Fully Furnished,10+ years,107.58,111445.19
Kamla Nagar,2,2,1125,Semi Furnished,5-10 years,76.25,68956.55
Karond,2,2,931,Fully Furnished,10+ years,64.69,57885.41
Lalghati,5,4,2162,Unfurnished,10+ years,132.92,147584.08
Tajul masjid,3,3,1234,Unfurnished,New,78.32,84902.87
Saket nagar,4,3,2163,Unfurnished,10+ years,129.82,150701.28
Narela,2,2,863,Fully Furnished,New,41.96,43693.67
Arjun Nagar,2,2,1152,Unfurnished,10+ years,48.99,45614.29
Anand nagar,5,4,2442,Unfurnished,New,139.68,139942.03
Anand nagar,5,4,2076,Semi Furnished,New,126.46,113152.43
Bittan Market,4,3,1495,Unfurnished,New,78.34,85307.96
Nizamuddin colony,4,3,1594,Unfurnished,5-10 years,68.19,55656.4
Nizamuddin colony,1,1,450,Semi Furnished,5-10 years,29.92,33522.98
Ayodhya nagar,2,2,734,Semi Furnished,5-10 years,41.18,35946.38
Avadhpuri,2,2,1012,Semi Furnished,5-10 years,53.61,46117.49
MP Nagar,2,2,777,Fully Furnished,New,35.63,39764.77
eidgah hills,1,1,528,Fully Furnished,1-5 years,27.63,31412.01
Indrapuri,3,3,1551,Semi Furnished,1-5 years,63.92,72383.13
Bittan Market,5,4,2456,Semi Furnished,New,149.45,164979.92
Piplani,3,3,1077,Semi Furnished,New,46.09,44411.97
Bairagarh,5,4,2753,Fully Furnished,New,153.31,131757.52
Kamla Nagar,5,4,2621,Unfurnished,10+ years,173.19,161157.03
Shyamla Hills,1,1,548,Fully Furnished,1-5 years,36.75,36168.98
jahangirabad,1,1,800,Unfurnished,5-10 years,33.01,38825.17
Kolar Road,3,3,1358,Semi Furnished,1-5 years,77.62,80746.66
Bawadiya Kalan,3,3,1390,Fully Furnished,1-5 years,91.41,102336.08
Avadhpuri,5,4,2925,Fully Furnished,1-5 years,138.21,130855.05
Ayodhya bypass,4,3,1829,Semi Furnished,New,113.2,95724.31
Shyamla Hills,4,3,2189,Fully Furnished,New,105.96,103764.81
Kolar hills,4,3,1452,Semi Furnished,1-5 years,72.39,63799.47
Shyamla Hills,3,3,1350,Unfurnished,1-5 years,87.65,95669.5
Karond,3,3,1593,Fully Furnished,New,83.36,66779.56
Shivaji Nagar,4,3,1421,Unfurnished,New,81.79,92645.6
Govindpura,5,4,2205,Unfurnished,1-5 years,103.46,122706.23
Kolar hills,4,3,1865,Semi Furnished,New,104.85,94596.08
New market,1,1,566,Unfurnished,New,29.94,34681.57
VIP road,4,3,1430,Semi Furnished,5-10 years,77.93,63444.64
Hoshangabad Road,2,2,754,Fully Furnished,New,52.32,51243.23
Shanti Nagar,1,1,528,Unfurnished,10+ years,34.25,37367.66
Ashoka garden,4,3,2158,Unfurnished,1-5 years,87.12,93881.62
Hoshangabad Road,2,2,700,Unfurnished,10+ years,36.69,36854.63
Anand nagar,2,2,1154,Fully Furnished,5-10 years,57.03,58146.52
Vijay nagar,2,2,989,Unfurnished,10+ years,54.16,45869.04
Misrod,4,3,1505,Semi Furnished,10+ years,78.69,90091.7
Shivaji Nagar,1,1,690,Unfurnished,10+ years,37.89,35965.71
Piplani,2,2,775,Unfurnished,10+ years,53.75,45162.3
Vikas Nagar,5,4,2749,Unfurnished,New,162.05,138942.28
Gandhi nagar,3,3,1218,Semi Furnished,5-10 years,76.83,89571.11
Saket nagar,1,1,427,Unfurnished,New,26.32,29579.17
Hoshangabad Road,5,4,2593,Fully Furnished,5-10 years,117.1,131157.37
Govindpura,3,3,1492,Unfurnished,1-5 years,81.55,88595.13
Narela,1,1,484,Unfurnished,1-5 years,33.09,32386.44
Habibganj,1,1,701,Unfurnished,5-10 years,39.59,38702.54
MP Nagar,2,2,793,Unfurnished,1-5 years,52.47,46506.3
Bittan Market,4,3,1901,Unfurnished,5-10 years,85.62,78858.06
Ayodhya bypass,3,3,1456,Semi Furnished,1-5 years,90.81,76987.4
Arera Colony,3,3,1016,Semi Furnished,New,44.79,41831.87
Shyamla Hills,2,2,947,Semi Furnished,New,52.42,58199.07
New market,5,4,2713,Semi Furnished,10+ years,174.04,201962.67
Ratnagiri,4,3,2071,Fully Furnished,1-5 years,109.59,107958.16
MP Nagar,3,3,1109,Fully Furnished,5-10 years,57.76,59695.16
Karond,4,3,1415,Semi Furnished,5-10 years,64.05,69467.95
Ayodhya bypass,1,1,482,Fully Furnished,5-10 years,23.62,24882.35
Ayodhya nagar,5,4,2152,Semi Furnished,5-10 years,103.65,99627.68
Shivaji Nagar,2,2,887,Fully Furnished,5-10 years,58.93,65369.47
Ayodhya nagar,2,2,911,Semi Furnished,New,54.72,54893.19
Arera Colony,1,1,791,Unfurnished,New,41.45,42238.39
Arera Colony,4,3,1575,Fully Furnished,5-10 years,92.94,89388.06
Bairagarh,1,1,596,Unfurnished,10+ years,24.18,25331.79
Minal,4,3,2168,Unfurnished,5-10 years,143.75,124788.18
Hoshangabad Road,5,4,2375,Unfurnished,1-5 years,129.37,129880.66
Ayodhya nagar,5,4,2610,Semi Furnished,New,180.73,146642.57
Arjun Nagar,1,1,782,Semi Furnished,New,54.57,46431.9
chuna bhatti,3,3,1303,Unfurnished,5-10 years,62.74,66287.19
Avadhpuri,4,3,1643,Fully Furnished,1-5 years,110.41,130328.1
Anand nagar,4,3,1820,Unfurnished,New,111.3,104589.81
jahangirabad,1,1,566,Fully Furnished,10+ years,25.22,28752.88
Sonagiri,3,3,1217,Fully Furnished,5-10 years,54.08,52087.25
Ayodhya bypass,1,1,745,Unfurnished,New,45.85,37994.42
Service road,3,3,1339,Semi Furnished,New,87.33,97659.33
Shyamla Hills,2,2,752,Unfurnished,5-10 years,50.03,50698.0
Gandhi nagar,4,3,2072,Fully Furnished,New,85.38,88623.94
Indrapuri,2,2,853,Fully Furnished,10+ years,53.99,61170.95
Ratnagiri,2,2,1181,Fully Furnished,5-10 years,69.11,58788.16
Habibganj,5,4,2159,Unfurnished,5-10 years,87.73,80314.87
Piplani,2,2,845,Unfurnished,1-5 years,57.03,46236.31
Nizamuddin colony,3,3,1050,Semi Furnished,1-5 years,65.33,54155.03
Hoshangabad Road,2,2,748,Unfurnished,1-5 years,37.46,41084.74
Chuna Bhatti,5,4,2426,Fully Furnished,New,147.47,143991.18
Service road,4,3,2148,Unfurnished,New,105.59,109344.24
Hoshangabad Road,1,1,461,Semi Furnished,New,28.6,23626.14
Ayodhya nagar,3,3,1200,Unfurnished,10+ years,62.5,51490.87
Service road,5,4,2844,Unfurnished,New,126.98,139516.27
ibrahimpura,4,3,1803,Fully Furnished,1-5 years,81.28,68311.58
Saket nagar,2,2,997,Semi Furnished,10+ years,41.47,37826.86
Govindpura,1,1,416,Unfurnished,New,22.13,20163.1
Piplani,3,3,1484,Unfurnished,1-5 years,71.14,64819.55
Bawadiya Kalan,2,2,723,Fully Furnished,New,43.57,42063.66
Bittan Market,4,3,1960,Semi Furnished,10+ years,123.54,124388.56
Minal,5,4,2190,Semi Furnished,1-5 years,134.66,112527.29
Piplani,4,3,2048,Semi Furnished,10+ years,119.29,118606.42
Gulmohar,4,3,1555,Semi Furnished,5-10 years,75.06,76662.51
Hoshangabad Road,1,1,757,Semi Furnished,1-5 years,42.0,34545.25
Ashoka garden,3,3,1467,Fully Furnished,New,61.85,55473.02
Sonagiri,4,3,1701,Semi Furnished,1-5 years,70.71,59722.01
Kolar Road,2,2,715,Semi Furnished,10+ years,48.08,48819.35
Hoshangabad Road,1,1,599,Unfurnished,New,31.12,35833.04
Minal,3,3,1234,Fully Furnished,10+ years,60.95,56532.5
Vijay nagar,2,2,1199,Unfurnished,5-10 years,54.93,46966.36
Ayodhya bypass,1,1,494,Unfurnished,5-10 years,31.56,27897.51
Minal,1,1,671,Unfurnished,5-10 years,43.53,37724.75
Vijay nagar,4,3,1891,Unfurnished,10+ years,104.13,87390.81
Indrapuri,3,3,1367,Fully Furnished,10+ years,91.45,81883.81
Kolar hills,2,2,1038,Fully Furnished,10+ years,56.12,63554.47
Kamla Nagar,5,4,2087,Semi Furnished,1-5 years,124.9,106083.36
ibrahimpura,2,2,925,Fully Furnished,10+ years,56.18,64135.49
Vikas Nagar,5,4,2352,Fully Furnished,New,122.44,110743.62
jahangirabad,4,3,1636,Fully Furnished,1-5 years,95.31,87587.63
Kolar hills,1,1,615,Unfurnished,1-5 years,25.01,29857.78
Shivaji Nagar,2,2,1011,Fully Furnished,1-5 years,53.71,62681.91
chuna bhatti,4,3,1727,Fully Furnished,New,106.9,122351.82
Tajul masjid,1,1,590,Unfurnished,10+ years,37.36,43996.56
Ratnagiri,2,2,820,Semi Furnished,10+ years,38.03,33375.11
Bawadiya Kalan,1,1,538,Fully Furnished,10+ years,22.76,19559.71
VIP road,4,3,1793,Unfurnished,5-10 years,92.65,98940.25
Shivaji Nagar,5,4,2976,Fully Furnished,10+ years,167.93,157935.09
Indrapuri,2,2,1003,Fully Furnished,10+ years,50.65,53338.82
Ashoka garden,3,3,1419,Semi Furnished,New,90.32,93248.03
Kamla Nagar,2,2,1027,Fully Furnished,1-5 years,58.84,68008.97
eidgah hills,4,3,1610,Unfurnished,5-10 years,68.33,65976.22
Kolar Road,5,4,2633,Fully Furnished,New,147.65,138139.44
Ayodhya nagar,4,3,1724,Fully Furnished,5-10 years,114.31,108937.55
Anand nagar,5,4,2537,Semi Furnished,New,157.42,182687.74
sultaniya road,1,1,475,Fully Furnished,5-10 years,21.08,24047.57
Shivaji Nagar,5,4,2628,Unfurnished,1-5 years,162.23,161565.49
Minal,4,3,1855,Semi Furnished,1-5 years,101.59,103702.55
Nizamuddin colony,5,4,2365,Semi Furnished,5-10 years,153.73,157842.68
char Imli,3,3,1174,Semi Furnished,5-10 years,79.15,80807.56
Bittan Market,3,3,1466,Fully Furnished,1-5 years,80.89,65778.23
char Imli,5,4,2328,Fully Furnished,5-10 years,119.07,115128.48
Kolar Road,5,4,2781,Unfurnished,1-5 years,148.9,121497.99
Chuna Bhatti,3,3,1215,Semi Furnished,10+ years,79.79,82720.19
Saket nagar,2,2,1085,Semi Furnished,1-5 years,67.39,65796.02
kohefiza,2,2,725,Unfurnished,5-10 years,34.36,30442.65
Barkheda,2,2,1184,Fully Furnished,1-5 years,48.04,45964.72
Hoshangabad Road,1,1,532,Fully Furnished,1-5 years,35.6,29169.47
Kolar hills,5,4,2622,Semi Furnished,10+ years,156.53,158637.35
Sonagiri,1,1,737,Semi Furnished,1-5 years,50.81,59907.71
sultaniya road,5,4,2276,Unfurnished,10+ years,122.09,110307.29
sultaniya road,4,3,1975,Semi Furnished,1-5 years,123.43,142957.3
Govindpura,4,3,2154,Fully Furnished,1-5 years,110.19,107650.4
Vikas Nagar,2,2,1012,Semi Furnished,1-5 years,52.71,55409.9
Govindpura,2,2,1167,Semi Furnished,New,59.84,62394.66
MP Nagar,1,1,467,Unfurnished,1-5 years,32.29,35851.76
Bawadiya Kalan,5,4,2671,Semi Furnished,New,126.51,130332.34
Narela,5,4,2019,Semi Furnished,5-10 years,131.6,126100.89
ibrahimpura,2,2,721,Unfurnished,New,31.8,32462.43
Arera Colony,3,3,1344,Fully Furnished,10+ years,59.92,57616.93
Bittan Market,4,3,1698,Semi Furnished,10+ years,109.69,117855.62
Misrod,4,3,1656,Fully Furnished,10+ years,106.03,114618.5
char Imli,1,1,764,Unfurnished,5-10 years,47.83,48327.01
Gandhi nagar,4,3,2007,Fully Furnished,1-5 years,91.61,87090.07
Narela,4,3,1764,Fully Furnished,5-10 years,75.87,73177.49
Habibganj,1,1,560,Unfurnished,New,22.98,22614.29
Kolar Road,2,2,951,Semi Furnished,1-5 years,48.31,51445.03
Kolar hills,5,4,2991,Unfurnished,New,133.5,109376.35
Prabhat petrol pump,4,3,2106,Unfurnished,5-10 years,105.93,125195.81
Barkheda,3,3,1395,Semi Furnished,10+ years,65.21,68603.92
Nizamuddin colony,1,1,474,Fully Furnished,10+ years,30.99,30977.87
Sonagiri,5,4,2357,Semi Furnished,10+ years,123.19,135224.51
kohefiza,3,3,1263,Fully Furnished,5-10 years,67.01,70300.84
Chuna Bhatti,1,1,634,Unfurnished,1-5 years,29.79,29900.9
Vijay nagar,4,3,1759,Fully Furnished,New,87.98,97899.33
VIP road,2,2,1160,Fully Furnished,10+ years,55.14,63293.16
Prabhat petrol pump,1,1,481,Unfurnished,1-5 years,19.45,21352.12
Minal,1,1,771,Semi Furnished,10+ years,45.31,48371.47
Shivaji Nagar,1,1,426,Unfurnished,10+ years,20.09,21717.85
Shyamla Hills,3,3,1244,Semi Furnished,1-5 years,83.37,70043.51
Arjun Nagar,5,4,2158,Unfurnished,1-5 years,148.28,119817.93
Chuna Bhatti,5,4,2687,Semi Furnished,5-10 years,180.44,169538.94
Prabhat petrol pump,4,3,1558,Semi Furnished,5-10 years,106.53,99562.99
Piplani,4,3,1633,Unfurnished,New,93.02,95053.07
Hoshangabad Road,2,2,719,Semi Furnished,5-10 years,50.23,50016.23
Karond,3,3,1495,Fully Furnished,5-10 years,81.5,72640.3
eidgah hills,1,1,740,Unfurnished,New,31.07,36308.57
ibrahimpura,4,3,1634,Semi Furnished,New,87.35,77471.52
Prabhat petrol pump,5,4,2451,Semi Furnished,New,103.27,90421.02
Shanti Nagar,4,3,1522,Semi Furnished,5-10 years,92.99,93269.9
Sonagiri,3,3,1193,Unfurnished,1-5 years,59.03,50910.54
Roshanpura,1,1,655,Fully Furnished,1-5 years,38.04,30921.39
Indrapuri,5,4,2560,Semi Furnished,New,128.02,139077.12
Anand nagar,2,2,753,Fully Furnished,5-10 years,32.06,26134.92
eidgah hills,4,3,1627,Fully Furnished,10+ years,68.4,73839.39
Shyamla Hills,2,2,849,Fully Furnished,1-5 years,58.2,69392.42
Bairagarh,2,2,1121,Unfurnished,1-5 years,45.04,37107.55
jahangirabad,4,3,2165,Unfurnished,10+ years,128.5,120248.1
Ayodhya bypass,5,4,2167,Semi Furnished,10+ years,139.29,113520.57
Bawadiya Kalan,5,4,2068,Fully Furnished,New,96.51,78821.88
Arera Colony,5,4,2425,Semi Furnished,New,139.42,153527.88
jahangirabad,4,3,1757,Semi Furnished,1-5 years,79.78,81473.91
char Imli,1,1,442,Fully Furnished,10+ years,23.46,20778.23
Indrapuri,4,3,1760,Semi Furnished,10+ years,88.57,85379.47
Bittan Market,4,3,2037,Fully Furnished,5-10 years,123.91,137647.88
Avadhpuri,2,2,742,Unfurnished,10+ years,44.59,44985.64
Gulmohar,5,4,2544,Fully Furnished,New,122.5,142524.61
Vikas Nagar,2,2,728,Fully Furnished,5-10 years,35.14,33895.39
char Imli,1,1,569,Unfurnished,New,34.49,35640.54
Kolar hills,3,3,1362,Fully Furnished,1-5 years,69.61,80193.96
ibrahimpura,1,1,426,Fully Furnished,10+ years,20.76,23654.33
Bawadiya Kalan,2,2,759,Semi Furnished,New,41.61,48817.05
Prabhat petrol pump,1,1,737,Semi Furnished,1-5 years,38.61,38404.66
Prabhat petrol pump,5,4,2715,Unfurnished,10+ years,134.27,123755.7
New market,1,1,435,Unfurnished,New,20.15,16356.01
Ashoka garden,2,2,836,Semi Furnished,New,49.85,55497.64
MP Nagar,3,3,1526,Fully Furnished,5-10 years,100.44,117457.11
Vijay nagar,2,2,771,Fully Furnished,New,34.82,37188.36
sultaniya road,1,1,412,Semi Furnished,1-5 years,22.97,19620.98
MP Nagar,1,1,764,Fully Furnished,New,48.49,55145.52
Shyamla Hills,5,4,2147,Unfurnished,New,128.75,129196.37
Ashoka garden,4,3,1541,Unfurnished,1-5 years,68.97,64167.37
Anand nagar,1,1,595,Semi Furnished,1-5 years,26.66,25300.59
Bittan Market,3,3,1178,Unfurnished,New,62.62,73348.24
Hoshangabad Road,1,1,784,Semi Furnished,1-5 years,44.4,46680.42
eidgah hills,1,1,620,Semi Furnished,1-5 years,34.71,29693.11
Habibganj,2,2,1065,Semi Furnished,1-5 years,54.97,57623.51
MP Nagar,1,1,791,Fully Furnished,5-10 years,52.8,56685.32
Kolar Road,1,1,768,Semi Furnished,1-5 years,33.47,30277.22
Saket nagar,1,1,681,Unfurnished,5-10 years,39.76,43546.38
Kolar Road,3,3,1507,Semi Furnished,10+ years,102.59,116533.77
char Imli,3,3,1133,Unfurnished,1-5 years,51.6,44164.17
Ayodhya bypass,2,2,1113,Fully Furnished,5-10 years,71.59,85052.3
Arera Colony,5,4,2519,Semi Furnished,10+ years,163.21,153358.22
Habibganj,4,3,1780,Unfurnished,10+ years,82.99,95168.95
Ashoka garden,4,3,1454,Unfurnished,10+ years,97.74,100062.08
kohefiza,4,3,1507,Semi Furnished,1-5 years,89.83,100278.44
Shyamla Hills,5,4,2294,Semi Furnished,10+ years,132.94,128023.93
Minal,2,2,828,Unfurnished,10+ years,54.65,51426.12
Piplani,1,1,786,Fully Furnished,New,48.68,42235.69
Anand nagar,2,2,1024,Unfurnished,New,68.95,72624.83
Bittan Market,3,3,1295,Fully Furnished,1-5 years,60.13,64387.87
Tajul masjid,2,2,999,Fully Furnished,5-10 years,59.48,58004.66
Service road,4,3,1543,Unfurnished,1-5 years,83.01,74282.07
New market,1,1,794,Unfurnished,5-10 years,45.13,52176.06
Service road,4,3,1718,Unfurnished,New,111.57,119500.47
Anand nagar,5,4,2668,Unfurnished,5-10 years,175.03,179911.31
Ashoka garden,1,1,787,Semi Furnished,5-10 years,54.52,52752.09
Arjun Nagar,4,3,1564,Unfurnished,1-5 years,101.79,107903.1
Ayodhya bypass,4,3,2154,Fully Furnished,10+ years,120.02,114887.28
kohefiza,4,3,1861,Semi Furnished,New,125.15,147589.17
Arjun Nagar,2,2,1150,Fully Furnished,1-5 years,72.81,83304.68
Ayodhya bypass,2,2,1043,Semi Furnished,New,43.77,35851.76
MP Nagar,3,3,1367,Semi Furnished,New,80.81,89931.25
Bittan Market,2,2,1193,Fully Furnished,5-10 years,72.0,67342.72
Chuna Bhatti,5,4,2009,Unfurnished,New,106.94,105003.8
Tajul masjid,1,1,628,Fully Furnished,5-10 years,37.79,34800.53
Narela,1,1,630,Fully Furnished,10+ years,43.44,38959.29
Saket nagar,1,1,651,Semi Furnished,1-5 years,34.94,41156.23
Bairagarh,2,2,816,Semi Furnished,10+ years,35.37,30978.32
Nizamuddin colony,1,1,429,Unfurnished,5-10 years,23.08,22054.35
char Imli,5,4,2010,Semi Furnished,5-10 years,95.01,108086.25
Arjun Nagar,5,4,2414,Fully Furnished,1-5 years,99.04,108404.87
char Imli,2,2,934,Fully Furnished,New,52.26,52949.67
Saket nagar,1,1,791,Unfurnished,10+ years,46.93,40957.3
New market,3,3,1197,Unfurnished,10+ years,50.13,50066.44
Barkheda,3,3,1300,Semi Furnished,5-10 years,56.3,59998.5
Avadhpuri,5,4,2260,Fully Furnished,1-5 years,122.98,111550.69
Bairagarh,4,3,1745,Unfurnished,1-5 years,71.69,85605.4
Piplani,3,3,1529,Fully Furnished,10+ years,94.96,108949.01
Kolar Road,3,3,1380,Semi Furnished,New,93.4,92433.04
Roshanpura,4,3,1731,Unfurnished,New,103.86,95276.27
Service road,4,3,1571,Fully Furnished,1-5 years,81.94,96098.94
kohefiza,1,1,422,Unfurnished,New,20.55,20923.57
Barkheda,2,2,733,Fully Furnished,New,30.63,33860.87
Ashoka garden,4,3,2094,Unfurnished,1-5 years,136.68,145843.73
Ayodhya bypass,1,1,685,Semi Furnished,10+ years,45.84,47782.82
Lalghati,3,3,1125,Fully Furnished,10+ years,54.25,44449.52
ibrahimpura,5,4,2197,Semi Furnished,New,135.72,108953.5
Kamla Nagar,1,1,552,Semi Furnished,10+ years,22.2,19976.36
Minal,3,3,1233,Fully Furnished,10+ years,49.64,40524.13
Avadhpuri,5,4,2075,Semi Furnished,5-10 years,83.65,82615.4
Govindpura,3,3,1180,Semi Furnished,New,51.81,54693.04
Habibganj,1,1,677,Semi Furnished,5-10 years,29.92,30303.53
eidgah hills,4,3,1756,Fully Furnished,1-5 years,108.43,94545.26
Nizamuddin colony,5,4,2613,Semi Furnished,New,132.66,114571.51
chuna bhatti,5,4,2467,Fully Furnished,5-10 years,113.35,100267.39
Kamla Nagar,3,3,1081,Unfurnished,10+ years,54.65,53202.09
Karond,5,4,2271,Unfurnished,10+ years,136.76,135061.77
Nizamuddin colony,2,2,1024,Semi Furnished,1-5 years,61.43,64206.62
Lalghati,4,3,2090,Semi Furnished,5-10 years,112.42,109899.33
Bittan Market,2,2,775,Semi Furnished,5-10 years,44.66,45132.02
Chuna Bhatti,4,3,2050,Unfurnished,10+ years,140.9,115828.91
Arjun Nagar,4,3,1698,Fully Furnished,1-5 years,76.27,62387.63
Narela,1,1,798,Semi Furnished,New,54.79,62311.72
Shanti Nagar,1,1,549,Unfurnished,1-5 years,36.54,32913.06
New market,3,3,1338,Unfurnished,10+ years,57.75,55810.94
Ashoka garden,3,3,1223,Unfurnished,5-10 years,63.32,64052.56
MP Nagar,2,2,725,Unfurnished,1-5 years,50.46,44748.87
chuna bhatti,5,4,2229,Semi Furnished,10+ years,147.7,122305.21
Shanti Nagar,4,3,1534,Fully Furnished,5-10 years,91.91,74337.75
jahangirabad,1,1,488,Fully Furnished,10+ years,31.42,27005.51
VIP road,4,3,1634,Fully Furnished,5-10 years,91.3,77741.74
Gandhi nagar,5,4,2129,Unfurnished,1-5 years,102.27,96090.49
Kolar Road,5,4,2979,Fully Furnished,1-5 years,134.87,134466.01
Habibganj,2,2,783,Unfurnished,1-5 years,44.09,42281.19
Roshanpura,1,1,566,Fully Furnished,New,31.96,25950.15
Govindpura,5,4,2809,Semi Furnished,New,146.05,127616.35
ibrahimpura,1,1,542,Unfurnished,5-10 years,27.12,27501.95
Lalghati,2,2,1126,Fully Furnished,1-5 years,68.44,73697.42
New market,5,4,2560,Semi Furnished,1-5 years,118.84,121947.81
Hoshangabad Road,2,2,960,Unfurnished,5-10 years,51.87,56767.88
Tajul masjid,2,2,939,Semi Furnished,1-5 years,40.27,45372.35
ibrahimpura,5,4,2855,Semi Furnished,1-5 years,119.5,129920.82
Avadhpuri,1,1,592,Semi Furnished,1-5 years,40.4,34712.71
kohefiza,1,1,467,Fully Furnished,1-5 years,23.43,25773.56
Shyamla Hills,1,1,644,Unfurnished,1-5 years,37.34,44048.83
Gulmohar,3,3,1440,Unfurnished,5-10 years,95.94,79744.33
Shivaji Nagar,1,1,531,Semi Furnished,5-10 years,32.28,29188.59
Barkheda,3,3,1037,Unfurnished,New,63.12,58185.93
Saket nagar,5,4,2416,Semi Furnished,10+ years,156.75,161555.51
Roshanpura,3,3,1158,Unfurnished,1-5 years,63.14,53443.76
Minal,5,4,2997,Unfurnished,10+ years,162.95,160631.02
kohefiza,4,3,1594,Fully Furnished,New,67.87,64721.53
eidgah hills,1,1,639,Unfurnished,5-10 years,37.36,30978.19
MP Nagar,1,1,671,Semi Furnished,1-5 years,30.9,32761.05
Arjun Nagar,5,4,2291,Semi Furnished,New,111.63,93415.78
Kolar Road,1,1,410,Semi Furnished,10+ years,20.15,21834.64
Hoshangabad Road,5,4,2950,Semi Furnished,New,132.62,117347.93
Ayodhya nagar,3,3,1528,Fully Furnished,New,73.59,80060.46
Arjun Nagar,5,4,2166,Unfurnished,1-5 years,104.1,110697.54
Roshanpura,3,3,1077,Fully Furnished,10+ years,70.09,64556.93
VIP road,3,3,1240,Unfurnished,New,85.95,71600.46
Habibganj,4,3,2009,Unfurnished,10+ years,126.55,145102.32
Ayodhya bypass,2,2,755,Fully Furnished,New,38.86,39197.73
Shanti Nagar,2,2,719,Unfurnished,5-10 years,38.44,31007.39
Ratnagiri,1,1,640,Fully Furnished,New,34.66,33862.2
Arera Colony,5,4,2223,Unfurnished,5-10 years,98.4,104355.84
Ayodhya bypass,1,1,432,Unfurnished,10+ years,21.86,23666.1
kohefiza,4,3,1715,Semi Furnished,10+ years,82.07,81831.59
Kolar Road,5,4,2859,Fully Furnished,5-10 years,193.04,215421.52
Barkheda,4,3,1574,Fully Furnished,10+ years,69.48,79661.31
Kamla Nagar,3,3,1230,Fully Furnished,10+ years,84.9,95045.13
Bairagarh,4,3,1908,Semi Furnished,5-10 years,132.25,113825.67
Kolar hills,5,4,2353,Fully Furnished,5-10 years,121.94,106917.21
eidgah hills,1,1,610,Semi Furnished,5-10 years,35.35,33767.06
Shivaji Nagar,4,3,1702,Unfurnished,1-5 years,71.32,82244.05
Barkheda,2,2,1089,Semi Furnished,5-10 years,68.25,80254.08
Misrod,4,3,2199,Unfurnished,5-10 years,89.25,106301.12
Prabhat petrol pump,2,2,1092,Unfurnished,5-10 years,49.02,55577.47
Vikas Nagar,5,4,2322,Semi Furnished,5-10 years,115.13,93184.13
Bittan Market,4,3,1806,Semi Furnished,1-5 years,105.61,119090.22
Kolar Road,1,1,655,Unfurnished,5-10 years,35.57,38682.68
Nizamuddin colony,1,1,686,Unfurnished,New,38.29,42394.86
Prabhat petrol pump,3,3,1040,Semi Furnished,10+ years,49.13,51269.59
Vikas Nagar,1,1,699,Unfurnished,1-5 years,31.45,31972.13
Nizamuddin colony,1,1,800,Unfurnished,5-10 years,37.79,40632.28
eidgah hills,1,1,665,Semi Furnished,5-10 years,32.3,34959.35
Ayodhya nagar,1,1,535,Fully Furnished,New,32.97,32049.58
Gandhi nagar,5,4,2445,Unfurnished,New,151.71,142458.47
jahangirabad,1,1,679,Semi Furnished,1-5 years,28.31,24283.12
Piplani,5,4,2297,Fully Furnished,1-5 years,124.67,144111.21
chuna bhatti,2,2,1124,Semi Furnished,1-5 years,57.6,50569.99
MP Nagar,1,1,796,Unfurnished,1-5 years,53.76,56434.37
Bittan Market,5,4,2873,Fully Furnished,1-5 years,191.5,197639.27
Minal,2,2,970,Semi Furnished,5-10 years,58.86,68024.97
Gulmohar,5,4,2705,Fully Furnished,5-10 years,133.88,121268.53
Service road,3,3,1537,Fully Furnished,1-5 years,74.65,70207.12
Nizamuddin colony,5,4,2897,Semi Furnished,10+ years,169.05,140134.57
kohefiza,1,1,466,Semi Furnished,5-10 years,27.05,31794.66
ibrahimpura,1,1,680,Semi Furnished,New,33.55,31968.5
eidgah hills,3,3,1027,Semi Furnished,New,61.27,58598.67
Barkheda,2,2,886,Semi Furnished,New,48.91,52626.04
Anand nagar,1,1,464,Unfurnished,1-5 years,22.79,19907.64
Bittan Market,3,3,1092,Unfurnished,5-10 years,73.25,77110.56
Saket nagar,3,3,1394,Fully Furnished,New,74.98,75955.84
Karond,2,2,819,Unfurnished,10+ years,53.33,50195.38
Chuna Bhatti,4,3,1438,Unfurnished,1-5 years,76.65,81648.65
Ayodhya bypass,1,1,609,Fully Furnished,1-5 years,26.72,26386.95
Ratnagiri,1,1,577,Semi Furnished,5-10 years,24.98,22621.38
Karond,5,4,2449,Semi Furnished,10+ years,148.15,137897.87
Habibganj,3,3,1153,Unfurnished,10+ years,60.83,49311.03
Karond,2,2,1087,Fully Furnished,1-5 years,45.34,38529.47
Vikas Nagar,2,2,791,Unfurnished,New,51.42,43107.32
Govindpura,2,2,859,Fully Furnished,New,57.97,47187.19
Ratnagiri,2,2,1061,Fully Furnished,1-5 years,50.08,56715.4
Saket nagar,4,3,2081,Fully Furnished,10+ years,83.37,97091.08
Bawadiya Kalan,3,3,1288,Fully Furnished,5-10 years,57.39,52935.36
Piplani,3,3,1517,Fully Furnished,New,97.51,99795.71
New market,3,3,1148,Fully Furnished,1-5 years,65.7,53461.29
sultaniya road,3,3,1206,Semi Furnished,1-5 years,75.79,70751.55
chuna bhatti,1,1,615,Unfurnished,5-10 years,37.5,32574.32
Vijay nagar,2,2,890,Unfurnished,10+ years,49.35,42679.01
Barkheda,5,4,2635,Fully Furnished,1-5 years,147.14,164847.97
MP Nagar,3,3,1027,Fully Furnished,1-5 years,55.83,60540.78
ibrahimpura,2,2,780,Fully Furnished,New,37.76,39999.1
Shivaji Nagar,1,1,473,Unfurnished,New,20.7,17752.03
Ayodhya bypass,1,1,492,Semi Furnished,5-10 years,29.55,27914.18
eidgah hills,1,1,651,Fully Furnished,New,40.2,40528.89
VIP road,2,2,953,Semi Furnished,5-10 years,57.61,60898.7
Kolar hills,1,1,658,Unfurnished,New,42.0,35201.17
Vijay nagar,5,4,2111,Semi Furnished,1-5 years,135.76,118311.6
Nizamuddin colony,3,3,1503,Unfurnished,10+ years,92.42,93980.1
jahangirabad,1,1,472,Semi Furnished,1-5 years,26.23,28250.5
chuna bhatti,1,1,416,Unfurnished,New,17.72,16803.04
Kolar Road,1,1,457,Fully Furnished,5-10 years,20.67,17406.28
Barkheda,3,3,1331,Fully Furnished,New,54.88,60921.62
Gulmohar,1,1,787,Fully Furnished,New,51.1,52400.81
Gandhi nagar,4,3,1733,Fully Furnished,5-10 years,78.46,66935.26
Habibganj,3,3,1515,Semi Furnished,1-5 years,83.98,70661.09
MP Nagar,5,4,2276,Unfurnished,New,104.34,87094.73
Narela,5,4,2920,Fully Furnished,10+ years,181.76,205396.1
Tajul masjid,4,3,1506,Unfurnished,1-5 years,86.9,95038.4
Misrod,2,2,713,Semi Furnished,1-5 years,43.57,37475.32
Shivaji Nagar,3,3,1026,Unfurnished,New,66.15,72394.04
ibrahimpura,5,4,2996,Fully Furnished,10+ years,186.89,212120.5
Gandhi nagar,4,3,1791,Unfurnished,1-5 years,118.7,95169.21
Narela,5,4,2888,Semi Furnished,10+ years,185.93,169952.7
Ayodhya bypass,2,2,717,Semi Furnished,10+ years,40.51,46512.6
kohefiza,5,4,2625,Unfurnished,1-5 years,177.43,152390.3
Vikas Nagar,5,4,2702,Semi Furnished,5-10 years,166.05,161905.12
Shyamla Hills,5,4,2072,Fully Furnished,10+ years,86.69,86047.01
Arera Colony,1,1,468,Semi Furnished,New,32.54,31701.75
Habibganj,4,3,2197,Fully Furnished,5-10 years,93.69,100801.22
kohefiza,4,3,1551,Unfurnished,1-5 years,68.92,80237.94
Piplani,1,1,598,Semi Furnished,5-10 years,25.43,22185.36
Roshanpura,4,3,1619,Fully Furnished,New,91.81,107206.25
Anand nagar,5,4,2149,Unfurnished,1-5 years,124.35,106413.99
char Imli,5,4,2328,Unfurnished,New,98.92,99043.74
Narela,1,1,796,Semi Furnished,New,40.18,47389.18
chuna bhatti,5,4,2405,Fully Furnished,5-10 years,136.7,132781.52
VIP road,3,3,1231,Unfurnished,1-5 years,55.28,48077.84
Ashoka garden,3,3,1577,Unfurnished,10+ years,89.61,87435.8
Hoshangabad Road,4,3,1454,Semi Furnished,New,71.0,68417.69
Hoshangabad Road,5,4,2143,Unfurnished,5-10 years,113.67,105784.18
Sonagiri,5,4,2674,Semi Furnished,10+ years,184.88,198505.98
Gulmohar,1,1,609,Fully Furnished,10+ years,37.77,35740.72
kohefiza,5,4,2204,Unfurnished,10+ years,107.28,100548.26
Bittan Market,4,3,1542,Unfurnished,10+ years,61.94,54134.45
Shivaji Nagar,1,1,468,Fully Furnished,10+ years,26.23,24461.15
Habibganj,1,1,429,Fully Furnished,10+ years,26.9,29913.93
Nizamuddin colony,2,2,1179,Semi Furnished,10+ years,76.82,78306.77
jahangirabad,4,3,1732,Semi Furnished,5-10 years,92.78,89697.17
Kolar hills,5,4,2545,Semi Furnished,New,177.11,202983.67
Gandhi nagar,5,4,2421,Semi Furnished,5-10 years,113.82,94977.54
Karond,3,3,1123,Fully Furnished,10+ years,73.49,80035.03
Vijay nagar,3,3,1371,Semi Furnished,1-5 years,55.56,64608.74
Ayodhya bypass,4,3,1501,Fully Furnished,New,98.18,90997.83
Roshanpura,2,2,1182,Semi Furnished,1-5 years,77.15,88220.93
Ratnagiri,5,4,2413,Semi Furnished,10+ years,104.15,87253.52
Gandhi nagar,1,1,766,Semi Furnished,10+ years,32.44,38170.69
Misrod,1,1,783,Semi Furnished,New,53.32,60533.92
eidgah hills,5,4,2083,Unfurnished,5-10 years,89.9,86653.71
Ayodhya bypass,5,4,2624,Fully Furnished,10+ years,181.71,192938.7
chuna bhatti,3,3,1551,Fully Furnished,5-10 years,88.0,74583.14
Prabhat petrol pump,3,3,1225,Semi Furnished,5-10 years,51.02,55492.53
Narela,3,3,1562,Fully Furnished,New,95.46,84489.76
Gulmohar,4,3,1609,Fully Furnished,New,106.03,101283.04
Habibganj,3,3,1160,Fully Furnished,5-10 years,63.97,60306.38
Barkheda,2,2,1093,Semi Furnished,10+ years,69.21,72580.32
Misrod,4,3,1518,Fully Furnished,1-5 years,72.14,86169.42
Roshanpura,5,4,2749,Unfurnished,10+ years,114.66,95389.5
Kamla Nagar,2,2,794,Fully Furnished,New,47.1,49249.47
Sonagiri,5,4,2470,Semi Furnished,5-10 years,156.89,138657.77
Saket nagar,2,2,1197,Semi Furnished,1-5 years,72.42,63092.01
Bittan Market,4,3,1523,Unfurnished,1-5 years,81.45,87029.58
Gandhi nagar,4,3,1721,Semi Furnished,1-5 years,92.48,83612.29
Narela,2,2,726,Fully Furnished,New,30.11,34755.0
jahangirabad,3,3,1229,Semi Furnished,10+ years,84.74,81379.36
Gulmohar,1,1,793,Fully Furnished,5-10 years,42.64,45657.97
Kolar Road,2,2,1171,Semi Furnished,10+ years,74.18,85399.47
Vikas Nagar,2,2,930,Semi Furnished,New,52.27,42197.42
chuna bhatti,1,1,568,Unfurnished,New,26.57,27299.29
Bairagarh,2,2,1080,Semi Furnished,1-5 years,63.09,75551.52
Bairagarh,2,2,773,Semi Furnished,New,51.45,50613.66
Roshanpura,5,4,2605,Unfurnished,5-10 years,110.34,100349.11
Shanti Nagar,5,4,2073,Semi Furnished,New,127.92,134056.39
Hoshangabad Road,3,3,1354,Fully Furnished,1-5 years,61.95,69014.87
Kolar hills,4,3,1583,Semi Furnished,10+ years,69.97,59645.26
Govindpura,5,4,2553,Semi Furnished,5-10 years,156.13,185502.12
Nizamuddin colony,5,4,2824,Semi Furnished,New,117.22,129374.02
Shyamla Hills,2,2,964,Fully Furnished,New,62.93,75037.06
kohefiza,2,2,1029,Semi Furnished,10+ years,71.25,59656.12
Arera Colony,1,1,523,Fully Furnished,1-5 years,25.44,24334.56
ibrahimpura,5,4,2008,Unfurnished,1-5 years,118.49,128043.12
Sonagiri,2,2,781,Unfurnished,New,47.24,40124.18
Saket nagar,4,3,2016,Unfurnished,5-10 years,110.0,97723.06
Ayodhya nagar,4,3,1439,Unfurnished,1-5 years,97.67,80623.51
New market,5,4,2330,Fully Furnished,10+ years,148.69,148516.39
Ayodhya nagar,3,3,1037,Semi Furnished,New,56.07,52056.74
eidgah hills,3,3,1071,Unfurnished,New,61.48,60100.94
Ayodhya nagar,3,3,1144,Semi Furnished,New,47.0,55557.99
Kolar hills,1,1,409,Unfurnished,10+ years,22.6,22653.97
Narela,2,2,935,Semi Furnished,10+ years,47.64,43181.61
kohefiza,5,4,2476,Fully Furnished,New,113.8,132593.4
Avadhpuri,1,1,708,Semi Furnished,5-10 years,36.31,33139.03
Hoshangabad Road,4,3,1522,Fully Furnished,10+ years,71.08,58454.88
Bairagarh,2,2,1020,Unfurnished,1-5 years,55.74,44946.78
Minal,4,3,1949,Semi Furnished,1-5 years,78.6,83890.48
Shanti Nagar,1,1,721,Fully Furnished,5-10 years,33.34,30283.97
Ayodhya bypass,1,1,717,Unfurnished,5-10 years,30.84,26369.9
Ayodhya bypass,3,3,1508,Semi Furnished,New,99.37,106588.81
Ratnagiri,3,3,1377,Fully Furnished,5-10 years,69.83,70989.39
Hoshangabad Road,1,1,520,Unfurnished,5-10 years,28.86,30878.48
Ashoka garden,5,4,2952,Semi Furnished,5-10 years,159.73,140028.83
Kolar Road,1,1,553,Fully Furnished,5-10 years,31.04,33718.58
Ratnagiri,1,1,563,Semi Furnished,10+ years,24.7,25284.4
chuna bhatti,1,1,563,Fully Furnished,10+ years,33.64,37202.6
chuna bhatti,5,4,2222,Unfurnished,5-10 years,125.34,142835.23
Arjun Nagar,4,3,1952,Fully Furnished,5-10 years,123.15,129636.35
Kolar Road,3,3,1130,Fully Furnished,10+ years,72.49,75826.57
Roshanpura,3,3,1389,Semi Furnished,10+ years,74.48,89332.52
kohefiza,5,4,2122,Fully Furnished,1-5 years,142.66,131207.28
Habibganj,4,3,2045,Unfurnished,New,94.93,96018.76
Indrapuri,5,4,2220,Fully Furnished,New,142.74,141493.89
chuna bhatti,4,3,1736,Semi Furnished,1-5 years,81.16,73804.63
Ayodhya nagar,3,3,1129,Unfurnished,5-10 years,55.9,51262.88
Indrapuri,4,3,2038,Unfurnished,1-5 years,89.7,93361.69
Anand nagar,3,3,1106,Semi Furnished,New,57.2,63590.09
Kamla Nagar,2,2,1181,Unfurnished,5-10 years,64.99,63117.86
Gulmohar,5,4,2379,Fully Furnished,New,147.93,157705.56
Misrod,3,3,1101,Unfurnished,5-10 years,64.0,76698.11
sultaniya road,1,1,724,Fully Furnished,1-5 years,33.96,34236.39
sultaniya road,1,1,737,Unfurnished,10+ years,38.08,36489.43
Bawadiya Kalan,4,3,2027,Semi Furnished,10+ years,107.77,102063.22
Indrapuri,5,4,2170,Semi Furnished,10+ years,97.38,99536.67
jahangirabad,5,4,2279,Fully Furnished,New,95.9,107124.15
Arjun Nagar,3,3,1117,Semi Furnished,10+ years,69.05,65384.93
Vikas Nagar,5,4,2624,Unfurnished,New,154.89,182167.85
Bawadiya Kalan,5,4,2936,Semi Furnished,1-5 years,117.58,106774.85
Bittan Market,1,1,663,Fully Furnished,5-10 years,32.22,38453.61
Sonagiri,3,3,1094,Unfurnished,New,76.03,87420.01
VIP road,2,2,1090,Unfurnished,1-5 years,62.17,74492.36
chuna bhatti,2,2,940,Unfurnished,10+ years,51.51,52312.19
Roshanpura,5,4,2498,Semi Furnished,New,121.56,143407.35
Habibganj,1,1,741,Unfurnished,5-10 years,46.23,47966.88
Ratnagiri,4,3,1549,Unfurnished,5-10 years,82.82,77455.92
Kamla Nagar,4,3,2137,Fully Furnished,10+ years,128.7,133676.34
Minal,4,3,1949,Fully Furnished,1-5 years,127.75,135607.87
Narela,3,3,1101,Fully Furnished,10+ years,66.01,62521.52
Gulmohar,5,4,2543,Unfurnished,New,104.25,87027.57
eidgah hills,5,4,2226,Unfurnished,1-5 years,112.14,99621.23
Misrod,5,4,2371,Semi Furnished,New,102.75,122303.09
Ashoka garden,5,4,2569,Fully Furnished,1-5 years,132.24,149014.58
Shanti Nagar,2,2,715,Unfurnished,10+ years,41.98,38279.04
Gulmohar,2,2,1149,Unfurnished,5-10 years,69.52,57811.47
Ayodhya nagar,4,3,1967,Semi Furnished,10+ years,106.25,116076.77
Gulmohar,3,3,1031,Fully Furnished,10+ years,69.63,80305.17
Bairagarh,4,3,2124,Unfurnished,5-10 years,142.54,143786.1
chuna bhatti,2,2,1157,Unfurnished,10+ years,80.27,65439.58
Anand nagar,2,2,937,Semi Furnished,10+ years,40.22,42363.31
Bairagarh,5,4,2173,Semi Furnished,5-10 years,116.89,140022.03
VIP road,5,4,2836,Fully Furnished,1-5 years,177.81,192173.7
Anand nagar,3,3,1116,Fully Furnished,10+ years,74.3,65973.04
ibrahimpura,4,3,2080,Semi Furnished,1-5 years,137.35,162079.81
Shivaji Nagar,1,1,613,Fully Furnished,5-10 years,36.91,41838.85
Piplani,1,1,428,Fully Furnished,10+ years,19.28,19382.27
char Imli,1,1,702,Unfurnished,5-10 years,31.51,35433.29
Bairagarh,2,2,1191,Semi Furnished,10+ years,71.38,57593.46
Bittan Market,5,4,2536,Unfurnished,1-5 years,107.71,118573.53
Narela,4,3,2172,Semi Furnished,10+ years,150.96,179515.84
Arjun Nagar,1,1,699,Semi Furnished,1-5 years,43.41,43676.53
Tajul masjid,5,4,2344,Unfurnished,1-5 years,123.38,133451.35
Vikas Nagar,1,1,556,Unfurnished,1-5 years,25.16,23936.33
Anand nagar,1,1,498,Semi Furnished,10+ years,32.36,26627.39
Arera Colony,4,3,1527,Semi Furnished,New,81.01,65169.78
ibrahimpura,4,3,1647,Fully Furnished,10+ years,87.19,82788.27
Sonagiri,1,1,540,Unfurnished,10+ years,37.32,30082.37
jahangirabad,1,1,747,Unfurnished,New,42.43,37178.96
Barkheda,5,4,2010,Unfurnished,10+ years,92.32,108712.75
Shanti Nagar,3,3,1548,Fully Furnished,New,88.85,82703.39
sultaniya road,5,4,2815,Fully Furnished,1-5 years,171.41,166166.76
Vikas Nagar,4,3,1488,Fully Furnished,5-10 years,99.06,105002.39
Lalghati,1,1,578,Fully Furnished,10+ years,38.44,35136.96
sultaniya road,3,3,1450,Semi Furnished,10+ years,75.38,66393.28
VIP road,4,3,2089,Semi Furnished,10+ years,135.06,160730.96
Shyamla Hills,5,4,2431,Fully Furnished,5-10 years,160.78,150664.44
Service road,5,4,2618,Unfurnished,10+ years,106.66,92350.59
Kolar Road,1,1,452,Fully Furnished,10+ years,26.45,26327.67
sultaniya road,5,4,2430,Fully Furnished,1-5 years,168.25,194495.8
Ayodhya bypass,4,3,1954,Semi Furnished,10+ years,131.43,146867.85
VIP road,3,3,1144,Fully Furnished,10+ years,51.33,47272.07
Shivaji Nagar,5,4,2864,Semi Furnished,New,166.37,142642.12
VIP road,5,4,2194,Fully Furnished,New,151.75,139018.61
Kolar Road,2,2,827,Semi Furnished,5-10 years,43.66,47273.77
Vijay nagar,5,4,2361,Semi Furnished,New,125.24,139237.26
chuna bhatti,3,3,1587,Unfurnished,10+ years,68.22,59200.4
Kolar hills,4,3,1489,Fully Furnished,1-5 years,76.24,63571.59
char Imli,2,2,853,Unfurnished,1-5 years,52.49,60611.32
Arjun Nagar,2,2,939,Unfurnished,5-10 years,63.93,54275.48
Prabhat petrol pump,3,3,1598,Fully Furnished,1-5 years,108.58,125275.63
MP Nagar,4,3,1998,Unfurnished,1-5 years,89.03,85541.24
Misrod,1,1,422,Semi Furnished,10+ years,24.56,24068.09
Vijay nagar,2,2,1195,Fully Furnished,5-10 years,74.25,74872.26
Ayodhya bypass,2,2,794,Semi Furnished,5-10 years,46.21,38752.19
eidgah hills,4,3,1971,Semi Furnished,5-10 years,80.55,71421.29
Bawadiya Kalan,3,3,1452,Semi Furnished,5-10 years,97.79,115835.9
Bairagarh,3,3,1230,Semi Furnished,New,58.29,51493.07
Shanti Nagar,4,3,1730,Unfurnished,New,73.32,63842.65
Avadhpuri,1,1,522,Fully Furnished,1-5 years,35.53,35120.92
New market,4,3,1785,Semi Furnished,5-10 years,79.6,79759.55
Gandhi nagar,2,2,1196,Fully Furnished,1-5 years,78.11,91191.49
Nizamuddin colony,3,3,1507,Unfurnished,1-5 years,97.41,81280.37
Ratnagiri,1,1,503,Fully Furnished,10+ years,21.69,19926.78
Barkheda,1,1,571,Unfurnished,10+ years,30.35,35403.55
ibrahimpura,3,3,1596,Semi Furnished,New,73.93,60441.13
Karond,4,3,1791,Unfurnished,10+ years,105.5,122299.67
eidgah hills,3,3,1305,Unfurnished,New,68.45,70592.15
ibrahimpura,2,2,792,Unfurnished,5-10 years,37.08,33433.6
Prabhat petrol pump,4,3,1727,Semi Furnished,5-10 years,71.52,75408.84
Avadhpuri,2,2,1050,Semi Furnished,5-10 years,59.71,51836.38
Lalghati,3,3,1555,Fully Furnished,New,85.34,74438.33
Ashoka garden,3,3,1238,Unfurnished,1-5 years,80.98,82543.74
Piplani,2,2,1144,Fully Furnished,10+ years,73.67,83398.64
eidgah hills,3,3,1416,Unfurnished,10+ years,91.48,97649.68
Tajul masjid,3,3,1284,Fully Furnished,New,73.18,75328.05
Service road,2,2,803,Fully Furnished,5-10 years,50.92,45218.3
Govindpura,1,1,467,Semi Furnished,1-5 years,21.76,25293.16
MP Nagar,5,4,2589,Semi Furnished,10+ years,178.12,173082.82
Bittan Market,1,1,571,Unfurnished,10+ years,32.05,37000.89
New market,3,3,1469,Unfurnished,1-5 years,79.78,95232.12
MP Nagar,4,3,1660,Unfurnished,1-5 years,70.24,67159.05
Kamla Nagar,2,2,864,Unfurnished,1-5 years,50.92,46523.58
Barkheda,1,1,700,Fully Furnished,10+ years,32.22,35601.55
Shanti Nagar,3,3,1480,Semi Furnished,10+ years,86.91,93677.47
Gulmohar,3,3,1170,Semi Furnished,5-10 years,58.46,49417.41
kohefiza,3,3,1405,Semi Furnished,New,76.5,68969.89
Habibganj,2,2,830,Fully Furnished,10+ years,55.33,61524.3
Shanti Nagar,2,2,944,Fully Furnished,10+ years,40.0,40721.47
Lalghati,4,3,1979,Semi Furnished,10+ years,84.69,81026.98
Ratnagiri,2,2,972,Unfurnished,10+ years,67.47,73739.0
Arjun Nagar,5,4,2983,Fully Furnished,1-5 years,133.27,146832.36
Habibganj,2,2,755,Semi Furnished,5-10 years,49.48,56688.04
Indrapuri,2,2,1161,Semi Furnished,1-5 years,67.38,64533.97
Ashoka garden,4,3,1595,Fully Furnished,1-5 years,105.93,121459.03
eidgah hills,2,2,820,Semi Furnished,10+ years,44.07,49772.62
jahangirabad,3,3,1354,Fully Furnished,1-5 years,74.49,76075.55
Ashoka garden,4,3,1610,Fully Furnished,10+ years,109.29,105698.95
Narela,2,2,962,Fully Furnished,10+ years,61.85,72390.71
Govindpura,2,2,713,Unfurnished,1-5 years,40.64,39854.55
Ayodhya bypass,4,3,1596,Semi Furnished,1-5 years,109.14,113210.64
Sonagiri,5,4,2852,Unfurnished,5-10 years,183.88,160882.23
Ayodhya bypass,4,3,2104,Unfurnished,New,89.09,96847.24
Roshanpura,4,3,2145,Semi Furnished,10+ years,94.02,101570.06
Vijay nagar,5,4,2167,Unfurnished,New,144.74,151851.28
Kolar hills,1,1,749,Unfurnished,5-10 years,45.63,47739.48
Kamla Nagar,3,3,1224,Fully Furnished,1-5 years,65.28,72023.25
Prabhat petrol pump,5,4,2870,Unfurnished,10+ years,178.98,211819.53
Shivaji Nagar,4,3,2119,Unfurnished,5-10 years,103.2,116187.85
Shanti Nagar,3,3,1278,Semi Furnished,10+ years,69.2,56062.98
Vikas Nagar,3,3,1286,Unfurnished,New,55.79,64286.11
Shivaji Nagar,1,1,725,Fully Furnished,10+ years,31.35,30096.04
Indrapuri,4,3,1823,Semi Furnished,1-5 years,125.77,142947.53
kohefiza,4,3,1591,Unfurnished,5-10 years,105.53,84673.9
Shanti Nagar,1,1,546,Semi Furnished,New,28.76,25681.11
MP Nagar,3,3,1149,Unfurnished,10+ years,75.14,73321.42
Barkheda,2,2,811,Semi Furnished,1-5 years,39.78,35460.13
Kamla Nagar,1,1,742,Semi Furnished,1-5 years,48.03,49331.56
Gandhi nagar,5,4,2004,Fully Furnished,5-10 years,115.79,134395.2
Ayodhya bypass,2,2,912,Semi Furnished,10+ years,44.71,38111.25
Chuna Bhatti,3,3,1420,Unfurnished,10+ years,73.39,69424.42
Bawadiya Kalan,4,3,1496,Fully Furnished,5-10 years,90.78,88160.61
Shyamla Hills,2,2,1122,Semi Furnished,10+ years,63.36,73599.73
Narela,4,3,2003,Unfurnished,New,130.34,143806.55
Barkheda,2,2,892,Semi Furnished,5-10 years,55.48,53701.35
Vijay nagar,4,3,1631,Fully Furnished,New,80.26,72909.3
Vijay nagar,4,3,2190,Semi Furnished,New,142.75,147016.51
Ayodhya bypass,5,4,2768,Semi Furnished,5-10 years,163.24,159444.56
Service road,3,3,1085,Unfurnished,New,51.33,48189.06
chuna bhatti,2,2,1116,Unfurnished,5-10 years,44.79,44763.01
Govindpura,3,3,1344,Semi Furnished,5-10 years,91.11,77939.86
Saket nagar,4,3,1985,Semi Furnished,10+ years,130.21,144714.58
ibrahimpura,5,4,2273,Semi Furnished,10+ years,122.74,100837.64
Shanti Nagar,2,2,956,Fully Furnished,New,38.32,37832.84
eidgah hills,5,4,2614,Semi Furnished,10+ years,137.99,162169.49
Nizamuddin colony,5,4,2261,Unfurnished,New,109.97,121600.94
char Imli,2,2,1157,Fully Furnished,New,72.12,66380.92
Habibganj,3,3,1304,Unfurnished,1-5 years,68.87,62604.25
Vijay nagar,3,3,1237,Semi Furnished,10+ years,54.84,62925.16
Hoshangabad Road,3,3,1187,Semi Furnished,New,80.97,76117.96
Kolar Road,4,3,1555,Semi Furnished,10+ years,95.13,76194.99
Service road,2,2,1034,Semi Furnished,5-10 years,68.2,70315.57
Vikas Nagar,1,1,604,Semi Furnished,New,31.3,25656.36
Ratnagiri,5,4,2955,Semi Furnished,10+ years,131.95,135422.54
Vijay nagar,1,1,731,Fully Furnished,New,47.92,49719.54
Minal,4,3,1534,Fully Furnished,1-5 years,78.45,63056.06
Indrapuri,5,4,2152,Unfurnished,5-10 years,87.35,92327.37
Shanti Nagar,5,4,2099,Semi Furnished,New,141.0,123678.14
VIP road,4,3,2006,Unfurnished,New,96.33,113607.03
Anand nagar,2,2,1131,Semi Furnished,10+ years,69.73,79651.34
Sonagiri,2,2,1099,Semi Furnished,1-5 years,64.54,66949.19
Barkheda,4,3,1758,Semi Furnished,1-5 years,81.25,68216.54
Kamla Nagar,5,4,2258,Fully Furnished,10+ years,122.33,121530.34
eidgah hills,4,3,1455,Unfurnished,5-10 years,85.28,95053.0
Gulmohar,4,3,1477,Fully Furnished,New,79.55,70413.6
Avadhpuri,3,3,1184,Unfurnished,New,51.67,53784.18
Gandhi nagar,2,2,726,Unfurnished,10+ years,37.19,34948.61
Arera Colony,3,3,1177,Fully Furnished,5-10 years,64.94,75089.54
Habibganj,3,3,1262,Semi Furnished,1-5 years,55.12,52573.25
Kamla Nagar,1,1,790,Fully Furnished,1-5 years,40.49,33232.07
Gulmohar,3,3,1544,Unfurnished,10+ years,67.84,54794.82
Narela,4,3,1734,Unfurnished,5-10 years,76.72,62282.47
Vikas Nagar,2,2,989,Semi Furnished,New,49.61,53300.47
Shanti Nagar,1,1,757,Semi Furnished,10+ years,34.08,29465.09
Narela,1,1,692,Unfurnished,10+ years,44.93,47523.41
Arjun Nagar,3,3,1268,Fully Furnished,New,66.96,72545.59
Anand nagar,2,2,1159,Fully Furnished,1-5 years,53.44,61916.54
Sonagiri,4,3,2171,Fully Furnished,New,127.14,104843.12
Vijay nagar,2,2,883,Fully Furnished,10+ years,37.45,30793.01
Chuna Bhatti,5,4,2915,Fully Furnished,5-10 years,190.11,173575.94
Ratnagiri,1,1,573,Fully Furnished,10+ years,40.09,38185.33
eidgah hills,3,3,1165,Semi Furnished,10+ years,55.19,52101.84
Kolar Road,3,3,1577,Unfurnished,10+ years,96.32,81512.0
VIP road,1,1,591,Unfurnished,5-10 years,35.96,34076.02
Prabhat petrol pump,4,3,1915,Semi Furnished,1-5 years,89.59,104815.66
Vijay nagar,1,1,730,Semi Furnished,1-5 years,49.77,54827.44
Prabhat petrol pump,1,1,443,Semi Furnished,5-10 years,25.42,27254.94
Chuna Bhatti,5,4,2884,Fully Furnished,5-10 years,187.1,185676.51
Shanti Nagar,1,1,641,Unfurnished,New,40.09,47200.23
Narela,5,4,2203,Fully Furnished,1-5 years,143.82,140776.65
chuna bhatti,1,1,682,Fully Furnished,New,42.12,46532.28
Gulmohar,1,1,653,Semi Furnished,10+ years,28.03,31775.12
Kolar Road,3,3,1565,Fully Furnished,1-5 years,84.28,87089.84
Govindpura,5,4,2848,Semi Furnished,10+ years,170.61,182165.06
Vikas Nagar,3,3,1367,Unfurnished,10+ years,69.65,57967.03
Anand nagar,4,3,2114,Semi Furnished,New,100.39,101473.58
jahangirabad,2,2,792,Unfurnished,1-5 years,52.33,48137.93
Gulmohar,4,3,1970,Semi Furnished,New,94.53,98223.41
Piplani,4,3,1902,Fully Furnished,New,85.94,100159.96
kohefiza,5,4,2926,Unfurnished,5-10 years,129.15,105051.07
sultaniya road,4,3,1866,Fully Furnished,New,108.26,105505.07
eidgah hills,3,3,1134,Unfurnished,1-5 years,75.83,72412.54
Ayodhya nagar,5,4,2127,Unfurnished,10+ years,95.43,114008.83
Shyamla Hills,4,3,1740,Unfurnished,New,106.5,123915.51
Ratnagiri,3,3,1570,Unfurnished,5-10 years,87.23,87813.81
Piplani,1,1,547,Semi Furnished,5-10 years,37.62,35149.08
Habibganj,2,2,751,Unfurnished,1-5 years,48.33,48180.48
sultaniya road,3,3,1500,Fully Furnished,5-10 years,71.48,78176.11
Gulmohar,2,2,1051,Semi Furnished,1-5 years,59.41,69251.55
Ratnagiri,4,3,1776,Fully Furnished,New,97.18,92209.89
Habibganj,2,2,786,Semi Furnished,1-5 years,48.17,46000.48
Sonagiri,1,1,417,Unfurnished,1-5 years,20.85,24604.77
Service road,5,4,2008,Unfurnished,5-10 years,111.33,128075.27
Hoshangabad Road,3,3,1557,Fully Furnished,5-10 years,93.28,88841.24
Service road,1,1,792,Unfurnished,1-5 years,34.92,41868.94
Shyamla Hills,5,4,2828,Unfurnished,5-10 years,187.77,159615.1
Ayodhya bypass,4,3,1483,Semi Furnished,New,79.62,69336.94
Kolar hills,5,4,2931,Fully Furnished,1-5 years,178.17,143048.57
jahangirabad,1,1,784,Unfurnished,New,46.41,55500.84
char Imli,4,3,1994,Unfurnished,5-10 years,119.11,123813.41
Arera Colony,2,2,1177,Unfurnished,1-5 years,61.93,58169.34
Saket nagar,2,2,1120,Semi Furnished,New,69.3,78663.34
Lalghati,5,4,2518,Unfurnished,5-10 years,165.83,175138.92
Sonagiri,1,1,655,Unfurnished,5-10 years,29.42,25521.87
Sonagiri,2,2,1014,Fully Furnished,10+ years,62.57,61163.77
New market,4,3,1756,Semi Furnished,1-5 years,73.92,77583.51
Ayodhya nagar,2,2,1009,Semi Furnished,10+ years,55.73,58568.92
char Imli,2,2,775,Fully Furnished,5-10 years,35.02,33841.73
Chuna Bhatti,2,2,739,Unfurnished,1-5 years,44.9,43054.09
Anand nagar,1,1,662,Unfurnished,5-10 years,32.94,28911.81
Kamla Nagar,4,3,1969,Fully Furnished,5-10 years,84.83,79532.99
Narela,2,2,713,Unfurnished,1-5 years,49.89,48196.28
Ayodhya bypass,1,1,757,Semi Furnished,New,47.82,45943.63
Sonagiri,3,3,1597,Unfurnished,New,109.81,97786.7
char Imli,3,3,1323,Unfurnished,5-10 years,77.92,63434.16
Avadhpuri,3,3,1561,Semi Furnished,1-5 years,70.87,74305.95
Gandhi nagar,2,2,799,Semi Furnished,1-5 years,52.25,56207.49
Shyamla Hills,5,4,2429,Semi Furnished,10+ years,123.19,145077.32
Kolar Road,1,1,770,Fully Furnished,New,30.81,30361.46
kohefiza,2,2,763,Semi Furnished,5-10 years,53.08,58310.39
Indrapuri,2,2,836,Semi Furnished,New,52.52,54531.72
Sonagiri,5,4,2110,Unfurnished,1-5 years,101.66,94723.86
Roshanpura,1,1,410,Unfurnished,1-5 years,23.12,25115.43
Ayodhya nagar,5,4,2268,Semi Furnished,New,142.92,156865.09
VIP road,5,4,2155,Fully Furnished,10+ years,109.94,103306.47
Tajul masjid,1,1,487,Fully Furnished,5-10 years,22.32,23504.3
Hoshangabad Road,5,4,2437,Semi Furnished,1-5 years,150.68,145667.75
Misrod,2,2,1144,Fully Furnished,5-10 years,68.63,70660.14
Kolar hills,3,3,1141,Fully Furnished,1-5 years,51.94,56491.61
Anand nagar,5,4,2786,Fully Furnished,5-10 years,191.17,205265.06
Vijay nagar,1,1,434,Fully Furnished,New,24.5,24508.53
VIP road,3,3,1351,Semi Furnished,1-5 years,63.53,54601.24
Minal,4,3,1540,Fully Furnished,5-10 years,106.5,94856.69
Shyamla Hills,5,4,2085,Semi Furnished,5-10 years,133.33,135730.42
Tajul masjid,1,1,559,Unfurnished,5-10 years,36.99,37823.2
eidgah hills,3,3,1196,Unfurnished,10+ years,63.86,54674.4
Bawadiya Kalan,2,2,927,Semi Furnished,1-5 years,61.01,65382.09
Habibganj,5,4,2305,Fully Furnished,5-10 years,160.75,159778.74
Piplani,5,4,2650,Semi Furnished,5-10 years,172.23,144427.62
kohefiza,2,2,869,Fully Furnished,5-10 years,44.47,47141.5
Bawadiya Kalan,2,2,824,Semi Furnished,10+ years,51.77,57708.69
Gandhi nagar,5,4,2834,Fully Furnished,5-10 years,120.89,125266.51
Tajul masjid,3,3,1240,Unfurnished,10+ years,67.21,78038.68
VIP road,3,3,1175,Semi Furnished,10+ years,62.39,55798.55
Arera Colony,1,1,415,Semi Furnished,10+ years,26.75,31413.25
Ashoka garden,5,4,2408,Fully Furnished,5-10 years,111.28,116015.69
Indrapuri,2,2,842,Fully Furnished,New,36.09,41048.62
Ayodhya bypass,5,4,2890,Semi Furnished,New,178.76,174652.45
Bawadiya Kalan,1,1,513,Semi Furnished,New,31.49,27593.64
Bittan Market,4,3,1521,Semi Furnished,New,86.41,74952.57
eidgah hills,1,1,600,Semi Furnished,New,33.04,28113.63
chuna bhatti,2,2,782,Semi Furnished,1-5 years,53.9,63861.36
Minal,3,3,1458,Unfurnished,5-10 years,94.83,81586.98
Misrod,2,2,982,Fully Furnished,New,52.31,59257.82
Karond,5,4,2424,Fully Furnished,1-5 years,150.17,169060.23
Nizamuddin colony,3,3,1495,Semi Furnished,New,99.05,99488.43
sultaniya road,3,3,1433,Unfurnished,10+ years,89.82,105179.46
VIP road,5,4,2999,Fully Furnished,10+ years,151.76,128943.19
Kamla Nagar,1,1,425,Unfurnished,New,26.17,21513.36
Piplani,3,3,1318,Fully Furnished,10+ years,73.69,84628.25
Prabhat petrol pump,1,1,694,Unfurnished,5-10 years,47.61,53833.79
Karond,2,2,947,Semi Furnished,5-10 years,41.35,38819.7
Hoshangabad Road,3,3,1458,Unfurnished,10+ years,96.64,100428.93
Bairagarh,5,4,2297,Unfurnished,New,127.1,125122.04
Prabhat petrol pump,3,3,1427,Unfurnished,10+ years,77.39,73280.11
kohefiza,5,4,2033,Semi Furnished,New,109.59,130041.64
Anand nagar,1,1,539,Fully Furnished,10+ years,36.25,41528.07
Misrod,1,1,445,Unfurnished,New,19.66,19935.9
Bittan Market,5,4,2745,Semi Furnished,1-5 years,161.97,180631.03
Barkheda,2,2,1085,Unfurnished,5-10 years,71.56,67542.09
Barkheda,3,3,1512,Fully Furnished,1-5 years,101.2,112293.7
Lalghati,1,1,712,Fully Furnished,1-5 years,46.02,50771.88
Lalghati,5,4,2435,Fully Furnished,5-10 years,116.12,102656.08
Chuna Bhatti,1,1,769,Fully Furnished,5-10 years,53.51,52449.88
Habibganj,4,3,1961,Semi Furnished,1-5 years,89.99,79218.35
MP Nagar,1,1,447,Fully Furnished,5-10 years,23.49,27770.82
Service road,1,1,641,Semi Furnished,1-5 years,43.64,40489.04
Kolar Road,5,4,2180,Semi Furnished,1-5 years,96.14,113860.64
char Imli,3,3,1388,Fully Furnished,1-5 years,60.27,71859.97
Saket nagar,5,4,2133,Fully Furnished,5-10 years,90.42,94519.36
Kamla Nagar,2,2,992,Semi Furnished,10+ years,60.35,56663.07
MP Nagar,1,1,561,Semi Furnished,New,33.96,27370.02
New market,5,4,2627,Semi Furnished,10+ years,153.62,141532.86
Bairagarh,1,1,457,Fully Furnished,5-10 years,24.64,23208.52
Karond,1,1,579,Fully Furnished,10+ years,26.46,22296.5
Gandhi nagar,4,3,1899,Unfurnished,5-10 years,84.72,98055.42
Roshanpura,4,3,1787,Unfurnished,10+ years,93.14,106596.28
Ayodhya bypass,5,4,2243,Semi Furnished,10+ years,102.33,118461.62
Kamla Nagar,1,1,414,Unfurnished,10+ years,18.12,17573.17
MP Nagar,4,3,1735,Fully Furnished,5-10 years,108.19,116614.19
kohefiza,2,2,916,Unfurnished,New,42.59,35331.27
Govindpura,4,3,1688,Unfurnished,1-5 years,76.29,81409.0
Kolar Road,1,1,660,Unfurnished,5-10 years,26.44,31138.34
ibrahimpura,2,2,947,Unfurnished,10+ years,43.52,40806.09
Bawadiya Kalan,4,3,2057,Unfurnished,10+ years,113.93,124467.36
Arjun Nagar,5,4,2179,Semi Furnished,1-5 years,147.87,168980.76
Ashoka garden,1,1,559,Fully Furnished,1-5 years,24.96,28211.57
Bawadiya Kalan,1,1,487,Fully Furnished,10+ years,29.05,33511.32
Saket nagar,4,3,1874,Unfurnished,1-5 years,131.08,146589.22
Kolar Road,3,3,1414,Semi Furnished,1-5 years,61.66,51831.62
jahangirabad,3,3,1052,Fully Furnished,10+ years,48.41,39454.18
New market,1,1,646,Semi Furnished,New,30.92,26473.25
Karond,4,3,1855,Semi Furnished,10+ years,117.29,101874.01
VIP road,2,2,1020,Fully Furnished,New,64.76,77429.77
Hoshangabad Road,3,3,1153,Fully Furnished,New,69.7,71526.67
Piplani,3,3,1187,Fully Furnished,New,68.09,63230.7
jahangirabad,3,3,1147,Semi Furnished,1-5 years,46.15,45418.41
VIP road,4,3,1761,Semi Furnished,1-5 years,76.3,74834.55
Chuna Bhatti,2,2,1106,Unfurnished,5-10 years,71.18,69576.19
Chuna Bhatti,5,4,2976,Fully Furnished,5-10 years,153.19,142855.44
Chuna Bhatti,3,3,1202,Semi Furnished,1-5 years,67.59,62257.17
Bittan Market,3,3,1167,Unfurnished,New,55.38,66179.98
Kolar Road,4,3,1891,Unfurnished,5-10 years,115.19,112171.06
Narela,5,4,2885,Fully Furnished,10+ years,129.67,122721.13
Indrapuri,3,3,1164,Semi Furnished,5-10 years,71.12,76051.43
New market,2,2,784,Unfurnished,1-5 years,44.01,37827.35
Tajul masjid,2,2,1140,Semi Furnished,New,54.77,62616.0
Shivaji Nagar,5,4,2892,Fully Furnished,10+ years,194.37,178944.21
Prabhat petrol pump,3,3,1357,Fully Furnished,10+ years,55.0,44277.31
Kamla Nagar,5,4,2627,Fully Furnished,5-10 years,136.73,153164.83
Nizamuddin colony,2,2,723,Unfurnished,1-5 years,49.27,52037.05
Hoshangabad Road,4,3,1407,Semi Furnished,10+ years,66.96,53949.62
jahangirabad,3,3,1466,Semi Furnished,New,88.62,103808.64
Shivaji Nagar,1,1,515,Unfurnished,New,27.29,22354.21
Nizamuddin colony,2,2,702,Semi Furnished,New,38.69,38174.34
Narela,3,3,1539,Unfurnished,10+ years,89.87,100976.71
ibrahimpura,1,1,790,Fully Furnished,5-10 years,45.68,45862.62
Narela,5,4,2426,Fully Furnished,New,164.27,197073.3
Misrod,5,4,2117,Unfurnished,10+ years,95.45,76942.09
Indrapuri,3,3,1303,Semi Furnished,1-5 years,57.84,67725.06
Narela,2,2,1118,Semi Furnished,New,73.17,67053.1
VIP road,1,1,747,Fully Furnished,1-5 years,42.84,46789.77
Bawadiya Kalan,1,1,708,Fully Furnished,1-5 years,43.72,47932.25
Ratnagiri,5,4,2801,Fully Furnished,New,176.53,174574.84
Chuna Bhatti,3,3,1568,Fully Furnished,10+ years,65.13,73238.89
Arjun Nagar,5,4,2172,Unfurnished,5-10 years,109.44,109174.67
Sonagiri,1,1,632,Fully Furnished,1-5 years,36.28,29274.24
Lalghati,5,4,2267,Fully Furnished,10+ years,120.82,143134.39
Vikas Nagar,5,4,2427,Unfurnished,10+ years,150.97,136309.29
Ashoka garden,2,2,1076,Semi Furnished,1-5 years,65.44,70832.33
Kolar hills,3,3,1315,Semi Furnished,New,55.82,60305.45
Gulmohar,1,1,718,Semi Furnished,1-5 years,40.03,41442.33
Shanti Nagar,5,4,2642,Fully Furnished,10+ years,106.77,101752.34
Indrapuri,3,3,1140,Fully Furnished,5-10 years,61.53,50782.91
Narela,3,3,1160,Unfurnished,5-10 years,55.61,55111.07
Prabhat petrol pump,1,1,410,Semi Furnished,10+ years,23.98,23697.0
kohefiza,3,3,1170,Semi Furnished,New,68.21,64484.05
Kamla Nagar,3,3,1332,Semi Furnished,New,66.22,74650.82
kohefiza,1,1,691,Semi Furnished,New,30.68,34072.19
Vikas Nagar,1,1,578,Unfurnished,1-5 years,30.63,29514.95
eidgah hills,1,1,643,Semi Furnished,5-10 years,29.65,27591.39
Anand nagar,1,1,651,Semi Furnished,10+ years,35.06,28503.34
Arjun Nagar,3,3,1074,Unfurnished,1-5 years,67.52,72016.11
Habibganj,2,2,750,Fully Furnished,5-10 years,45.01,45527.5
chuna bhatti,1,1,777,Semi Furnished,1-5 years,53.86,64619.4
Anand nagar,1,1,491,Fully Furnished,5-10 years,31.86,36557.06
Chuna Bhatti,1,1,578,Semi Furnished,10+ years,27.93,33513.11
chuna bhatti,4,3,1759,Fully Furnished,New,84.77,69537.44
Vijay nagar,2,2,1118,Unfurnished,5-10 years,76.07,83316.3
Gandhi nagar,4,3,2094,Fully Furnished,10+ years,90.97,94007.99
VIP road,4,3,2069,Fully Furnished,5-10 years,83.49,78122.96
ibrahimpura,5,4,2146,Fully Furnished,5-10 years,124.66,116867.49
Kamla Nagar,3,3,1015,Fully Furnished,10+ years,56.96,63439.49
Karond,4,3,1519,Unfurnished,1-5 years,71.49,67000.88
eidgah hills,4,3,1636,Unfurnished,New,83.46,89867.42
Shanti Nagar,3,3,1293,Unfurnished,New,88.56,81705.33
Avadhpuri,5,4,2734,Semi Furnished,1-5 years,183.16,204404.5
Ayodhya bypass,3,3,1092,Fully Furnished,New,71.86,62170.36
Service road,3,3,1155,Semi Furnished,1-5 years,56.16,52739.57
Bittan Market,1,1,770,Unfurnished,5-10 years,31.64,37936.43
Vijay nagar,4,3,1947,Semi Furnished,1-5 years,122.42,117809.26
Shivaji Nagar,4,3,1897,Semi Furnished,5-10 years,84.65,80654.07
Shivaji Nagar,1,1,714,Semi Furnished,New,42.96,38339.92
Avadhpuri,5,4,2947,Unfurnished,10+ years,168.2,150881.46
Gandhi nagar,1,1,683,Semi Furnished,1-5 years,35.4,39576.48
Minal,3,3,1271,Semi Furnished,1-5 years,71.19,75217.65
Kolar Road,2,2,841,Fully Furnished,New,50.56,55994.79
Shyamla Hills,5,4,2033,Semi Furnished,1-5 years,122.34,142892.13
Saket nagar,4,3,1897,Semi Furnished,1-5 years,129.4,153841.79
Avadhpuri,5,4,2498,Unfurnished,New,109.04,110849.74
Shivaji Nagar,5,4,2805,Semi Furnished,10+ years,116.11,120007.51
Bawadiya Kalan,4,3,1698,Semi Furnished,5-10 years,104.49,110808.63
Habibganj,5,4,2725,Semi Furnished,10+ years,159.71,154266.34
Sonagiri,2,2,755,Fully Furnished,New,46.49,52170.2
Kolar Road,1,1,477,Semi Furnished,10+ years,28.44,25037.45
Shanti Nagar,5,4,2764,Unfurnished,1-5 years,145.53,171879.82
Indrapuri,1,1,614,Fully Furnished,New,29.74,24849.53
Misrod,1,1,800,Semi Furnished,New,55.13,63417.18
Govindpura,2,2,1097,Unfurnished,New,54.32,48459.52
Vikas Nagar,4,3,1731,Unfurnished,1-5 years,96.0,108251.09
Kolar hills,5,4,2650,Fully Furnished,1-5 years,161.07,187710.3
Saket nagar,3,3,1214,Unfurnished,1-5 years,57.58,65765.57
Shivaji Nagar,2,2,860,Semi Furnished,New,55.06,51047.63
Govindpura,4,3,1958,Unfurnished,1-5 years,115.86,116064.61
Arera Colony,1,1,720,Semi Furnished,New,32.73,28235.69
Prabhat petrol pump,3,3,1386,Unfurnished,New,94.47,98019.66
Gandhi nagar,5,4,2540,Semi Furnished,New,177.23,163195.56
Service road,1,1,544,Unfurnished,10+ years,29.11,25650.3
Karond,1,1,571,Unfurnished,5-10 years,29.83,29670.99
Govindpura,1,1,432,Semi Furnished,1-5 years,23.55,22574.66
Habibganj,5,4,2189,Semi Furnished,1-5 years,131.19,121564.83
char Imli,5,4,2456,Unfurnished,5-10 years,168.31,164286.34
Vikas Nagar,4,3,1835,Semi Furnished,5-10 years,96.65,81470.56
Misrod,4,3,2151,Semi Furnished,10+ years,135.55,124558.04
Shivaji Nagar,5,4,2640,Semi Furnished,10+ years,177.35,147029.32
Indrapuri,1,1,785,Fully Furnished,New,53.95,63135.65
Chuna Bhatti,1,1,647,Semi Furnished,5-10 years,28.21,30026.07
Habibganj,3,3,1474,Unfurnished,1-5 years,86.88,76936.67
Gulmohar,3,3,1561,Semi Furnished,5-10 years,76.74,76278.9
Kolar Road,5,4,2749,Semi Furnished,10+ years,112.95,120960.52
char Imli,1,1,534,Unfurnished,New,25.86,30725.35
Vijay nagar,1,1,653,Semi Furnished,10+ years,27.46,26432.79
MP Nagar,1,1,422,Unfurnished,10+ years,23.16,21124.25
Shyamla Hills,2,2,1113,Unfurnished,10+ years,60.59,52691.69
Lalghati,2,2,1180,Semi Furnished,New,78.09,80882.75
Karond,5,4,2099,Fully Furnished,10+ years,134.5,107943.61
Kolar Road,4,3,1700,Semi Furnished,10+ years,69.07,60102.27
Tajul masjid,1,1,731,Unfurnished,1-5 years,39.4,44879.34
Bairagarh,3,3,1595,Fully Furnished,5-10 years,99.88,98979.83
Avadhpuri,1,1,583,Semi Furnished,1-5 years,34.94,29250.5
chuna bhatti,3,3,1483,Semi Furnished,1-5 years,98.35,89850.53
Ayodhya bypass,5,4,2817,Fully Furnished,10+ years,193.4,176025.31
Gandhi nagar,3,3,1171,Fully Furnished,5-10 years,67.54,75567.79
chuna bhatti,4,3,1597,Semi Furnished,5-10 years,100.95,98529.11
char Imli,2,2,1126,Unfurnished,5-10 years,60.39,61306.01
Lalghati,5,4,2972,Semi Furnished,5-10 years,159.3,175254.42
Shyamla Hills,3,3,1236,Unfurnished,5-10 years,69.39,69758.84
Sonagiri,1,1,662,Unfurnished,New,37.58,40576.4
Ratnagiri,3,3,1528,Semi Furnished,1-5 years,82.18,68687.38
Saket nagar,5,4,2420,Semi Furnished,5-10 years,143.03,138970.14
sultaniya road,5,4,2642,Semi Furnished,5-10 years,106.55,106568.61
Tajul masjid,1,1,636,Semi Furnished,10+ years,26.03,21666.62
Habibganj,1,1,467,Unfurnished,5-10 years,26.23,22538.53
Misrod,4,3,1536,Unfurnished,New,77.37,77011.91
kohefiza,3,3,1414,Fully Furnished,5-10 years,85.09,88754.22
jahangirabad,4,3,1580,Unfurnished,New,65.63,75582.08
Kolar Road,3,3,1357,Fully Furnished,1-5 years,68.2,81563.44
Gandhi nagar,3,3,1178,Semi Furnished,New,77.96,78165.89
Arjun Nagar,4,3,1880,Unfurnished,New,112.46,93078.55
Karond,3,3,1465,Unfurnished,5-10 years,100.62,117782.91
Govindpura,5,4,2977,Fully Furnished,10+ years,194.66,170017.13
Gandhi nagar,1,1,530,Unfurnished,10+ years,29.22,28822.39
Kamla Nagar,2,2,833,Unfurnished,New,40.62,43309.51
Ayodhya bypass,2,2,916,Unfurnished,10+ years,39.34,41066.46
Piplani,1,1,665,Semi Furnished,10+ years,28.82,25482.23
Bittan Market,2,2,1160,Fully Furnished,10+ years,71.49,82477.02
kohefiza,1,1,469,Unfurnished,10+ years,27.34,27358.16
Prabhat petrol pump,4,3,1827,Fully Furnished,5-10 years,94.36,104638.42
MP Nagar,3,3,1102,Fully Furnished,5-10 years,76.58,87936.03
jahangirabad,5,4,2788,Unfurnished,5-10 years,183.41,155602.44
Ayodhya bypass,2,2,971,Fully Furnished,10+ years,60.43,54761.86
Ayodhya nagar,1,1,640,Semi Furnished,5-10 years,44.67,47467.39
Vijay nagar,3,3,1002,Fully Furnished,1-5 years,47.03,38690.72
sultaniya road,5,4,2954,Fully Furnished,1-5 years,131.92,121120.58
Prabhat petrol pump,2,2,798,Semi Furnished,1-5 years,42.88,43734.29
Ayodhya nagar,1,1,627,Fully Furnished,New,40.13,46091.71
MP Nagar,4,3,2029,Fully Furnished,1-5 years,106.79,94604.17
Minal,1,1,472,Unfurnished,New,30.94,26429.06
kohefiza,5,4,2240,Semi Furnished,1-5 years,152.38,131850.69
Kolar hills,2,2,1131,Unfurnished,5-10 years,47.98,49740.53
Prabhat petrol pump,5,4,2369,Fully Furnished,New,147.41,130971.94
Ayodhya bypass,1,1,545,Fully Furnished,1-5 years,22.44,22818.32
Prabhat petrol pump,5,4,2425,Unfurnished,New,131.7,145695.75
Karond,2,2,722,Unfurnished,1-5 years,34.8,37586.1
Service road,1,1,721,Semi Furnished,New,40.57,42620.01
Habibganj,1,1,617,Semi Furnished,1-5 years,37.77,42867.44
Karond,1,1,756,Fully Furnished,New,40.83,39187.33
Bittan Market,4,3,1950,Fully Furnished,New,116.97,137070.83
kohefiza,5,4,2938,Semi Furnished,1-5 years,202.86,180302.29
Ayodhya bypass,5,4,2457,Semi Furnished,10+ years,113.15,98394.48
Service road,3,3,1361,Semi Furnished,10+ years,66.72,62754.98
Service road,3,3,1555,Semi Furnished,5-10 years,106.15,125153.51
Bawadiya Kalan,4,3,1797,Semi Furnished,10+ years,114.53,121577.52
eidgah hills,2,2,974,Fully Furnished,10+ years,50.93,58040.34
Ayodhya bypass,3,3,1520,Unfurnished,New,62.25,74090.72
Avadhpuri,4,3,1576,Fully Furnished,New,93.68,95828.11
Sonagiri,3,3,1391,Semi Furnished,10+ years,89.78,82345.19
Arera Colony,1,1,705,Fully Furnished,5-10 years,38.71,37383.9
Ratnagiri,3,3,1423,Semi Furnished,New,60.33,72082.97
Misrod,3,3,1556,Semi Furnished,10+ years,66.61,76227.63
Minal,2,2,1100,Fully Furnished,New,73.08,75074.34
New market,3,3,1394,Semi Furnished,5-10 years,64.31,60171.35
Barkheda,4,3,1769,Fully Furnished,1-5 years,87.88,71518.54
Govindpura,5,4,2245,Fully Furnished,10+ years,140.65,164552.33
char Imli,5,4,2410,Unfurnished,New,98.35,96339.75
Kolar Road,5,4,2937,Semi Furnished,5-10 years,188.04,176954.72
ibrahimpura,2,2,836,Fully Furnished,New,35.08,31744.48
Minal,4,3,1439,Semi Furnished,5-10 years,95.57,95984.33
Lalghati,3,3,1202,Unfurnished,1-5 years,58.34,51257.65
Bittan Market,2,2,929,Fully Furnished,1-5 years,52.73,46526.85
Lalghati,3,3,1017,Semi Furnished,New,41.86,42934.52
Gandhi nagar,4,3,1717,Unfurnished,New,109.95,120217.74
jahangirabad,1,1,724,Fully Furnished,5-10 years,31.76,35583.92
Service road,1,1,662,Fully Furnished,5-10 years,26.97,31185.96
Piplani,4,3,1462,Unfurnished,5-10 years,63.3,60832.26
eidgah hills,2,2,1164,Fully Furnished,New,78.11,92257.85
Prabhat petrol pump,1,1,718,Semi Furnished,10+ years,45.06,48952.51
VIP road,2,2,901,Semi Furnished,New,49.7,51928.39
sultaniya road,2,2,1171,Unfurnished,New,61.48,57967.8
Misrod,5,4,2158,Unfurnished,1-5 years,100.95,109941.86
Kolar Road,2,2,877,Semi Furnished,New,59.21,59748.48
VIP road,4,3,1676,Semi Furnished,1-5 years,91.44,98445.11
Roshanpura,4,3,1699,Unfurnished,10+ years,68.8,64264.78
Anand nagar,1,1,411,Fully Furnished,10+ years,27.24,28479.9
Vijay nagar,3,3,1215,Unfurnished,10+ years,50.61,55659.18
Habibganj,4,3,1848,Unfurnished,5-10 years,82.67,74558.75
Prabhat petrol pump,1,1,485,Unfurnished,1-5 years,29.4,25144.72
Hoshangabad Road,3,3,1109,Semi Furnished,10+ years,66.04,62658.16
ibrahimpura,3,3,1325,Fully Furnished,5-10 years,73.79,86117.39
Piplani,3,3,1403,Semi Furnished,10+ years,91.78,79493.22
char Imli,2,2,1080,Fully Furnished,5-10 years,68.28,79610.76
Narela,1,1,445,Fully Furnished,10+ years,26.5,30240.83
Habibganj,2,2,779,Fully Furnished,New,39.11,39272.98
Sonagiri,1,1,587,Semi Furnished,5-10 years,29.95,24576.94
Gulmohar,2,2,1054,Semi Furnished,New,64.58,71633.71
Avadhpuri,3,3,1093,Unfurnished,5-10 years,75.69,69741.17
Chuna Bhatti,1,1,440,Fully Furnished,1-5 years,22.83,26229.39
Karond,5,4,2560,Fully Furnished,5-10 years,132.97,123553.04
Barkheda,5,4,2799,Fully Furnished,1-5 years,142.7,116452.25
Piplani,2,2,801,Fully Furnished,New,42.03,44601.23
Vikas Nagar,4,3,1978,Semi Furnished,1-5 years,79.74,70378.14
Chuna Bhatti,4,3,1593,Semi Furnished,New,88.35,75499.36
Habibganj,4,3,1881,Semi Furnished,10+ years,82.11,93412.43
Shyamla Hills,5,4,2229,Semi Furnished,New,127.51,148577.06
VIP road,1,1,558,Fully Furnished,New,30.24,24545.09
Hoshangabad Road,5,4,2230,Unfurnished,5-10 years,104.93,124480.16
Habibganj,4,3,1681,Unfurnished,5-10 years,81.05,70033.92
Shanti Nagar,4,3,1798,Unfurnished,New,115.84,131505.41
Prabhat petrol pump,3,3,1268,Unfurnished,1-5 years,62.29,57851.52
Habibganj,3,3,1382,Semi Furnished,New,74.48,74428.48
Piplani,2,2,1191,Unfurnished,1-5 years,65.15,69026.74
Service road,4,3,1595,Unfurnished,5-10 years,103.47,106384.98
Minal,2,2,848,Unfurnished,10+ years,50.39,48711.68
Lalghati,1,1,571,Semi Furnished,1-5 years,35.16,40790.66
Ayodhya nagar,2,2,909,Fully Furnished,10+ years,50.03,59212.81
Barkheda,5,4,2295,Semi Furnished,1-5 years,114.37,93028.7
ibrahimpura,1,1,778,Semi Furnished,10+ years,33.89,33514.35
Misrod,4,3,2067,Semi Furnished,5-10 years,116.31,121238.02
kohefiza,1,1,667,Fully Furnished,10+ years,39.32,35895.81
Ratnagiri,5,4,2514,Unfurnished,1-5 years,152.65,123993.01
Indrapuri,4,3,2155,Unfurnished,1-5 years,139.15,133182.03
Bairagarh,2,2,952,Fully Furnished,1-5 years,63.83,56764.36
Shivaji Nagar,3,3,1052,Fully Furnished,5-10 years,53.87,60438.96
Kolar hills,5,4,2151,Semi Furnished,10+ years,129.61,146015.67
Shyamla Hills,2,2,1129,Unfurnished,10+ years,60.87,69187.5
Shanti Nagar,2,2,923,Unfurnished,1-5 years,56.53,67406.31
VIP road,5,4,2635,Fully Furnished,1-5 years,114.53,95744.2
jahangirabad,4,3,1684,Fully Furnished,1-5 years,95.21,82079.13
Shivaji Nagar,3,3,1023,Semi Furnished,New,67.94,61917.12
Piplani,5,4,2486,Unfurnished,10+ years,137.76,164074.45
Karond,2,2,1037,Unfurnished,10+ years,72.09,84948.74
Indrapuri,1,1,707,Unfurnished,10+ years,34.63,32740.62
chuna bhatti,5,4,2425,Unfurnished,10+ years,112.81,107554.15
Kolar hills,2,2,1099,Fully Furnished,New,45.22,43351.5
Vikas Nagar,1,1,758,Fully Furnished,1-5 years,53.0,57520.97
eidgah hills,1,1,477,Semi Furnished,10+ years,24.95,27614.99
Karond,3,3,1553,Semi Furnished,New,76.2,74559.67
Bairagarh,2,2,948,Unfurnished,5-10 years,41.97,41384.51
New market,3,3,1115,Semi Furnished,5-10 years,62.72,72896.12
Bawadiya Kalan,1,1,531,Unfurnished,1-5 years,24.45,28691.05
Arera Colony,4,3,1506,Unfurnished,10+ years,72.5,82853.49
Shyamla Hills,4,3,1598,Semi Furnished,5-10 years,69.99,56899.23
MP Nagar,2,2,1099,Semi Furnished,1-5 years,67.62,69765.87
char Imli,3,3,1099,Unfurnished,10+ years,49.22,39540.89
char Imli,5,4,2055,Semi Furnished,5-10 years,99.78,107900.7
Nizamuddin colony,2,2,804,Fully Furnished,New,39.56,34335.35
Shanti Nagar,1,1,589,Fully Furnished,1-5 years,37.86,39473.06
Vijay nagar,1,1,551,Semi Furnished,10+ years,32.45,35580.3
chuna bhatti,4,3,2045,Unfurnished,1-5 years,122.4,116185.26
Shanti Nagar,5,4,2604,Semi Furnished,10+ years,170.02,151550.2
Chuna Bhatti,1,1,417,Fully Furnished,5-10 years,24.61,29229.33
Habibganj,3,3,1430,Unfurnished,10+ years,64.59,75711.42
char Imli,2,2,897,Unfurnished,10+ years,59.53,60021.59
Avadhpuri,1,1,765,Fully Furnished,New,50.84,55477.21
Sonagiri,2,2,1004,Fully Furnished,10+ years,66.44,76294.56
Chuna Bhatti,1,1,539,Fully Furnished,5-10 years,37.51,36971.3
Kamla Nagar,3,3,1010,Unfurnished,5-10 years,46.47,53289.21
jahangirabad,3,3,1303,Fully Furnished,10+ years,89.15,100284.62
Ratnagiri,4,3,1437,Fully Furnished,5-10 years,92.01,89787.23
kohefiza,2,2,747,Semi Furnished,10+ years,42.07,34186.96
Chuna Bhatti,1,1,709,Fully Furnished,5-10 years,41.05,33677.3
ibrahimpura,3,3,1065,Semi Furnished,5-10 years,70.99,57728.2
Govindpura,4,3,2082,Semi Furnished,10+ years,109.46,89618.55
Karond,4,3,2061,Fully Furnished,New,131.42,156011.99
Shanti Nagar,5,4,2171,Unfurnished,1-5 years,120.39,136971.24
Piplani,5,4,2194,Unfurnished,1-5 years,87.88,105277.8
Prabhat petrol pump,5,4,2889,Unfurnished,10+ years,196.88,228254.71
Gulmohar,2,2,1008,Semi Furnished,New,69.02,74028.79
Ratnagiri,4,3,2049,Semi Furnished,New,82.78,90378.52
Nizamuddin colony,1,1,600,Unfurnished,1-5 years,30.55,30147.04
sultaniya road,5,4,2410,Semi Furnished,1-5 years,149.92,128994.99
Kamla Nagar,5,4,2387,Semi Furnished,10+ years,162.28,139872.08
Kolar Road,3,3,1270,Fully Furnished,5-10 years,64.4,72858.07
char Imli,4,3,1877,Unfurnished,10+ years,90.05,85752.19
Minal,5,4,2683,Fully Furnished,1-5 years,179.6,154666.07
MP Nagar,2,2,829,Unfurnished,5-10 years,54.71,63151.32
Avadhpuri,4,3,1693,Unfurnished,10+ years,99.01,111351.26
Roshanpura,3,3,1100,Semi Furnished,1-5 years,55.93,64989.8
Anand nagar,5,4,2805,Unfurnished,New,145.71,155451.02
jahangirabad,1,1,604,Fully Furnished,1-5 years,34.24,28962.55
Misrod,1,1,748,Fully Furnished,5-10 years,51.69,46295.46
Roshanpura,3,3,1089,Semi Furnished,1-5 years,72.04,78172.06
eidgah hills,2,2,1037,Semi Furnished,10+ years,47.25,44440.61
Tajul masjid,2,2,1066,Unfurnished,1-5 years,60.03,50867.49
Saket nagar,3,3,1534,Semi Furnished,New,96.28,104277.16
Vikas Nagar,5,4,2921,Fully Furnished,5-10 years,141.76,146663.89
Arera Colony,4,3,1503,Semi Furnished,New,95.09,86532.47
Ashoka garden,5,4,2969,Unfurnished,10+ years,171.16,139469.92
Minal,4,3,1402,Semi Furnished,5-10 years,82.63,77336.09
Misrod,2,2,741,Fully Furnished,10+ years,29.96,35317.87
Barkheda,5,4,2465,Fully Furnished,1-5 years,163.84,131834.51
Minal,2,2,921,Semi Furnished,New,52.03,60614.22
Saket nagar,5,4,2159,Semi Furnished,10+ years,150.96,172457.75
Kamla Nagar,5,4,2615,Semi Furnished,1-5 years,158.96,159174.34
Habibganj,2,2,780,Fully Furnished,1-5 years,53.65,53785.98
Kolar hills,1,1,442,Semi Furnished,New,20.82,19809.83
Roshanpura,4,3,2040,Unfurnished,1-5 years,117.97,116793.32
Service road,4,3,1616,Semi Furnished,New,88.18,97389.96
chuna bhatti,4,3,2145,Fully Furnished,1-5 years,91.48,83737.7
ibrahimpura,3,3,1372,Fully Furnished,5-10 years,89.42,103525.02
Bawadiya Kalan,4,3,1567,Fully Furnished,5-10 years,100.32,105486.9
Anand nagar,5,4,2458,Fully Furnished,5-10 years,98.34,85643.68
Bittan Market,5,4,2353,Fully Furnished,1-5 years,157.96,178139.4
ibrahimpura,1,1,770,Unfurnished,1-5 years,44.82,46748.04
chuna bhatti,1,1,570,Unfurnished,5-10 years,39.4,46830.53
Karond,2,2,857,Unfurnished,10+ years,56.29,59469.14
chuna bhatti,4,3,1922,Semi Furnished,1-5 years,91.7,108082.54
Arjun Nagar,1,1,596,Fully Furnished,New,26.67,26988.5
Barkheda,5,4,2711,Semi Furnished,5-10 years,150.55,137842.33
Avadhpuri,1,1,773,Fully Furnished,New,47.8,46868.1
Arera Colony,2,2,741,Fully Furnished,5-10 years,33.41,28505.06
char Imli,5,4,2636,Semi Furnished,New,112.63,102264.76
Ratnagiri,1,1,502,Fully Furnished,10+ years,30.87,24978.35
Gandhi nagar,3,3,1592,Unfurnished,10+ years,108.29,91978.06
VIP road,4,3,2121,Semi Furnished,New,126.5,141713.83
MP Nagar,3,3,1428,Semi Furnished,1-5 years,89.43,71927.05
Minal,3,3,1176,Semi Furnished,5-10 years,80.82,92615.13
Vijay nagar,4,3,2067,Unfurnished,New,90.31,104219.44
Arera Colony,1,1,515,Semi Furnished,10+ years,26.84,27329.55
eidgah hills,1,1,761,Semi Furnished,10+ years,47.08,47935.24
Anand nagar,3,3,1442,Unfurnished,10+ years,88.09,99510.68
Tajul masjid,3,3,1113,Fully Furnished,5-10 years,62.11,62216.34
Gandhi nagar,2,2,819,Semi Furnished,10+ years,57.03,57039.03
kohefiza,5,4,2667,Unfurnished,1-5 years,174.82,197345.38
Vikas Nagar,1,1,554,Unfurnished,10+ years,33.89,35548.66
Gandhi nagar,4,3,1706,Fully Furnished,1-5 years,113.56,110488.96
Nizamuddin colony,2,2,821,Unfurnished,5-10 years,57.32,57236.24
Shanti Nagar,5,4,2151,Semi Furnished,10+ years,129.14,115858.58
Bittan Market,4,3,1720,Semi Furnished,New,96.34,80122.43
Sonagiri,2,2,817,Semi Furnished,1-5 years,37.27,38511.69
chuna bhatti,3,3,1006,Fully Furnished,New,65.64,72530.36
Chuna Bhatti,4,3,1843,Semi Furnished,5-10 years,80.02,74477.52
Kolar Road,4,3,1538,Unfurnished,5-10 years,96.36,99343.67
Karond,1,1,593,Fully Furnished,10+ years,24.88,29727.03
jahangirabad,2,2,828,Semi Furnished,1-5 years,53.9,54000.42
Avadhpuri,4,3,1722,Semi Furnished,New,70.75,69946.58
Narela,2,2,822,Fully Furnished,5-10 years,39.49,43858.79
Tajul masjid,3,3,1007,Unfurnished,5-10 years,59.02,64644.28
Vikas Nagar,5,4,2231,Fully Furnished,5-10 years,152.43,174679.05
Anand nagar,3,3,1520,Fully Furnished,1-5 years,63.84,73507.66
Shivaji Nagar,3,3,1438,Unfurnished,New,62.35,53049.09
Kolar hills,1,1,548,Unfurnished,1-5 years,27.16,28734.33
Vikas Nagar,3,3,1115,Semi Furnished,5-10 years,65.91,77916.35
Kamla Nagar,2,2,1150,Unfurnished,10+ years,80.33,88473.25
ibrahimpura,2,2,1180,Semi Furnished,1-5 years,69.61,63495.83
Ashoka garden,1,1,561,Semi Furnished,New,27.78,25196.49
Shanti Nagar,3,3,1580,Semi Furnished,10+ years,96.3,87470.28
Misrod,4,3,2166,Semi Furnished,5-10 years,97.01,96568.68
Gandhi nagar,1,1,690,Fully Furnished,1-5 years,28.76,28815.44
Hoshangabad Road,3,3,1571,Semi Furnished,1-5 years,72.1,72399.1
chuna bhatti,4,3,1799,Semi Furnished,1-5 years,112.42,111467.48
Minal,2,2,922,Semi Furnished,New,42.01,36670.42
Service road,3,3,1252,Semi Furnished,New,55.08,50034.35
Lalghati,5,4,2350,Fully Furnished,5-10 years,143.55,127468.98
Hoshangabad Road,2,2,804,Fully Furnished,New,56.25,60963.36
Bairagarh,1,1,789,Unfurnished,5-10 years,31.65,26043.19
Lalghati,4,3,1967,Semi Furnished,1-5 years,95.15,107084.06
Vikas Nagar,4,3,1816,Unfurnished,5-10 years,116.87,123967.52
Lalghati,4,3,2177,Semi Furnished,1-5 years,91.3,108342.16
Tajul masjid,4,3,1958,Unfurnished,1-5 years,95.53,76519.41
Ayodhya nagar,5,4,2644,Semi Furnished,1-5 years,121.73,136695.0
MP Nagar,4,3,1623,Unfurnished,1-5 years,113.22,93138.81
Chuna Bhatti,4,3,2111,Unfurnished,10+ years,143.06,126326.45
Gandhi nagar,3,3,1431,Unfurnished,1-5 years,60.32,67587.54
Gulmohar,5,4,2313,Fully Furnished,10+ years,142.99,158204.53
New market,3,3,1522,Fully Furnished,New,90.8,72681.5
Roshanpura,3,3,1331,Semi Furnished,10+ years,89.51,84783.0
Gulmohar,1,1,437,Semi Furnished,New,27.36,22462.48
Shyamla Hills,1,1,712,Fully Furnished,1-5 years,34.76,31443.68
Ashoka garden,3,3,1001,Unfurnished,5-10 years,65.45,67885.54
sultaniya road,2,2,956,Fully Furnished,10+ years,52.56,57018.98
eidgah hills,1,1,403,Semi Furnished,New,25.14,30149.5
Avadhpuri,5,4,2739,Fully Furnished,5-10 years,115.63,92587.79
Govindpura,2,2,1050,Semi Furnished,5-10 years,57.9,59240.56
kohefiza,4,3,1953,Semi Furnished,5-10 years,119.17,114942.86
Misrod,3,3,1585,Fully Furnished,New,82.97,77590.93
Barkheda,2,2,1184,Fully Furnished,10+ years,50.57,49970.27
Govindpura,2,2,1119,Fully Furnished,5-10 years,63.51,51513.99
Piplani,3,3,1302,Fully Furnished,5-10 years,58.37,59755.57
Habibganj,2,2,1180,Semi Furnished,10+ years,68.52,71922.5
sultaniya road,5,4,2564,Fully Furnished,10+ years,178.22,170001.08
sultaniya road,1,1,521,Unfurnished,5-10 years,35.73,40447.68
Govindpura,2,2,752,Fully Furnished,New,36.91,40347.9
jahangirabad,3,3,1336,Semi Furnished,5-10 years,92.35,81998.84
Nizamuddin colony,1,1,500,Semi Furnished,New,31.38,31513.77
Anand nagar,1,1,567,Fully Furnished,1-5 years,33.95,29745.19
Anand nagar,3,3,1016,Unfurnished,5-10 years,58.4,55491.54
Kolar Road,2,2,1084,Fully Furnished,New,47.55,47882.22
Bittan Market,2,2,1090,Unfurnished,10+ years,65.91,56959.58
Arera Colony,3,3,1077,Unfurnished,5-10 years,59.72,60864.67
chuna bhatti,5,4,2448,Unfurnished,1-5 years,165.5,152234.71
Gandhi nagar,2,2,823,Semi Furnished,10+ years,53.9,55350.34
Ratnagiri,4,3,2144,Semi Furnished,5-10 years,89.72,84870.12
Kolar Road,2,2,861,Semi Furnished,New,41.36,48289.03
eidgah hills,3,3,1003,Semi Furnished,10+ years,62.18,60599.32
chuna bhatti,2,2,1002,Fully Furnished,10+ years,69.91,71238.75
sultaniya road,5,4,2453,Unfurnished,10+ years,137.73,153634.13
Shyamla Hills,2,2,1032,Unfurnished,5-10 years,67.38,79949.44
Arera Colony,3,3,1599,Unfurnished,1-5 years,101.8,95749.56
Prabhat petrol pump,4,3,1682,Unfurnished,New,116.39,135645.11
char Imli,4,3,1728,Unfurnished,New,117.04,138705.9
Chuna Bhatti,5,4,2057,Fully Furnished,1-5 years,104.57,102093.52
Ayodhya bypass,3,3,1578,Fully Furnished,New,107.27,92166.33
Shyamla Hills,1,1,474,Semi Furnished,New,22.18,22673.72
sultaniya road,2,2,795,Fully Furnished,5-10 years,50.86,49128.75
Vijay nagar,1,1,743,Unfurnished,10+ years,29.79,28969.64
Habibganj,4,3,2070,Semi Furnished,10+ years,90.63,102274.38
Arera Colony,2,2,1033,Unfurnished,5-10 years,60.75,72792.18
Lalghati,4,3,1500,Unfurnished,5-10 years,93.41,92712.77
Ayodhya nagar,5,4,2784,Unfurnished,5-10 years,130.35,135598.87
Karond,5,4,2639,Unfurnished,5-10 years,166.71,159097.06
Nizamuddin colony,1,1,497,Semi Furnished,1-5 years,33.74,38317.5
jahangirabad,1,1,507,Unfurnished,New,26.74,22054.64
Bairagarh,3,3,1157,Fully Furnished,5-10 years,59.45,47646.68
Kolar hills,2,2,845,Unfurnished,1-5 years,54.32,58457.88
Sonagiri,1,1,713,Semi Furnished,10+ years,32.77,38156.1
Avadhpuri,2,2,890,Unfurnished,New,62.12,55903.31
Shivaji Nagar,4,3,1905,Unfurnished,10+ years,105.24,84787.19
Misrod,3,3,1100,Semi Furnished,1-5 years,69.28,73842.93
Arera Colony,4,3,1412,Semi Furnished,5-10 years,75.78,61876.11
Govindpura,1,1,497,Semi Furnished,New,27.67,26575.51
Piplani,2,2,787,Fully Furnished,1-5 years,47.75,56070.64
Tajul masjid,5,4,2104,Semi Furnished,5-10 years,112.0,133514.49
Ayodhya bypass,2,2,1073,Unfurnished,10+ years,69.6,69002.94
Tajul masjid,1,1,536,Fully Furnished,1-5 years,25.78,26090.83
Vikas Nagar,5,4,2367,Semi Furnished,10+ years,148.32,148310.34
Avadhpuri,2,2,882,Fully Furnished,New,53.78,51769.23
Sonagiri,3,3,1082,Semi Furnished,5-10 years,68.92,82256.56
Chuna Bhatti,5,4,2970,Fully Furnished,5-10 years,198.84,161530.36
Bawadiya Kalan,4,3,2174,Unfurnished,New,150.66,137058.88
MP Nagar,2,2,896,Fully Furnished,New,50.13,40648.82
Ayodhya bypass,5,4,2879,Unfurnished,5-10 years,136.57,117611.69
Kolar hills,2,2,944,Semi Furnished,New,52.64,42263.37
Vijay nagar,5,4,2511,Unfurnished,New,170.25,189249.59
Bittan Market,5,4,2502,Semi Furnished,1-5 years,151.69,161813.58
Gandhi nagar,2,2,897,Semi Furnished,1-5 years,45.75,43380.13
Barkheda,2,2,907,Semi Furnished,New,52.93,55191.61
char Imli,3,3,1536,Semi Furnished,5-10 years,74.46,67600.59
Gandhi nagar,1,1,493,Fully Furnished,10+ years,30.23,33035.16
Ayodhya nagar,4,3,1937,Semi Furnished,10+ years,110.57,99725.43
Hoshangabad Road,1,1,633,Unfurnished,10+ years,36.18,30602.2
eidgah hills,4,3,1960,Semi Furnished,1-5 years,101.03,100666.24
Nizamuddin colony,4,3,1708,Fully Furnished,1-5 years,116.25,112940.84
Arjun Nagar,3,3,1411,Unfurnished,1-5 years,61.61,52303.04
Vijay nagar,4,3,1860,Semi Furnished,5-10 years,111.12,100074.98
Shanti Nagar,4,3,1545,Semi Furnished,10+ years,74.28,80117.64
Arjun Nagar,5,4,2088,Semi Furnished,10+ years,102.76,113813.45
Bawadiya Kalan,2,2,749,Unfurnished,New,44.63,52273.07
MP Nagar,5,4,2889,Unfurnished,New,144.45,166709.57
Ratnagiri,4,3,1758,Semi Furnished,1-5 years,97.12,108581.78
Vijay nagar,2,2,847,Unfurnished,10+ years,56.03,55685.46
MP Nagar,3,3,1320,Fully Furnished,New,56.2,55171.26
char Imli,3,3,1484,Unfurnished,New,87.67,74576.5
Roshanpura,5,4,2197,Semi Furnished,5-10 years,120.7,122692.72
Nizamuddin colony,3,3,1530,Fully Furnished,New,94.71,82167.06
Ratnagiri,3,3,1298,Fully Furnished,10+ years,73.04,85182.01
Ashoka garden,4,3,1624,Fully Furnished,10+ years,86.75,95352.11
kohefiza,5,4,2504,Semi Furnished,1-5 years,113.8,122597.93
Govindpura,2,2,1184,Semi Furnished,5-10 years,78.62,78825.0
Habibganj,1,1,573,Unfurnished,1-5 years,26.55,31307.96
Govindpura,1,1,605,Fully Furnished,New,26.66,24410.83
Karond,5,4,2553,Unfurnished,New,114.11,99175.86
eidgah hills,3,3,1326,Semi Furnished,1-5 years,56.55,48767.44
Shanti Nagar,1,1,655,Fully Furnished,1-5 years,31.59,26431.37
Bittan Market,2,2,900,Fully Furnished,New,47.48,39237.04
Barkheda,5,4,2538,Semi Furnished,5-10 years,110.07,114625.1
Barkheda,1,1,694,Unfurnished,1-5 years,34.78,39295.6
Service road,1,1,800,Fully Furnished,10+ years,34.44,41110.18
Shanti Nagar,2,2,847,Semi Furnished,1-5 years,35.9,29802.83
Habibganj,2,2,946,Fully Furnished,New,56.53,60399.14
Vijay nagar,2,2,935,Unfurnished,1-5 years,52.37,49038.74
Ratnagiri,2,2,829,Semi Furnished,5-10 years,40.93,43727.64
Kolar hills,5,4,2533,Unfurnished,5-10 years,115.58,99057.54
Arera Colony,1,1,772,Fully Furnished,New,43.28,39275.73
Shyamla Hills,1,1,691,Fully Furnished,5-10 years,32.26,37753.81
Tajul masjid,4,3,1527,Unfurnished,5-10 years,66.45,67988.8
Anand nagar,1,1,607,Semi Furnished,5-10 years,29.02,27073.99
Minal,2,2,1089,Unfurnished,10+ years,56.6,67598.74
Misrod,5,4,2872,Semi Furnished,New,125.58,112728.94
Shyamla Hills,1,1,539,Unfurnished,10+ years,23.38,18763.1
Gulmohar,2,2,850,Semi Furnished,5-10 years,42.66,48748.53
Sonagiri,2,2,904,Unfurnished,10+ years,49.8,46523.55
Shivaji Nagar,1,1,756,Unfurnished,5-10 years,36.51,32864.1
Shanti Nagar,1,1,458,Semi Furnished,10+ years,21.29,25545.09
Bairagarh,1,1,799,Unfurnished,New,51.91,45253.52
Bawadiya Kalan,4,3,2142,Unfurnished,10+ years,144.55,147927.84
Hoshangabad Road,3,3,1410,Unfurnished,New,90.12,75634.11
Ratnagiri,4,3,1915,Unfurnished,1-5 years,121.69,132089.71
sultaniya road,4,3,1676,Unfurnished,5-10 years,71.36,70110.69
Prabhat petrol pump,4,3,1455,Fully Furnished,10+ years,74.87,76107.64
Arera Colony,5,4,2877,Semi Furnished,New,126.66,129161.04
Arjun Nagar,3,3,1582,Semi Furnished,5-10 years,81.16,94865.59
Arjun Nagar,5,4,2262,Fully Furnished,5-10 years,133.19,138778.06
Piplani,2,2,1172,Unfurnished,1-5 years,65.62,73675.17
Chuna Bhatti,3,3,1494,Fully Furnished,New,65.47,68871.6
Service road,2,2,788,Unfurnished,10+ years,54.2,55173.95
Misrod,2,2,1091,Fully Furnished,10+ years,49.74,40453.4
VIP road,3,3,1128,Unfurnished,5-10 years,71.05,56896.07
Ayodhya nagar,3,3,1273,Unfurnished,10+ years,69.92,79130.54
Anand nagar,2,2,1068,Unfurnished,New,68.87,81023.2
Bittan Market,1,1,493,Semi Furnished,1-5 years,25.27,23838.53
Service road,3,3,1553,Fully Furnished,5-10 years,97.7,97858.98
Bairagarh,5,4,2611,Semi Furnished,1-5 years,148.22,149769.04
Bairagarh,5,4,2914,Fully Furnished,5-10 years,169.96,177312.29
Vikas Nagar,1,1,468,Unfurnished,New,19.08,17391.13
Bawadiya Kalan,4,3,1770,Semi Furnished,1-5 years,121.82,104324.98
New market,4,3,2019,Fully Furnished,New,95.05,92558.93
Govindpura,4,3,2029,Unfurnished,5-10 years,116.27,100191.66
Avadhpuri,5,4,2271,Fully Furnished,1-5 years,107.5,104203.68
Saket nagar,1,1,777,Unfurnished,10+ years,34.92,31447.18
Prabhat petrol pump,5,4,2292,Fully Furnished,1-5 years,96.32,97649.12
Shivaji Nagar,3,3,1440,Semi Furnished,New,79.53,75599.12
Anand nagar,2,2,706,Semi Furnished,1-5 years,40.91,44821.29
sultaniya road,2,2,769,Unfurnished,10+ years,42.85,45568.56
Service road,3,3,1070,Semi Furnished,10+ years,67.87,60485.35
Bittan Market,2,2,1111,Semi Furnished,New,60.94,54669.81
chuna bhatti,4,3,1975,Unfurnished,5-10 years,130.1,149362.36
char Imli,4,3,2027,Fully Furnished,5-10 years,83.5,73168.52
Kolar hills,2,2,863,Fully Furnished,1-5 years,39.92,46324.05
Gandhi nagar,3,3,1438,Fully Furnished,5-10 years,94.8,106302.96
Vijay nagar,1,1,680,Fully Furnished,1-5 years,29.58,29117.51
Arera Colony,2,2,917,Fully Furnished,1-5 years,52.38,54111.22
Habibganj,2,2,858,Semi Furnished,New,50.69,58777.4
Bittan Market,2,2,1040,Semi Furnished,New,58.39,65608.16
char Imli,3,3,1575,Fully Furnished,10+ years,80.72,78211.63
Arera Colony,3,3,1510,Unfurnished,1-5 years,65.25,69357.02
kohefiza,4,3,1764,Unfurnished,New,122.3,134977.99
VIP road,4,3,1691,Semi Furnished,New,99.49,91695.18
Habibganj,4,3,2052,Semi Furnished,1-5 years,84.58,86140.03
kohefiza,4,3,2058,Unfurnished,10+ years,131.91,131791.29
Karond,3,3,1365,Unfurnished,New,63.03,66706.97
Ashoka garden,1,1,410,Semi Furnished,10+ years,21.25,18319.7
sultaniya road,5,4,2299,Semi Furnished,1-5 years,118.65,114821.53
Ratnagiri,1,1,447,Fully Furnished,10+ years,24.9,26478.1
ibrahimpura,5,4,2487,Unfurnished,10+ years,102.11,84636.36
Piplani,4,3,1832,Semi Furnished,10+ years,102.63,87919.47
MP Nagar,5,4,2502,Unfurnished,1-5 years,149.84,132842.58
Indrapuri,5,4,2106,Fully Furnished,1-5 years,98.06,91845.54
Hoshangabad Road,2,2,707,Fully Furnished,New,37.03,31695.72
Kolar Road,4,3,2186,Unfurnished,1-5 years,122.03,122306.64
sultaniya road,4,3,1843,Unfurnished,1-5 years,127.31,135455.54
ibrahimpura,5,4,2117,Fully Furnished,1-5 years,123.39,112923.81
Barkheda,5,4,2715,Unfurnished,1-5 years,160.16,136029.44
Prabhat petrol pump,5,4,2069,Unfurnished,1-5 years,140.82,131375.84
Shanti Nagar,5,4,2466,Unfurnished,10+ years,167.56,179474.02
Saket nagar,2,2,971,Unfurnished,5-10 years,42.43,36892.97
Govindpura,3,3,1436,Fully Furnished,10+ years,75.21,78958.9
Prabhat petrol pump,4,3,1732,Semi Furnished,5-10 years,87.38,103289.62
Gulmohar,5,4,2004,Unfurnished,New,86.72,91478.94
Bawadiya Kalan,2,2,727,Unfurnished,10+ years,41.2,48332.08
Misrod,3,3,1456,Semi Furnished,1-5 years,96.3,104108.11
Service road,5,4,2691,Fully Furnished,1-5 years,146.94,146916.04
Saket nagar,1,1,790,Fully Furnished,1-5 years,49.21,45665.1
VIP road,5,4,2280,Semi Furnished,New,145.35,157131.6
Hoshangabad Road,3,3,1434,Unfurnished,5-10 years,75.25,70790.92
Saket nagar,4,3,1710,Unfurnished,10+ years,70.2,75962.88
Kamla Nagar,2,2,927,Semi Furnished,New,50.96,54258.84
Arjun Nagar,5,4,2544,Fully Furnished,1-5 years,177.51,165873.68
Avadhpuri,1,1,494,Unfurnished,10+ years,27.2,27402.85
Tajul masjid,5,4,2119,Unfurnished,1-5 years,127.79,120661.43
Saket nagar,5,4,2127,Fully Furnished,5-10 years,115.4,106576.51
Kolar hills,5,4,2113,Unfurnished,1-5 years,139.07,165980.38
Indrapuri,4,3,1407,Semi Furnished,New,76.87,64563.11
Kolar Road,5,4,2827,Fully Furnished,1-5 years,157.88,145610.49
Anand nagar,2,2,912,Unfurnished,5-10 years,50.35,57583.61
Gulmohar,5,4,2147,Semi Furnished,1-5 years,93.6,108533.51
Nizamuddin colony,3,3,1128,Fully Furnished,New,78.25,78919.72
Gulmohar,1,1,774,Unfurnished,10+ years,33.84,34084.49
Lalghati,3,3,1583,Unfurnished,1-5 years,69.89,62641.78
Misrod,2,2,902,Semi Furnished,1-5 years,53.61,44630.32
Avadhpuri,5,4,2022,Unfurnished,New,106.79,116802.92
Narela,1,1,711,Fully Furnished,1-5 years,42.64,49122.69
Shanti Nagar,2,2,930,Semi Furnished,5-10 years,41.29,46956.23
Shivaji Nagar,3,3,1586,Unfurnished,5-10 years,65.11,72054.53
Lalghati,1,1,408,Unfurnished,5-10 years,24.72,23232.03
MP Nagar,3,3,1413,Unfurnished,New,71.06,83970.15
Ratnagiri,4,3,2118,Fully Furnished,1-5 years,92.44,98825.61
Minal,2,2,1158,Unfurnished,New,56.7,51894.82
Bittan Market,1,1,522,Fully Furnished,1-5 years,30.7,31645.24
MP Nagar,5,4,2393,Unfurnished,New,137.58,122422.28
Vikas Nagar,2,2,1030,Fully Furnished,New,41.69,34844.37
Vikas Nagar,4,3,1521,Unfurnished,1-5 years,61.26,73236.15
Piplani,4,3,1737,Semi Furnished,10+ years,87.3,79275.48
Indrapuri,4,3,1704,Fully Furnished,5-10 years,94.88,103489.93
Bawadiya Kalan,2,2,1159,Fully Furnished,5-10 years,78.72,74665.71
Avadhpuri,4,3,2101,Fully Furnished,10+ years,92.85,100954.56
chuna bhatti,4,3,1511,Unfurnished,New,81.12,96746.75
Barkheda,3,3,1427,Unfurnished,1-5 years,88.25,87598.74
Kamla Nagar,5,4,2149,Fully Furnished,New,139.88,135863.28
Lalghati,5,4,2056,Unfurnished,1-5 years,87.14,92427.65
Roshanpura,2,2,736,Unfurnished,1-5 years,33.57,29676.08
char Imli,1,1,750,Semi Furnished,10+ years,33.59,32329.62
Ayodhya bypass,1,1,714,Fully Furnished,New,33.56,39543.68
Bairagarh,5,4,2308,Unfurnished,New,105.52,91320.27
Service road,2,2,899,Fully Furnished,1-5 years,49.78,52553.96
Govindpura,4,3,1910,Semi Furnished,5-10 years,78.93,75235.55
Saket nagar,3,3,1283,Semi Furnished,5-10 years,78.24,87043.16
Indrapuri,3,3,1245,Fully Furnished,5-10 years,72.39,74795.2
eidgah hills,2,2,858,Unfurnished,1-5 years,45.18,38750.81
Gandhi nagar,2,2,967,Unfurnished,New,58.7,70330.89
sultaniya road,3,3,1277,Fully Furnished,5-10 years,68.64,74061.64
char Imli,2,2,1190,Unfurnished,1-5 years,70.69,61825.4
Shyamla Hills,5,4,2639,Unfurnished,10+ years,117.08,132706.4
Roshanpura,3,3,1154,Semi Furnished,New,63.59,54104.09
Shanti Nagar,3,3,1022,Semi Furnished,1-5 years,55.17,62179.76
Service road,1,1,605,Fully Furnished,New,26.03,23111.14
Govindpura,3,3,1035,Unfurnished,1-5 years,71.37,63933.37
Kamla Nagar,1,1,505,Semi Furnished,5-10 years,21.63,19082.84
Chuna Bhatti,5,4,2938,Fully Furnished,1-5 years,143.6,130090.45
VIP road,2,2,1175,Unfurnished,5-10 years,61.11,60202.54
Avadhpuri,2,2,996,Fully Furnished,1-5 years,55.23,54339.17
Bittan Market,1,1,550,Unfurnished,5-10 years,38.35,37600.86
Gulmohar,1,1,608,Semi Furnished,5-10 years,31.92,34871.18
jahangirabad,3,3,1166,Semi Furnished,New,78.11,73461.54
Arera Colony,5,4,2720,Fully Furnished,New,137.32,147583.79
sultaniya road,5,4,2222,Semi Furnished,10+ years,118.71,120671.01
Gandhi nagar,4,3,1980,Semi Furnished,5-10 years,121.36,141160.49
Ratnagiri,1,1,409,Unfurnished,1-5 years,28.33,31115.93
Karond,4,3,1492,Unfurnished,5-10 years,100.48,99696.69
MP Nagar,5,4,2137,Semi Furnished,10+ years,135.76,154683.6
eidgah hills,3,3,1551,Fully Furnished,1-5 years,65.92,53199.94
Tajul masjid,3,3,1097,Fully Furnished,5-10 years,67.86,79341.46
Vijay nagar,3,3,1112,Semi Furnished,New,56.56,60573.93
Vikas Nagar,5,4,2929,Unfurnished,New,146.26,131373.89
Shanti Nagar,1,1,458,Fully Furnished,1-5 years,30.4,31703.63
Piplani,5,4,2413,Fully Furnished,1-5 years,117.38,131285.27
kohefiza,2,2,752,Semi Furnished,1-5 years,42.1,43401.6
chuna bhatti,1,1,628,Semi Furnished,1-5 years,43.47,36477.92
Ratnagiri,5,4,2118,Semi Furnished,5-10 years,134.07,118199.98
Prabhat petrol pump,5,4,2272,Semi Furnished,New,139.09,141118.64
ibrahimpura,3,3,1138,Semi Furnished,5-10 years,70.84,72120.35
Indrapuri,5,4,2117,Unfurnished,New,144.43,124698.21
sultaniya road,4,3,1809,Fully Furnished,10+ years,73.02,60166.83
Arjun Nagar,5,4,2872,Semi Furnished,1-5 years,145.97,131061.23
Govindpura,3,3,1296,Fully Furnished,10+ years,64.02,57280.92
Indrapuri,1,1,460,Fully Furnished,1-5 years,28.2,29994.32
jahangirabad,2,2,745,Unfurnished,New,44.53,37189.81
Saket nagar,1,1,648,Fully Furnished,10+ years,41.95,45225.44
eidgah hills,3,3,1391,Semi Furnished,5-10 years,74.49,79731.21
Habibganj,4,3,1771,Unfurnished,1-5 years,100.16,119479.26
sultaniya road,4,3,1611,Fully Furnished,5-10 years,84.55,77765.81
New market,5,4,2565,Semi Furnished,New,150.74,144253.5
Gulmohar,4,3,1409,Unfurnished,1-5 years,74.93,77086.58
Chuna Bhatti,2,2,774,Unfurnished,1-5 years,48.84,56055.22
Indrapuri,4,3,1806,Unfurnished,10+ years,75.29,70265.5
Ashoka garden,5,4,2733,Semi Furnished,5-10 years,169.76,153425.73
ibrahimpura,2,2,1097,Fully Furnished,5-10 years,66.27,70390.52
chuna bhatti,3,3,1299,Unfurnished,1-5 years,83.27,90294.56
Ashoka garden,2,2,716,Semi Furnished,New,41.01,39464.8
Shivaji Nagar,2,2,911,Fully Furnished,5-10 years,56.86,58036.43
Chuna Bhatti,1,1,441,Unfurnished,1-5 years,27.4,25358.44
Kolar Road,2,2,970,Unfurnished,5-10 years,63.81,74685.61
Shanti Nagar,4,3,1526,Fully Furnished,5-10 years,71.38,73711.57
ibrahimpura,3,3,1305,Semi Furnished,5-10 years,59.41,52491.04
jahangirabad,2,2,1076,Semi Furnished,New,58.35,69506.29
kohefiza,1,1,686,Unfurnished,5-10 years,35.75,32202.75
MP Nagar,1,1,794,Semi Furnished,New,44.75,39136.42
Roshanpura,5,4,2922,Unfurnished,5-10 years,158.31,172591.35
Shanti Nagar,4,3,1616,Semi Furnished,1-5 years,94.36,110471.93
Barkheda,1,1,634,Semi Furnished,5-10 years,42.4,39615.04
Lalghati,3,3,1593,Semi Furnished,1-5 years,99.11,81549.87
Hoshangabad Road,5,4,2188,Fully Furnished,5-10 years,127.37,131949.82
Misrod,5,4,2455,Unfurnished,5-10 years,140.78,138832.99
Shyamla Hills,4,3,1673,Fully Furnished,10+ years,116.03,117597.16
Ayodhya bypass,2,2,967,Unfurnished,10+ years,49.05,54307.99
Minal,1,1,449,Fully Furnished,5-10 years,26.76,23653.7
Narela,4,3,2022,Unfurnished,New,86.53,75929.92
Shanti Nagar,5,4,2457,Unfurnished,1-5 years,134.35,115615.64
Ayodhya nagar,1,1,481,Fully Furnished,1-5 years,20.91,23154.5
Ratnagiri,4,3,1869,Unfurnished,10+ years,111.6,114977.95
eidgah hills,4,3,2147,Fully Furnished,10+ years,97.11,101222.29
Minal,4,3,2119,Fully Furnished,5-10 years,127.78,118924.02
Hoshangabad Road,2,2,942,Semi Furnished,5-10 years,42.69,47287.22
VIP road,3,3,1393,Unfurnished,5-10 years,74.1,67371.04
chuna bhatti,1,1,757,Fully Furnished,10+ years,30.49,33558.47
Chuna Bhatti,5,4,2631,Semi Furnished,New,174.91,179385.61
chuna bhatti,5,4,2813,Semi Furnished,New,154.22,163488.88
Shanti Nagar,3,3,1303,Unfurnished,1-5 years,83.95,79095.8
ibrahimpura,1,1,400,Unfurnished,10+ years,17.48,19502.23
Hoshangabad Road,2,2,759,Fully Furnished,New,42.94,44866.76
VIP road,4,3,1584,Semi Furnished,1-5 years,108.33,128531.44
Vikas Nagar,1,1,448,Fully Furnished,5-10 years,27.13,29837.44
Saket nagar,3,3,1214,Fully Furnished,1-5 years,76.66,89704.26
Saket nagar,4,3,1757,Fully Furnished,1-5 years,96.31,105876.03
Nizamuddin colony,4,3,1531,Unfurnished,10+ years,72.21,66870.85
ibrahimpura,2,2,937,Semi Furnished,1-5 years,41.67,35447.07
Ashoka garden,5,4,2058,Semi Furnished,10+ years,128.63,128157.93
Arera Colony,2,2,1020,Semi Furnished,10+ years,49.61,58376.5
kohefiza,2,2,1000,Fully Furnished,New,48.24,50060.23
Govindpura,1,1,659,Semi Furnished,10+ years,37.75,42128.78
sultaniya road,2,2,1009,Semi Furnished,10+ years,58.28,65530.09
eidgah hills,5,4,2394,Fully Furnished,5-10 years,139.85,136107.66
Avadhpuri,5,4,2302,Fully Furnished,1-5 years,106.49,113210.47
Piplani,4,3,1703,Semi Furnished,5-10 years,87.53,85079.58
Ashoka garden,1,1,444,Semi Furnished,1-5 years,23.53,24587.45
Gandhi nagar,5,4,2259,Unfurnished,New,130.77,138451.34
Shanti Nagar,3,3,1372,Semi Furnished,New,65.63,54081.66
MP Nagar,1,1,657,Unfurnished,5-10 years,30.22,33649.02
Narela,4,3,1419,Fully Furnished,5-10 years,83.39,89202.36
char Imli,1,1,558,Semi Furnished,10+ years,33.87,31757.01
Saket nagar,3,3,1537,Fully Furnished,1-5 years,101.83,90526.36
Avadhpuri,3,3,1252,Unfurnished,10+ years,60.27,54973.39
Bittan Market,1,1,536,Fully Furnished,1-5 years,26.52,21265.51
Bairagarh,3,3,1168,Unfurnished,1-5 years,60.2,70272.14
Minal,5,4,2838,Semi Furnished,1-5 years,197.9,228468.36
Piplani,5,4,2239,Unfurnished,10+ years,116.52,109479.17
char Imli,4,3,2038,Semi Furnished,1-5 years,120.02,142919.5
Saket nagar,1,1,683,Fully Furnished,New,28.11,32213.39
MP Nagar,2,2,729,Fully Furnished,New,50.36,49276.17
Shanti Nagar,2,2,835,Unfurnished,10+ years,56.65,63249.09
Sonagiri,3,3,1067,Unfurnished,1-5 years,57.68,65650.61
Ayodhya bypass,3,3,1583,Semi Furnished,5-10 years,86.02,97579.46
Gulmohar,4,3,2101,Semi Furnished,10+ years,131.67,115375.52
Ayodhya nagar,3,3,1151,Fully Furnished,5-10 years,73.54,63959.41
Bittan Market,3,3,1374,Semi Furnished,10+ years,68.68,62344.08
Bawadiya Kalan,2,2,746,Unfurnished,New,41.88,49405.4
kohefiza,2,2,992,Unfurnished,New,64.86,56746.99
Piplani,4,3,1844,Fully Furnished,10+ years,84.18,73898.85
eidgah hills,4,3,1749,Fully Furnished,1-5 years,102.2,101480.84
Bairagarh,1,1,417,Unfurnished,1-5 years,20.39,22288.28
Ayodhya nagar,4,3,1827,Fully Furnished,New,102.67,114879.85
Hoshangabad Road,3,3,1178,Unfurnished,5-10 years,81.71,94145.05
MP Nagar,4,3,1874,Unfurnished,10+ years,115.77,102602.25
Saket nagar,4,3,1477,Semi Furnished,5-10 years,63.15,74859.7
Ratnagiri,3,3,1546,Fully Furnished,1-5 years,85.13,76686.86
jahangirabad,5,4,2145,Unfurnished,5-10 years,112.29,94730.81
Prabhat petrol pump,3,3,1021,Semi Furnished,5-10 years,43.79,39638.36
jahangirabad,5,4,2395,Unfurnished,1-5 years,115.03,110593.22
Vijay nagar,4,3,1441,Unfurnished,5-10 years,99.76,119195.27
kohefiza,1,1,473,Semi Furnished,1-5 years,30.93,35135.94
Vijay nagar,5,4,2180,Semi Furnished,5-10 years,111.78,104629.79
Prabhat petrol pump,5,4,2112,Fully Furnished,5-10 years,146.61,149488.05
Barkheda,4,3,1902,Semi Furnished,10+ years,126.27,145107.52
Piplani,1,1,709,Fully Furnished,New,48.54,48921.86
Arera Colony,2,2,924,Fully Furnished,10+ years,44.26,45101.5
Hoshangabad Road,1,1,743,Unfurnished,New,37.06,39076.18
Shyamla Hills,4,3,2158,Fully Furnished,10+ years,98.03,112439.41
Ayodhya nagar,1,1,480,Unfurnished,10+ years,25.06,25176.43
New market,4,3,1405,Unfurnished,10+ years,79.73,77993.99
Narela,4,3,1493,Semi Furnished,10+ years,66.06,58279.71
Ayodhya nagar,3,3,1438,Semi Furnished,New,95.46,109655.33
Prabhat petrol pump,4,3,2147,Semi Furnished,New,123.81,99415.17
Tajul masjid,4,3,1712,Semi Furnished,10+ years,117.33,131274.7
Avadhpuri,4,3,1476,Unfurnished,5-10 years,64.63,64680.49
Lalghati,3,3,1570,Semi Furnished,5-10 years,66.66,78837.54
Barkheda,2,2,705,Semi Furnished,5-10 years,40.83,43083.35
eidgah hills,1,1,707,Unfurnished,5-10 years,30.2,28567.04
Bairagarh,3,3,1448,Unfurnished,New,93.77,93055.02
Arjun Nagar,1,1,770,Semi Furnished,New,43.92,43121.13
Bittan Market,3,3,1542,Unfurnished,5-10 years,73.62,59568.94
Ashoka garden,4,3,2013,Fully Furnished,10+ years,140.87,146936.06
Kolar Road,4,3,1618,Unfurnished,New,88.21,98547.77
Arjun Nagar,2,2,872,Semi Furnished,1-5 years,46.0,50513.32
Shyamla Hills,2,2,751,Unfurnished,1-5 years,32.31,36303.55
Kolar hills,3,3,1491,Semi Furnished,10+ years,102.86,92726.65
Habibganj,4,3,2142,Unfurnished,10+ years,133.93,124551.37
eidgah hills,2,2,909,Unfurnished,1-5 years,39.55,45023.48
Ashoka garden,5,4,2647,Semi Furnished,New,124.72,139746.7
Arera Colony,4,3,1411,Semi Furnished,10+ years,63.62,53834.31
Tajul masjid,4,3,2015,Unfurnished,New,128.13,141663.88
Shanti Nagar,3,3,1189,Semi Furnished,1-5 years,72.0,83138.29
Ashoka garden,5,4,2534,Fully Furnished,New,158.47,168886.83
New market,3,3,1200,Fully Furnished,1-5 years,72.57,77204.16
Piplani,1,1,654,Semi Furnished,New,39.22,45826.15
Gulmohar,5,4,2585,Fully Furnished,New,167.84,173835.94
Ayodhya nagar,3,3,1430,Unfurnished,5-10 years,82.07,82599.12
Karond,1,1,682,Unfurnished,New,41.6,39796.54
Shyamla Hills,2,2,967,Fully Furnished,New,67.28,80469.23
Tajul masjid,4,3,1996,Semi Furnished,1-5 years,99.3,94189.72
eidgah hills,4,3,2032,Semi Furnished,New,113.43,112934.16
Narela,1,1,444,Unfurnished,1-5 years,26.37,22837.15
Gandhi nagar,5,4,2436,Fully Furnished,New,112.06,114045.69
Karond,5,4,2192,Semi Furnished,New,99.72,107618.59
New market,3,3,1371,Semi Furnished,10+ years,66.58,54920.4
Sonagiri,5,4,2702,Semi Furnished,New,125.61,106029.78
jahangirabad,5,4,2705,Fully Furnished,1-5 years,143.63,132220.14
Barkheda,2,2,811,Unfurnished,10+ years,37.86,36892.54
Ratnagiri,4,3,1788,Unfurnished,New,104.93,124945.77
Barkheda,4,3,1414,Semi Furnished,5-10 years,80.78,86593.57
Gandhi nagar,4,3,1689,Fully Furnished,10+ years,88.52,82095.53
Nizamuddin colony,1,1,698,Unfurnished,1-5 years,47.89,40451.37
char Imli,1,1,534,Unfurnished,5-10 years,21.72,23875.27
Ashoka garden,5,4,2709,Semi Furnished,New,151.48,154602.24
Bittan Market,4,3,1506,Semi Furnished,1-5 years,61.23,51395.23
Chuna Bhatti,3,3,1556,Unfurnished,1-5 years,65.48,77993.86
ibrahimpura,4,3,1991,Semi Furnished,10+ years,112.91,97362.63
Kamla Nagar,2,2,1197,Semi Furnished,1-5 years,60.03,71057.62
kohefiza,2,2,1075,Unfurnished,1-5 years,50.25,58314.51
VIP road,2,2,1052,Semi Furnished,5-10 years,53.05,63641.25
Saket nagar,1,1,628,Semi Furnished,New,37.46,37721.93
Kamla Nagar,2,2,1132,Fully Furnished,1-5 years,76.72,87292.86
Shyamla Hills,2,2,960,Semi Furnished,1-5 years,65.61,71462.9
Saket nagar,4,3,1517,Unfurnished,10+ years,63.99,65766.19
sultaniya road,3,3,1236,Semi Furnished,5-10 years,50.45,56265.75
VIP road,5,4,2586,Semi Furnished,1-5 years,136.38,110328.48
Kolar hills,1,1,659,Semi Furnished,1-5 years,37.07,39169.14
Minal,1,1,447,Fully Furnished,10+ years,24.1,20844.38
Kamla Nagar,4,3,2053,Semi Furnished,1-5 years,124.07,105768.35
sultaniya road,4,3,1739,Unfurnished,New,100.75,87323.5
char Imli,3,3,1247,Fully Furnished,10+ years,84.95,80876.77
Ayodhya nagar,4,3,1403,Fully Furnished,1-5 years,63.87,73003.93
Tajul masjid,5,4,2701,Unfurnished,New,150.05,152724.51
char Imli,3,3,1123,Semi Furnished,10+ years,64.7,62867.36
Tajul masjid,1,1,406,Fully Furnished,New,21.52,22128.62
Gandhi nagar,3,3,1429,Fully Furnished,New,76.24,68677.39
Service road,3,3,1121,Semi Furnished,10+ years,64.21,75554.91
Kamla Nagar,5,4,2395,Fully Furnished,10+ years,100.11,92503.16
Minal,2,2,1192,Semi Furnished,10+ years,69.01,64513.42
Lalghati,5,4,2070,Fully Furnished,1-5 years,131.97,151361.07
sultaniya road,2,2,1004,Semi Furnished,10+ years,59.33,69735.65
Hoshangabad Road,1,1,450,Semi Furnished,10+ years,30.15,32874.01
Bairagarh,1,1,409,Semi Furnished,5-10 years,20.67,21237.17
Arjun Nagar,4,3,1513,Unfurnished,1-5 years,94.74,88058.21
Vikas Nagar,3,3,1227,Fully Furnished,10+ years,57.5,54215.83
char Imli,2,2,903,Fully Furnished,New,48.53,42603.16
Shanti Nagar,5,4,2837,Fully Furnished,New,116.42,108460.29
Shivaji Nagar,2,2,1156,Fully Furnished,1-5 years,53.8,53609.62
Minal,4,3,2018,Unfurnished,New,121.25,116474.57
Prabhat petrol pump,3,3,1346,Unfurnished,1-5 years,74.11,69724.3
Nizamuddin colony,5,4,2458,Unfurnished,5-10 years,130.04,105677.43
Arjun Nagar,1,1,642,Unfurnished,New,44.67,46351.9
Ayodhya nagar,1,1,444,Unfurnished,1-5 years,28.05,32194.68
chuna bhatti,2,2,901,Fully Furnished,10+ years,52.04,45746.64
jahangirabad,4,3,1459,Unfurnished,10+ years,83.36,82578.63
Kamla Nagar,4,3,1454,Semi Furnished,10+ years,78.21,79068.12
eidgah hills,1,1,787,Semi Furnished,1-5 years,53.83,58594.77
Minal,3,3,1522,Fully Furnished,New,91.6,107834.58
char Imli,1,1,452,Semi Furnished,10+ years,31.36,33830.74
Shyamla Hills,1,1,524,Unfurnished,1-5 years,22.56,20635.4
Shyamla Hills,2,2,929,Unfurnished,5-10 years,53.8,58612.42
Bittan Market,3,3,1576,Unfurnished,5-10 years,90.33,106692.28
eidgah hills,2,2,961,Semi Furnished,1-5 years,41.5,39255.05
Vijay nagar,5,4,2159,Semi Furnished,1-5 years,129.6,144981.1
Ayodhya bypass,2,2,1046,Fully Furnished,10+ years,63.39,61140.24
sultaniya road,5,4,2008,Unfurnished,5-10 years,118.17,119350.96
VIP road,4,3,2090,Fully Furnished,5-10 years,113.29,112521.59
Shyamla Hills,2,2,833,Unfurnished,10+ years,56.86,51142.0
MP Nagar,4,3,1416,Fully Furnished,New,94.63,92203.91
Roshanpura,2,2,847,Unfurnished,10+ years,44.79,50189.46
Prabhat petrol pump,5,4,2694,Fully Furnished,New,172.84,190617.39
Ayodhya bypass,3,3,1175,Semi Furnished,10+ years,68.33,62542.62
Bittan Market,4,3,1630,Semi Furnished,10+ years,114.07,129582.86
jahangirabad,3,3,1116,Unfurnished,10+ years,59.47,63201.07
Ayodhya bypass,2,2,1037,Fully Furnished,1-5 years,48.39,45164.69
Karond,1,1,405,Semi Furnished,New,16.79,15232.69
Vijay nagar,3,3,1414,Unfurnished,1-5 years,79.25,85491.24
Tajul masjid,5,4,2312,Semi Furnished,10+ years,153.64,140983.26
Arjun Nagar,3,3,1094,Unfurnished,5-10 years,61.37,59622.17
Saket nagar,4,3,2187,Unfurnished,10+ years,121.41,119616.09
sultaniya road,2,2,1132,Fully Furnished,1-5 years,60.32,55789.31
Ayodhya nagar,4,3,1611,Semi Furnished,5-10 years,101.05,99620.22
Indrapuri,2,2,1081,Unfurnished,New,49.84,46302.31
Gandhi nagar,3,3,1445,Semi Furnished,New,80.77,86612.97
Vikas Nagar,1,1,748,Unfurnished,1-5 years,43.44,46014.58
Gandhi nagar,5,4,2860,Fully Furnished,1-5 years,157.41,130824.43
eidgah hills,3,3,1565,Unfurnished,New,73.23,72903.19
Gulmohar,1,1,498,Semi Furnished,1-5 years,33.07,35296.55
jahangirabad,1,1,557,Unfurnished,10+ years,32.88,38692.87
MP Nagar,4,3,2186,Fully Furnished,5-10 years,125.48,132700.75
chuna bhatti,3,3,1017,Unfurnished,5-10 years,66.55,54205.12
Hoshangabad Road,3,3,1011,Semi Furnished,5-10 years,52.7,57348.73
Habibganj,3,3,1283,Unfurnished,10+ years,55.28,50219.88
Gandhi nagar,3,3,1412,Unfurnished,New,97.01,85746.93
Bairagarh,5,4,2735,Fully Furnished,5-10 years,149.34,120259.55
Bittan Market,2,2,1063,Unfurnished,10+ years,53.36,62599.85
char Imli,1,1,617,Semi Furnished,5-10 years,42.55,39835.68
Bittan Market,2,2,912,Semi Furnished,New,45.63,44990.89
Shyamla Hills,2,2,1000,Fully Furnished,10+ years,66.19,78231.0
Ayodhya bypass,4,3,2175,Fully Furnished,New,90.74,101281.92
Gulmohar,5,4,2370,Unfurnished,10+ years,152.05,124620.97
Ashoka garden,2,2,732,Semi Furnished,New,42.62,41000.21
Bairagarh,5,4,2219,Fully Furnished,1-5 years,100.11,113325.93
Indrapuri,2,2,1135,Unfurnished,New,69.8,75434.94
Vijay nagar,3,3,1236,Unfurnished,5-10 years,58.13,61185.36
Anand nagar,4,3,1771,Semi Furnished,5-10 years,112.36,108398.8
Shyamla Hills,4,3,1465,Fully Furnished,5-10 years,88.15,95608.9
New market,1,1,554,Fully Furnished,1-5 years,29.51,29625.35
Avadhpuri,1,1,620,Fully Furnished,10+ years,36.37,42589.05
eidgah hills,5,4,2410,Unfurnished,5-10 years,103.33,110655.09
Habibganj,5,4,2314,Unfurnished,10+ years,137.93,126271.36
Prabhat petrol pump,4,3,1417,Semi Furnished,New,97.53,87118.59
Chuna Bhatti,2,2,1071,Semi Furnished,10+ years,73.4,59853.94
Misrod,2,2,706,Semi Furnished,1-5 years,28.77,25137.81
Vikas Nagar,4,3,2010,Semi Furnished,1-5 years,106.61,87687.34
Prabhat petrol pump,1,1,602,Semi Furnished,New,28.8,25960.67
kohefiza,2,2,1106,Semi Furnished,New,49.74,46107.04
Bawadiya Kalan,1,1,647,Unfurnished,10+ years,33.09,31152.72
Kolar hills,5,4,2584,Unfurnished,New,150.58,170981.62
Avadhpuri,5,4,2553,Unfurnished,10+ years,167.04,188249.16
Minal,3,3,1052,Fully Furnished,5-10 years,63.11,56850.31
VIP road,3,3,1572,Semi Furnished,New,76.09,84429.65
Misrod,3,3,1301,Semi Furnished,New,56.62,65363.57
Avadhpuri,4,3,1703,Fully Furnished,1-5 years,96.77,96659.23
MP Nagar,2,2,1164,Semi Furnished,5-10 years,74.67,64057.93
Minal,1,1,451,Unfurnished,5-10 years,27.89,22907.5
Indrapuri,4,3,1828,Semi Furnished,New,75.94,73233.99
Saket nagar,4,3,1737,Unfurnished,5-10 years,91.29,109030.42
Service road,1,1,746,Semi Furnished,5-10 years,33.71,37299.07
Hoshangabad Road,5,4,2002,Fully Furnished,1-5 years,131.64,150232.74
Minal,3,3,1491,Unfurnished,5-10 years,92.48,106862.84
Service road,3,3,1201,Unfurnished,1-5 years,49.84,59609.25
Gulmohar,5,4,2759,Semi Furnished,5-10 years,190.58,213375.88
Govindpura,3,3,1082,Semi Furnished,10+ years,68.64,68967.97
Barkheda,5,4,2453,Unfurnished,10+ years,114.28,131785.14
Indrapuri,4,3,1615,Semi Furnished,10+ years,88.08,72369.37
Shanti Nagar,3,3,1061,Unfurnished,New,46.06,51281.88
Karond,2,2,1089,Semi Furnished,10+ years,52.17,58107.71
Vikas Nagar,5,4,2944,Semi Furnished,5-10 years,178.87,158841.07
Minal,2,2,1014,Semi Furnished,10+ years,57.47,54020.35
Bairagarh,1,1,610,Unfurnished,New,38.13,31839.95
Vijay nagar,3,3,1057,Fully Furnished,5-10 years,55.22,65448.14
Arera Colony,5,4,2245,Unfurnished,10+ years,155.51,154490.45
MP Nagar,2,2,733,Fully Furnished,1-5 years,46.52,50087.31
Avadhpuri,5,4,2144,Semi Furnished,5-10 years,146.21,152189.97
Gandhi nagar,4,3,1739,Fully Furnished,10+ years,83.22,84572.01
Chuna Bhatti,3,3,1573,Unfurnished,1-5 years,107.71,126015.93
VIP road,2,2,896,Unfurnished,1-5 years,44.72,53124.32
Ratnagiri,3,3,1145,Unfurnished,10+ years,76.69,75284.7
Shanti Nagar,4,3,1703,Unfurnished,1-5 years,105.33,104676.87
Vikas Nagar,5,4,2861,Unfurnished,1-5 years,162.22,166932.0
Kamla Nagar,2,2,1175,Semi Furnished,New,77.33,92687.3
Kamla Nagar,5,4,2131,Unfurnished,New,91.61,93408.87
jahangirabad,5,4,2179,Fully Furnished,10+ years,88.9,84052.02
Lalghati,4,3,1849,Semi Furnished,New,95.14,89643.81
Govindpura,4,3,1704,Semi Furnished,10+ years,110.03,115666.04
Kolar hills,3,3,1113,Unfurnished,10+ years,74.57,81914.8
Piplani,1,1,455,Semi Furnished,New,28.41,26524.63
Karond,1,1,781,Semi Furnished,10+ years,49.9,42841.96
Tajul masjid,3,3,1454,Unfurnished,5-10 years,73.04,71626.5
Minal,5,4,2761,Semi Furnished,5-10 years,112.03,125110.65
kohefiza,2,2,941,Unfurnished,5-10 years,50.19,42440.51
Ashoka garden,3,3,1093,Unfurnished,New,52.34,61957.5
Hoshangabad Road,5,4,2678,Unfurnished,New,135.17,139869.86
Barkheda,5,4,2049,Semi Furnished,5-10 years,118.92,135342.29
Misrod,5,4,2799,Semi Furnished,5-10 years,156.97,148914.81
Minal,1,1,760,Fully Furnished,10+ years,44.92,44302.22
jahangirabad,2,2,762,Fully Furnished,New,31.2,28366.32
Sonagiri,4,3,1863,Fully Furnished,1-5 years,116.66,126192.6
Hoshangabad Road,4,3,1873,Semi Furnished,1-5 years,102.6,84455.96
Ashoka garden,3,3,1579,Semi Furnished,New,104.17,83824.06
Kolar Road,1,1,507,Fully Furnished,New,33.01,30622.93
Piplani,2,2,853,Unfurnished,1-5 years,35.37,42136.34
chuna bhatti,3,3,1080,Unfurnished,New,45.92,54968.11
char Imli,4,3,1942,Fully Furnished,New,109.18,108063.32
Sonagiri,5,4,2741,Semi Furnished,5-10 years,168.46,151859.76
Bittan Market,3,3,1163,Unfurnished,5-10 years,51.48,56997.31
Hoshangabad Road,3,3,1163,Fully Furnished,5-10 years,51.1,46757.96
Lalghati,4,3,1750,Semi Furnished,10+ years,104.94,84867.93
Prabhat petrol pump,5,4,2099,Unfurnished,New,139.56,113793.44
Kamla Nagar,2,2,827,Fully Furnished,5-10 years,33.13,30718.96
Vijay nagar,5,4,2034,Fully Furnished,5-10 years,94.54,112262.55
Vikas Nagar,1,1,539,Semi Furnished,10+ years,28.85,28629.9
Bittan Market,4,3,1473,Fully Furnished,New,73.32,66340.09
Misrod,5,4,2221,Fully Furnished,New,141.01,143026.54
Bairagarh,5,4,2742,Fully Furnished,5-10 years,128.79,146848.09
Hoshangabad Road,2,2,1147,Semi Furnished,1-5 years,71.64,70607.45
jahangirabad,2,2,1139,Unfurnished,5-10 years,60.79,66303.89
Kolar Road,3,3,1516,Fully Furnished,1-5 years,64.97,70508.96
Service road,1,1,473,Unfurnished,New,24.27,27912.86
Barkheda,5,4,2779,Unfurnished,New,156.03,163775.14
Barkheda,1,1,583,Semi Furnished,5-10 years,25.6,23718.08
Shanti Nagar,5,4,2539,Semi Furnished,10+ years,104.11,91958.24
Ashoka garden,1,1,597,Fully Furnished,10+ years,37.95,41545.28
Barkheda,4,3,1756,Fully Furnished,10+ years,78.16,80345.87
VIP road,1,1,723,Semi Furnished,5-10 years,40.7,38224.41
Kamla Nagar,5,4,2370,Semi Furnished,1-5 years,113.62,115399.83
Indrapuri,1,1,621,Unfurnished,10+ years,30.52,26006.55
Anand nagar,3,3,1300,Fully Furnished,New,85.22,100601.5
Nizamuddin colony,2,2,1072,Unfurnished,5-10 years,58.6,50701.45
Saket nagar,3,3,1108,Unfurnished,5-10 years,60.51,50781.07
Narela,5,4,2064,Semi Furnished,New,135.82,117280.61
Gandhi nagar,2,2,950,Semi Furnished,1-5 years,39.36,45251.26
MP Nagar,4,3,2152,Semi Furnished,5-10 years,103.45,98486.27
Service road,3,3,1270,Semi Furnished,10+ years,83.59,71314.08
Kamla Nagar,3,3,1552,Unfurnished,1-5 years,93.02,107271.73
Ratnagiri,1,1,534,Fully Furnished,1-5 years,21.83,17754.8
Nizamuddin colony,3,3,1272,Unfurnished,New,51.53,49406.63
Piplani,1,1,669,Fully Furnished,10+ years,43.77,43117.85
Kolar Road,2,2,737,Fully Furnished,10+ years,46.78,52586.17
Hoshangabad Road,5,4,2007,Unfurnished,New,91.09,75248.25
kohefiza,2,2,736,Unfurnished,New,46.49,50641.67
Shyamla Hills,1,1,591,Fully Furnished,10+ years,28.27,24184.42
Arera Colony,2,2,910,Semi Furnished,New,61.81,56366.78
Habibganj,1,1,400,Fully Furnished,10+ years,20.85,21779.43
Saket nagar,4,3,1958,Fully Furnished,5-10 years,120.9,129556.92
Barkheda,5,4,2531,Unfurnished,5-10 years,153.69,138237.85
MP Nagar,5,4,2918,Semi Furnished,New,201.09,211061.41
Kamla Nagar,1,1,420,Semi Furnished,5-10 years,28.91,28039.24
Sonagiri,1,1,570,Semi Furnished,1-5 years,35.23,29300.7
Arera Colony,5,4,2795,Unfurnished,1-5 years,128.72,148102.25
chuna bhatti,4,3,1590,Fully Furnished,10+ years,80.8,90198.84
Ayodhya bypass,4,3,2143,Semi Furnished,10+ years,127.29,126371.98
MP Nagar,5,4,2253,Semi Furnished,10+ years,128.55,125654.23
kohefiza,4,3,1896,Semi Furnished,5-10 years,104.0,95738.0
ibrahimpura,5,4,2317,Unfurnished,New,132.02,131260.7
Lalghati,5,4,2054,Fully Furnished,10+ years,93.2,95811.89
chuna bhatti,3,3,1121,Fully Furnished,10+ years,52.82,63032.81
Indrapuri,4,3,1956,Fully Furnished,New,90.22,99753.9
chuna bhatti,1,1,775,Semi Furnished,1-5 years,42.49,48900.61
Habibganj,4,3,1699,Fully Furnished,New,100.45,111450.62
ibrahimpura,3,3,1367,Semi Furnished,1-5 years,87.89,76274.04
Karond,1,1,729,Fully Furnished,1-5 years,42.89,41805.95
Anand nagar,1,1,798,Fully Furnished,New,52.6,45849.73
Bittan Market,5,4,2682,Fully Furnished,10+ years,154.32,151711.23
Kolar hills,5,4,2520,Semi Furnished,10+ years,139.3,146967.17
Saket nagar,4,3,1456,Fully Furnished,New,64.18,51722.08
chuna bhatti,2,2,1138,Semi Furnished,10+ years,59.8,65094.1
Arera Colony,1,1,672,Fully Furnished,5-10 years,30.76,36292.32
Bairagarh,3,3,1186,Fully Furnished,10+ years,82.47,72559.78
chuna bhatti,1,1,442,Fully Furnished,1-5 years,18.95,16326.56
Kamla Nagar,2,2,1151,Fully Furnished,1-5 years,69.91,71702.05
MP Nagar,5,4,2029,Unfurnished,10+ years,102.08,97021.28
Bawadiya Kalan,4,3,2091,Semi Furnished,1-5 years,103.79,96425.13
Gulmohar,5,4,2567,Unfurnished,New,170.77,155110.92
Indrapuri,3,3,1443,Semi Furnished,5-10 years,74.96,85491.39
New market,1,1,558,Unfurnished,1-5 years,36.85,38610.28
Ayodhya nagar,4,3,2121,Semi Furnished,10+ years,121.34,102661.81
MP Nagar,1,1,509,Semi Furnished,1-5 years,23.55,26393.67
Hoshangabad Road,5,4,2591,Fully Furnished,New,113.91,102148.71
eidgah hills,1,1,690,Fully Furnished,10+ years,31.09,34759.52
Tajul masjid,4,3,1550,Semi Furnished,10+ years,77.23,68201.67
Lalghati,5,4,2073,Fully Furnished,1-5 years,129.04,112498.79
Vikas Nagar,2,2,1009,Fully Furnished,1-5 years,57.83,69131.04
Lalghati,3,3,1161,Unfurnished,5-10 years,79.88,90243.4
Prabhat petrol pump,3,3,1170,Unfurnished,5-10 years,68.37,58924.0
Ayodhya nagar,4,3,1945,Fully Furnished,New,112.62,92182.63
Arjun Nagar,1,1,780,Fully Furnished,New,33.65,30690.73
sultaniya road,4,3,1596,Fully Furnished,1-5 years,107.39,122358.35
Barkheda,3,3,1088,Semi Furnished,5-10 years,68.52,69618.73
Vikas Nagar,2,2,1185,Unfurnished,10+ years,49.75,46705.65
Ashoka garden,2,2,962,Fully Furnished,1-5 years,48.4,52827.9
Sonagiri,3,3,1033,Fully Furnished,New,57.98,58768.38
Bittan Market,4,3,1794,Unfurnished,5-10 years,80.03,78733.8
Arjun Nagar,2,2,1183,Semi Furnished,New,68.32,60765.84
Shanti Nagar,4,3,1456,Fully Furnished,10+ years,60.82,51347.08
Ayodhya bypass,1,1,461,Fully Furnished,1-5 years,30.72,27444.9
New market,3,3,1230,Semi Furnished,New,65.94,55706.38
Arera Colony,4,3,1453,Semi Furnished,New,59.37,58257.18
Bairagarh,4,3,1439,Unfurnished,New,87.95,87701.39
char Imli,2,2,1081,Unfurnished,10+ years,50.32,52067.64
Shanti Nagar,1,1,513,Unfurnished,5-10 years,23.62,22763.88
char Imli,3,3,1093,Unfurnished,5-10 years,47.05,51793.53
Gulmohar,5,4,2452,Unfurnished,5-10 years,143.3,128473.12
Tajul masjid,1,1,423,Fully Furnished,10+ years,19.36,17644.77
Piplani,1,1,552,Fully Furnished,1-5 years,24.94,22485.07
Chuna Bhatti,3,3,1512,Unfurnished,5-10 years,93.09,92131.43
Lalghati,2,2,1049,Semi Furnished,10+ years,42.73,40205.09
Bawadiya Kalan,1,1,634,Fully Furnished,New,32.54,35042.57
Ayodhya bypass,2,2,1189,Semi Furnished,10+ years,75.98,77149.8
Indrapuri,3,3,1498,Unfurnished,New,64.41,58937.37
Ratnagiri,1,1,453,Semi Furnished,5-10 years,25.42,27544.55
Bawadiya Kalan,3,3,1215,Fully Furnished,New,57.0,60963.61
Minal,4,3,1947,Semi Furnished,5-10 years,132.3,131064.5
Prabhat petrol pump,3,3,1081,Unfurnished,New,52.6,59500.88
Nizamuddin colony,5,4,2984,Semi Furnished,5-10 years,177.78,149323.04
Kamla Nagar,5,4,2219,Fully Furnished,New,150.41,165852.34
chuna bhatti,5,4,2209,Fully Furnished,10+ years,111.3,114421.15
Ayodhya bypass,3,3,1026,Semi Furnished,1-5 years,68.87,71679.06
Saket nagar,3,3,1252,Unfurnished,10+ years,68.8,65798.2
Habibganj,4,3,1565,Unfurnished,1-5 years,93.52,105056.61
Vijay nagar,4,3,1520,Fully Furnished,5-10 years,104.14,88925.12
chuna bhatti,1,1,620,Fully Furnished,New,31.03,34682.18
char Imli,2,2,1165,Fully Furnished,New,66.04,65049.08
Nizamuddin colony,2,2,1151,Semi Furnished,1-5 years,56.44,52017.47
Tajul masjid,5,4,2496,Semi Furnished,New,154.59,147286.82
Vikas Nagar,3,3,1535,Semi Furnished,1-5 years,75.62,64467.51
Nizamuddin colony,5,4,2853,Semi Furnished,10+ years,151.08,147766.68
Habibganj,3,3,1046,Semi Furnished,5-10 years,72.17,85574.91
Chuna Bhatti,4,3,2198,Fully Furnished,5-10 years,108.65,101665.66
Vikas Nagar,2,2,803,Semi Furnished,5-10 years,35.89,40795.71
Shivaji Nagar,3,3,1392,Unfurnished,5-10 years,62.38,55311.48
Anand nagar,1,1,449,Fully Furnished,1-5 years,26.43,29874.39
Sonagiri,5,4,2255,Unfurnished,5-10 years,144.69,141958.87
jahangirabad,3,3,1208,Fully Furnished,10+ years,82.25,93256.53
Karond,5,4,2588,Fully Furnished,5-10 years,179.21,208499.01
Ratnagiri,2,2,1054,Unfurnished,New,50.73,59272.1
Barkheda,5,4,2897,Semi Furnished,5-10 years,119.52,133350.28
New market,5,4,2079,Semi Furnished,10+ years,143.72,155592.13
Anand nagar,4,3,2154,Fully Furnished,New,119.8,113273.94
Tajul masjid,5,4,2062,Unfurnished,New,117.59,139857.87
char Imli,2,2,779,Fully Furnished,5-10 years,54.42,62200.02
Avadhpuri,1,1,655,Semi Furnished,1-5 years,36.12,30993.23
Narela,5,4,2417,Unfurnished,5-10 years,102.56,110911.41
VIP road,2,2,961,Fully Furnished,New,48.81,40513.6
Tajul masjid,1,1,783,Unfurnished,5-10 years,36.72,38620.11
Tajul masjid,3,3,1386,Fully Furnished,5-10 years,94.34,76069.89
Sonagiri,2,2,704,Semi Furnished,5-10 years,47.4,48473.95
Lalghati,5,4,2324,Unfurnished,1-5 years,105.05,110158.24
Ayodhya nagar,3,3,1388,Unfurnished,10+ years,79.6,69504.76
jahangirabad,3,3,1402,Fully Furnished,1-5 years,70.95,70024.67
Minal,4,3,1597,Unfurnished,1-5 years,86.07,80442.63
Prabhat petrol pump,2,2,882,Unfurnished,10+ years,59.57,69508.25
Kamla Nagar,3,3,1185,Fully Furnished,5-10 years,70.59,78885.79
Gandhi nagar,4,3,2161,Unfurnished,5-10 years,102.2,118824.24
New market,1,1,479,Semi Furnished,New,21.31,17121.24
Shanti Nagar,3,3,1161,Fully Furnished,5-10 years,76.82,85187.73
Shyamla Hills,1,1,550,Fully Furnished,10+ years,34.2,32381.0
Chuna Bhatti,1,1,553,Fully Furnished,1-5 years,37.99,38519.69
Sonagiri,5,4,2328,Fully Furnished,5-10 years,147.52,143567.44
Gulmohar,1,1,719,Fully Furnished,10+ years,34.29,39426.38
Kolar hills,2,2,821,Semi Furnished,New,53.48,51603.67
Nizamuddin colony,3,3,1093,Fully Furnished,10+ years,56.8,60807.54
Habibganj,5,4,2761,Unfurnished,5-10 years,144.39,139911.19
Tajul masjid,5,4,2095,Fully Furnished,1-5 years,127.56,123742.3
chuna bhatti,1,1,429,Semi Furnished,1-5 years,29.42,30218.11
Habibganj,2,2,1067,Unfurnished,New,60.27,52585.24
Barkheda,4,3,2002,Fully Furnished,1-5 years,137.99,129769.97
Kolar hills,3,3,1086,Unfurnished,New,47.39,56260.82
Vijay nagar,1,1,561,Semi Furnished,1-5 years,26.14,29389.32
Ashoka garden,1,1,445,Fully Furnished,10+ years,22.4,18355.7
Arera Colony,1,1,539,Fully Furnished,1-5 years,32.64,26531.49
Kolar Road,3,3,1097,Fully Furnished,1-5 years,57.4,64621.14
Sonagiri,2,2,1069,Fully Furnished,5-10 years,43.97,51161.02
Arjun Nagar,5,4,2314,Fully Furnished,5-10 years,147.67,120671.79
jahangirabad,3,3,1499,Fully Furnished,1-5 years,96.63,106042.65
Kolar hills,2,2,842,Semi Furnished,1-5 years,35.65,36375.77
Shanti Nagar,2,2,1050,Semi Furnished,5-10 years,50.46,53072.94
Arjun Nagar,5,4,2525,Unfurnished,New,170.62,151441.47
Minal,1,1,528,Fully Furnished,10+ years,32.15,34690.05
sultaniya road,2,2,1070,Semi Furnished,New,63.93,69983.2
Tajul masjid,3,3,1395,Unfurnished,1-5 years,58.69,64001.65
Saket nagar,4,3,1875,Unfurnished,5-10 years,119.33,107136.0
Ayodhya bypass,4,3,1821,Fully Furnished,5-10 years,103.11,91102.72
Ayodhya nagar,3,3,1164,Fully Furnished,New,48.45,47742.88
Chuna Bhatti,2,2,913,Fully Furnished,1-5 years,44.37,40425.26
Saket nagar,1,1,671,Fully Furnished,New,42.47,37185.46
Shanti Nagar,4,3,2114,Semi Furnished,10+ years,103.41,99542.79
eidgah hills,4,3,1835,Unfurnished,10+ years,123.19,105557.41
Roshanpura,2,2,812,Unfurnished,New,48.52,52713.03
Bairagarh,5,4,2416,Semi Furnished,5-10 years,153.21,142361.69
jahangirabad,5,4,2732,Semi Furnished,New,140.48,134701.2
Bittan Market,3,3,1563,Semi Furnished,5-10 years,78.66,75784.22
Anand nagar,2,2,726,Unfurnished,10+ years,49.34,40232.75
Hoshangabad Road,5,4,2554,Fully Furnished,New,162.67,175445.38
Bairagarh,3,3,1363,Semi Furnished,New,63.45,62903.12
char Imli,2,2,832,Fully Furnished,New,54.54,59842.8
Shivaji Nagar,1,1,567,Semi Furnished,10+ years,34.88,29590.44
Bittan Market,5,4,2603,Semi Furnished,10+ years,153.07,167557.4
Arjun Nagar,3,3,1214,Fully Furnished,1-5 years,74.88,69643.69
Arera Colony,3,3,1058,Unfurnished,New,65.88,65336.3
Ayodhya nagar,5,4,2303,Unfurnished,New,154.32,181972.54
Habibganj,4,3,1884,Unfurnished,1-5 years,110.52,126695.03
ibrahimpura,5,4,2788,Semi Furnished,5-10 years,160.02,135715.27
jahangirabad,3,3,1364,Fully Furnished,5-10 years,75.28,64624.68
Kamla Nagar,5,4,2225,Semi Furnished,5-10 years,130.53,153299.39
Ratnagiri,1,1,627,Semi Furnished,10+ years,28.81,28831.02
Kamla Nagar,1,1,609,Semi Furnished,New,28.57,26972.04
Habibganj,4,3,1567,Unfurnished,New,81.14,95880.41
Barkheda,5,4,2180,Fully Furnished,New,111.76,133392.61
Arera Colony,1,1,455,Semi Furnished,5-10 years,18.63,16961.52
Barkheda,3,3,1574,Semi Furnished,5-10 years,102.69,117272.71
Chuna Bhatti,3,3,1088,Semi Furnished,5-10 years,67.21,65850.25
Chuna Bhatti,5,4,2887,Semi Furnished,5-10 years,173.69,201020.18
ibrahimpura,4,3,2175,Fully Furnished,10+ years,134.53,118328.81
Shyamla Hills,3,3,1233,Fully Furnished,New,60.84,71735.27
Ratnagiri,4,3,1453,Fully Furnished,1-5 years,96.0,108952.42
Ratnagiri,2,2,991,Semi Furnished,10+ years,60.68,51087.06
Roshanpura,2,2,714,Fully Furnished,10+ years,30.76,32846.9
Govindpura,5,4,2758,Fully Furnished,New,122.38,114178.67
jahangirabad,3,3,1334,Semi Furnished,5-10 years,83.82,99311.18
Kolar hills,4,3,1665,Unfurnished,1-5 years,71.59,72137.41
Ratnagiri,1,1,561,Unfurnished,10+ years,38.49,44870.61
Misrod,2,2,760,Unfurnished,1-5 years,51.95,54118.82
Barkheda,1,1,495,Semi Furnished,5-10 years,32.24,36282.33
Shyamla Hills,5,4,2946,Fully Furnished,New,130.44,146312.04
New market,4,3,2025,Unfurnished,1-5 years,115.93,111311.99
Indrapuri,3,3,1031,Semi Furnished,1-5 years,53.47,55584.15
Govindpura,4,3,1741,Fully Furnished,1-5 years,79.68,83618.12
Piplani,4,3,1643,Fully Furnished,1-5 years,112.5,131998.06
jahangirabad,4,3,1410,Unfurnished,New,88.01,82594.55
Karond,3,3,1577,Fully Furnished,1-5 years,81.62,94764.98
jahangirabad,2,2,1067,Fully Furnished,New,49.23,40986.87
Kolar Road,3,3,1029,Unfurnished,New,48.8,48894.99
Arjun Nagar,2,2,981,Unfurnished,1-5 years,51.75,48444.52
eidgah hills,4,3,1598,Unfurnished,5-10 years,79.25,86950.89
Sonagiri,3,3,1447,Semi Furnished,10+ years,62.05,67025.44
Bittan Market,3,3,1042,Unfurnished,1-5 years,57.31,68541.11
MP Nagar,2,2,1126,Semi Furnished,5-10 years,59.17,69231.39
MP Nagar,1,1,564,Semi Furnished,1-5 years,36.53,42390.35
Minal,4,3,1784,Fully Furnished,5-10 years,113.18,119759.36
eidgah hills,2,2,964,Unfurnished,1-5 years,65.46,76984.8
Ratnagiri,2,2,893,Unfurnished,1-5 years,40.45,38648.79
sultaniya road,4,3,1538,Semi Furnished,10+ years,85.88,84127.17
kohefiza,3,3,1497,Semi Furnished,5-10 years,88.69,101404.87
Bairagarh,3,3,1077,Semi Furnished,New,54.17,55732.0
Bawadiya Kalan,5,4,2404,Fully Furnished,1-5 years,155.62,180479.13
Nizamuddin colony,3,3,1270,Fully Furnished,5-10 years,88.78,81483.11
Ratnagiri,1,1,527,Fully Furnished,5-10 years,36.34,30638.04
Gulmohar,5,4,2876,Fully Furnished,1-5 years,148.04,159175.22
Kamla Nagar,4,3,1917,Unfurnished,5-10 years,119.28,101522.22
New market,2,2,1067,Semi Furnished,1-5 years,70.01,65746.26
Service road,3,3,1502,Unfurnished,5-10 years,61.13,61211.5
MP Nagar,2,2,1005,Unfurnished,New,63.37,55435.71
Govindpura,1,1,419,Fully Furnished,10+ years,21.5,21423.07
Ayodhya nagar,4,3,2070,Semi Furnished,1-5 years,129.85,116663.12
Sonagiri,1,1,600,Semi Furnished,5-10 years,39.24,39283.72
Lalghati,2,2,990,Unfurnished,New,63.99,63757.94
Karond,3,3,1106,Fully Furnished,10+ years,64.08,65402.25
Narela,4,3,1898,Unfurnished,1-5 years,125.58,141595.14
Habibganj,3,3,1545,Semi Furnished,1-5 years,107.13,120778.18
Prabhat petrol pump,3,3,1020,Semi Furnished,5-10 years,69.5,78343.78
Roshanpura,1,1,718,Fully Furnished,New,30.56,29870.36
Arera Colony,1,1,649,Semi Furnished,1-5 years,31.44,27874.26
Minal,4,3,2025,Unfurnished,1-5 years,82.44,72610.02
Misrod,4,3,2147,Fully Furnished,1-5 years,97.3,89561.21
Kamla Nagar,2,2,983,Fully Furnished,5-10 years,66.02,67965.41
Anand nagar,2,2,957,Unfurnished,1-5 years,42.97,34494.64
Narela,4,3,1933,Fully Furnished,5-10 years,85.38,99027.12
Arjun Nagar,4,3,2109,Unfurnished,10+ years,84.62,94498.24
Narela,5,4,2068,Semi Furnished,1-5 years,120.26,104500.85
Bawadiya Kalan,3,3,1297,Semi Furnished,1-5 years,73.76,87829.72
jahangirabad,1,1,666,Semi Furnished,10+ years,28.41,28749.01
Roshanpura,4,3,1841,Semi Furnished,5-10 years,126.02,131211.56
Kolar hills,4,3,1482,Semi Furnished,1-5 years,77.28,66615.19
Ayodhya nagar,2,2,1099,Fully Furnished,New,69.18,69324.1
Narela,5,4,2219,Unfurnished,5-10 years,109.25,108640.03
Sonagiri,3,3,1492,Semi Furnished,10+ years,67.64,62331.25
Saket nagar,4,3,2097,Fully Furnished,5-10 years,130.44,120898.02
Narela,2,2,865,Unfurnished,5-10 years,37.26,35971.24
eidgah hills,3,3,1545,Unfurnished,5-10 years,102.23,96182.29
Arjun Nagar,1,1,619,Fully Furnished,5-10 years,39.07,36510.45
Chuna Bhatti,4,3,1939,Semi Furnished,1-5 years,134.45,119185.11
Govindpura,5,4,2662,Fully Furnished,New,131.66,156995.8
Gandhi nagar,1,1,589,Fully Furnished,5-10 years,26.21,25172.72
Tajul masjid,3,3,1533,Unfurnished,New,72.06,73946.7
kohefiza,4,3,1805,Fully Furnished,New,92.02,75433.1
Gulmohar,1,1,539,Unfurnished,New,21.8,22767.17
Ashoka garden,5,4,2739,Unfurnished,New,178.89,193202.74
Govindpura,4,3,1943,Unfurnished,10+ years,104.41,86997.4
Minal,3,3,1407,Fully Furnished,10+ years,89.87,85217.86
Ayodhya nagar,2,2,787,Unfurnished,1-5 years,43.84,36963.09
Karond,3,3,1355,Unfurnished,1-5 years,85.81,76871.19
char Imli,5,4,2138,Fully Furnished,10+ years,112.06,111349.33
Sonagiri,3,3,1170,Fully Furnished,5-10 years,54.58,45773.17
Ashoka garden,3,3,1020,Semi Furnished,10+ years,48.94,42344.81
Hoshangabad Road,5,4,2540,Semi Furnished,1-5 years,159.17,182926.95
kohefiza,1,1,536,Unfurnished,1-5 years,34.94,36239.41
Vikas Nagar,4,3,1981,Unfurnished,10+ years,116.17,117959.56
ibrahimpura,4,3,2066,Semi Furnished,10+ years,127.44,151350.87
Shyamla Hills,3,3,1517,Unfurnished,New,66.4,75864.75
VIP road,5,4,2095,Unfurnished,5-10 years,134.77,134585.19
Barkheda,4,3,2032,Semi Furnished,New,106.35,105328.51
jahangirabad,3,3,1300,Unfurnished,1-5 years,69.91,73736.19
Arjun Nagar,1,1,472,Semi Furnished,5-10 years,27.6,30850.56
Narela,1,1,734,Unfurnished,1-5 years,36.37,38948.76
Shanti Nagar,4,3,1886,Semi Furnished,10+ years,131.54,119517.93
Anand nagar,1,1,449,Semi Furnished,New,27.92,27691.33
Vijay nagar,4,3,2156,Semi Furnished,1-5 years,100.76,119271.38
Gulmohar,1,1,712,Semi Furnished,10+ years,40.05,45582.93
kohefiza,1,1,543,Semi Furnished,10+ years,31.73,31906.57
jahangirabad,3,3,1041,Semi Furnished,New,54.34,54266.61
Minal,3,3,1041,Semi Furnished,5-10 years,70.53,78516.75
Bawadiya Kalan,3,3,1368,Unfurnished,New,59.27,63971.39
Vikas Nagar,5,4,2776,Semi Furnished,10+ years,187.92,168725.02
Ayodhya nagar,3,3,1286,Fully Furnished,1-5 years,66.09,62443.88
Service road,2,2,1051,Unfurnished,1-5 years,50.32,43322.54
Vijay nagar,5,4,2503,Fully Furnished,New,123.65,145900.76
Karond,2,2,1041,Fully Furnished,New,68.61,80811.1
Barkheda,1,1,558,Unfurnished,1-5 years,23.15,23780.01
sultaniya road,2,2,948,Unfurnished,1-5 years,66.29,59076.29
Service road,2,2,940,Semi Furnished,1-5 years,38.21,36818.13
MP Nagar,5,4,2865,Fully Furnished,10+ years,115.01,120187.18
sultaniya road,1,1,480,Fully Furnished,10+ years,20.14,21620.77
Avadhpuri,2,2,791,Fully Furnished,New,50.63,44448.89
Saket nagar,3,3,1014,Unfurnished,10+ years,62.95,67201.63
Shanti Nagar,2,2,716,Semi Furnished,1-5 years,34.24,35070.95
Hoshangabad Road,4,3,1574,Unfurnished,5-10 years,72.61,58294.28
Kolar hills,3,3,1239,Unfurnished,10+ years,64.77,53957.6
New market,2,2,785,Fully Furnished,1-5 years,46.73,45155.61
char Imli,2,2,1069,Fully Furnished,10+ years,65.35,68038.39
Minal,5,4,2514,Semi Furnished,5-10 years,135.28,156059.61
sultaniya road,1,1,431,Semi Furnished,5-10 years,24.87,23198.37
Service road,2,2,1162,Unfurnished,1-5 years,57.0,53872.41
Hoshangabad Road,3,3,1401,Unfurnished,New,92.78,81417.17
Arera Colony,2,2,896,Unfurnished,1-5 years,49.02,45993.43
Kamla Nagar,3,3,1311,Unfurnished,10+ years,84.6,90472.74
Ratnagiri,5,4,2239,Semi Furnished,5-10 years,117.59,122962.61
New market,5,4,2828,Unfurnished,1-5 years,152.72,159451.84
Govindpura,4,3,2079,Fully Furnished,New,114.06,98109.67
char Imli,5,4,2711,Fully Furnished,New,152.1,142941.77
Sonagiri,1,1,500,Semi Furnished,New,26.85,22547.47
jahangirabad,3,3,1458,Unfurnished,10+ years,93.46,94232.62
New market,1,1,692,Fully Furnished,10+ years,42.25,37435.05
Ayodhya nagar,1,1,659,Unfurnished,10+ years,33.77,29600.48
Gulmohar,5,4,2446,Semi Furnished,1-5 years,148.88,122037.97
Habibganj,2,2,913,Unfurnished,5-10 years,45.95,38072.38
Kolar hills,4,3,1625,Fully Furnished,5-10 years,91.41,99219.73
Karond,4,3,2107,Unfurnished,10+ years,91.86,93709.24
Vijay nagar,5,4,2005,Unfurnished,New,86.63,77405.3
Vikas Nagar,2,2,1063,Unfurnished,1-5 years,66.13,63207.18
Ayodhya bypass,4,3,1588,Unfurnished,5-10 years,67.4,65461.73
Shanti Nagar,5,4,2809,Unfurnished,5-10 years,132.14,129524.98
Vijay nagar,2,2,869,Fully Furnished,5-10 years,55.99,59874.71
Bittan Market,4,3,1621,Unfurnished,1-5 years,107.16,120385.84
Vijay nagar,2,2,732,Fully Furnished,1-5 years,41.8,43124.16
Anand nagar,3,3,1345,Unfurnished,10+ years,84.04,94461.82
Shanti Nagar,1,1,782,Fully Furnished,1-5 years,54.69,62827.9
Kolar Road,5,4,2813,Unfurnished,5-10 years,150.38,161152.1
Shivaji Nagar,5,4,2296,Unfurnished,New,109.73,108887.49
Bawadiya Kalan,1,1,544,Fully Furnished,New,36.44,40132.83
Nizamuddin colony,1,1,499,Fully Furnished,10+ years,31.25,30089.74
Service road,2,2,1133,Unfurnished,5-10 years,59.51,63040.91
Minal,5,4,2689,Fully Furnished,1-5 years,149.83,177477.67
Prabhat petrol pump,1,1,432,Semi Furnished,5-10 years,29.86,31202.93
Gandhi nagar,2,2,1018,Semi Furnished,5-10 years,56.62,46638.47
Shyamla Hills,3,3,1494,Fully Furnished,New,103.67,112140.63
Ayodhya nagar,5,4,2840,Semi Furnished,1-5 years,172.41,177734.66
Lalghati,2,2,739,Semi Furnished,10+ years,38.89,33055.94
Habibganj,3,3,1461,Fully Furnished,5-10 years,83.46,97653.74
Kolar Road,2,2,1062,Unfurnished,5-10 years,43.11,35823.68
Vijay nagar,3,3,1042,Semi Furnished,1-5 years,65.07,63313.54
Kolar hills,1,1,438,Unfurnished,1-5 years,29.25,28745.15
Kolar Road,4,3,1809,Unfurnished,1-5 years,98.32,99519.84
Ashoka garden,4,3,2145,Unfurnished,New,138.43,143666.32
Ashoka garden,4,3,1913,Unfurnished,5-10 years,127.29,144332.48
Narela,3,3,1561,Unfurnished,10+ years,83.9,90513.28
Shyamla Hills,4,3,1736,Semi Furnished,10+ years,102.94,106417.97
Ayodhya bypass,5,4,2715,Semi Furnished,1-5 years,142.74,138367.39
Nizamuddin colony,1,1,791,Semi Furnished,10+ years,36.95,31654.14
Vijay nagar,4,3,1661,Unfurnished,1-5 years,100.84,102169.63
Ashoka garden,3,3,1480,Unfurnished,New,64.04,70884.42
eidgah hills,4,3,1438,Fully Furnished,5-10 years,98.76,110595.15
Hoshangabad Road,5,4,2356,Fully Furnished,1-5 years,144.89,123983.59
chuna bhatti,4,3,1513,Semi Furnished,New,99.43,87093.13
Vijay nagar,1,1,761,Fully Furnished,10+ years,34.07,39815.41
jahangirabad,5,4,2920,Fully Furnished,1-5 years,140.68,114612.76
kohefiza,4,3,1985,Unfurnished,1-5 years,107.62,88210.3
Ashoka garden,1,1,552,Semi Furnished,10+ years,26.52,27337.37
Karond,2,2,841,Unfurnished,10+ years,51.88,49014.15
Bittan Market,2,2,1173,Unfurnished,1-5 years,54.95,46627.94
Arera Colony,5,4,2868,Semi Furnished,5-10 years,149.23,179000.18
kohefiza,2,2,961,Semi Furnished,New,56.49,46974.61
VIP road,2,2,914,Fully Furnished,New,57.99,49385.36
Kamla Nagar,5,4,2067,Unfurnished,10+ years,122.14,130372.33
Ayodhya nagar,2,2,1014,Unfurnished,1-5 years,68.02,55603.15
jahangirabad,2,2,1011,Unfurnished,1-5 years,66.86,53755.91
Service road,5,4,2015,Fully Furnished,5-10 years,108.89,88371.3
Hoshangabad Road,2,2,843,Unfurnished,10+ years,45.47,39852.89
Vijay nagar,4,3,1404,Semi Furnished,5-10 years,91.59,87951.76
eidgah hills,2,2,1119,Semi Furnished,New,59.51,60030.51
Shyamla Hills,5,4,2978,Unfurnished,1-5 years,191.52,223528.76
Barkheda,2,2,811,Semi Furnished,New,49.19,49168.99
Ayodhya bypass,5,4,2116,Semi Furnished,5-10 years,91.82,89676.42
Sonagiri,5,4,2104,Fully Furnished,New,126.73,134980.62
Minal,4,3,1515,Fully Furnished,5-10 years,93.87,97202.63
Piplani,3,3,1103,Fully Furnished,5-10 years,63.49,75590.1
Karond,5,4,2057,Unfurnished,10+ years,140.06,141645.57
Ashoka garden,1,1,639,Fully Furnished,1-5 years,34.26,39512.52
chuna bhatti,3,3,1501,Fully Furnished,New,99.52,91548.79
Narela,3,3,1052,Unfurnished,New,70.91,67366.18
MP Nagar,4,3,1953,Fully Furnished,5-10 years,108.5,120044.19
Hoshangabad Road,4,3,1525,Semi Furnished,New,87.47,78745.29
Nizamuddin colony,5,4,2479,Fully Furnished,5-10 years,145.9,130434.23
New market,4,3,1989,Semi Furnished,10+ years,100.5,86341.42
Habibganj,4,3,1992,Fully Furnished,5-10 years,134.27,109028.29
Misrod,4,3,1649,Semi Furnished,5-10 years,66.91,78407.9
Chuna Bhatti,3,3,1027,Semi Furnished,10+ years,60.58,68429.7
Kolar Road,3,3,1531,Fully Furnished,1-5 years,100.29,106882.3
Kolar Road,4,3,2064,Unfurnished,5-10 years,116.1,99167.25
Avadhpuri,5,4,2189,Unfurnished,1-5 years,141.17,138892.44
Roshanpura,1,1,564,Unfurnished,1-5 years,23.49,27635.91
Misrod,2,2,1156,Unfurnished,1-5 years,76.38,75611.93
Chuna Bhatti,2,2,866,Unfurnished,New,57.66,52651.68
Roshanpura,2,2,1001,Unfurnished,5-10 years,60.4,50528.37
MP Nagar,5,4,2778,Unfurnished,New,169.43,173403.87
Avadhpuri,2,2,729,Fully Furnished,1-5 years,29.35,25164.81
Shanti Nagar,3,3,1126,Unfurnished,5-10 years,69.03,76537.46
eidgah hills,2,2,1111,Unfurnished,New,61.96,68044.46
Habibganj,5,4,2864,Unfurnished,New,174.36,142666.38
Roshanpura,5,4,2531,Fully Furnished,1-5 years,110.91,122164.78
Shivaji Nagar,5,4,2608,Semi Furnished,New,115.58,134949.12
Barkheda,3,3,1071,Fully Furnished,New,62.92,51789.63
Shanti Nagar,4,3,1747,Unfurnished,5-10 years,97.94,93366.5
Ayodhya nagar,3,3,1328,Unfurnished,New,56.6,46844.8
Arjun Nagar,5,4,2058,Semi Furnished,New,87.38,95908.8
Ayodhya nagar,4,3,1622,Unfurnished,New,71.42,72779.52
Sonagiri,1,1,653,Unfurnished,10+ years,45.17,37196.94
Bawadiya Kalan,2,2,873,Fully Furnished,1-5 years,45.8,53855.21
Ayodhya bypass,1,1,673,Unfurnished,10+ years,42.23,38106.02
Nizamuddin colony,5,4,2285,Unfurnished,New,141.84,168339.84
Karond,1,1,696,Unfurnished,5-10 years,38.18,35878.58
Vijay nagar,3,3,1072,Fully Furnished,New,59.75,59801.1
Vikas Nagar,2,2,755,Fully Furnished,New,52.71,63123.99
Ayodhya bypass,1,1,643,Unfurnished,5-10 years,35.45,34016.88
Bairagarh,4,3,1735,Semi Furnished,New,120.55,123124.17
Habibganj,5,4,2440,Semi Furnished,1-5 years,97.93,82030.41
Sonagiri,4,3,1773,Unfurnished,1-5 years,95.77,90188.39
Piplani,4,3,1486,Fully Furnished,1-5 years,78.49,75239.77
Kamla Nagar,5,4,2440,Unfurnished,10+ years,98.07,113745.83
chuna bhatti,1,1,500,Fully Furnished,New,25.65,30353.46
Anand nagar,2,2,1132,Semi Furnished,New,51.86,46501.88
Indrapuri,1,1,489,Fully Furnished,10+ years,24.95,27371.64
Service road,4,3,1888,Unfurnished,New,114.93,129110.84
Shivaji Nagar,3,3,1107,Unfurnished,5-10 years,69.13,64525.56
jahangirabad,3,3,1004,Semi Furnished,5-10 years,61.24,56587.03
Hoshangabad Road,3,3,1120,Semi Furnished,5-10 years,50.01,47058.43
kohefiza,4,3,1566,Unfurnished,1-5 years,74.13,77165.37
Kolar Road,2,2,821,Fully Furnished,10+ years,55.64,44897.76
VIP road,3,3,1251,Fully Furnished,New,53.95,59639.38
Gulmohar,2,2,1198,Fully Furnished,1-5 years,49.68,52046.76
Saket nagar,3,3,1262,Unfurnished,1-5 years,54.93,52901.84
Ayodhya bypass,4,3,1693,Semi Furnished,New,76.53,80359.49
Lalghati,5,4,2619,Unfurnished,10+ years,138.82,128100.31
Piplani,5,4,2087,Semi Furnished,New,100.69,116066.59
eidgah hills,2,2,839,Semi Furnished,New,54.47,48721.67
chuna bhatti,1,1,718,Unfurnished,10+ years,43.75,38832.72
MP Nagar,3,3,1045,Fully Furnished,10+ years,57.38,64174.39
Ayodhya nagar,4,3,1909,Semi Furnished,10+ years,94.68,110367.92
kohefiza,1,1,725,Semi Furnished,5-10 years,32.09,35024.02
Ayodhya nagar,4,3,1647,Fully Furnished,10+ years,80.48,76159.59
char Imli,5,4,2162,Fully Furnished,New,118.47,109002.59
Vikas Nagar,4,3,1646,Semi Furnished,New,70.42,78002.43
Bawadiya Kalan,3,3,1270,Semi Furnished,5-10 years,62.05,51013.89
Bawadiya Kalan,4,3,2185,Fully Furnished,New,106.48,102545.36
Ratnagiri,4,3,2109,Semi Furnished,1-5 years,126.39,124838.13
Roshanpura,1,1,519,Semi Furnished,1-5 years,25.85,25814.16
MP Nagar,5,4,2972,Unfurnished,1-5 years,158.41,188099.65
char Imli,2,2,1067,Semi Furnished,5-10 years,68.37,70349.3
Gulmohar,5,4,2624,Semi Furnished,5-10 years,183.6,194892.18
Shanti Nagar,3,3,1417,Fully Furnished,10+ years,92.06,100769.89
Bawadiya Kalan,1,1,423,Fully Furnished,New,19.56,20148.49
Saket nagar,3,3,1550,Fully Furnished,1-5 years,83.65,87595.89
Bittan Market,2,2,730,Semi Furnished,New,49.54,52519.35
Barkheda,3,3,1361,Unfurnished,10+ years,71.33,60138.79
Arjun Nagar,4,3,2184,Unfurnished,New,147.19,117914.77
Prabhat petrol pump,3,3,1197,Semi Furnished,10+ years,82.42,94657.57
VIP road,3,3,1425,Unfurnished,10+ years,61.67,71458.17
Bittan Market,2,2,854,Semi Furnished,1-5 years,52.4,53959.35
ibrahimpura,4,3,1513,Unfurnished,New,94.76,81536.3
Habibganj,1,1,786,Fully Furnished,1-5 years,35.92,29985.35
Ratnagiri,3,3,1196,Unfurnished,1-5 years,70.95,62355.56
Govindpura,2,2,1189,Unfurnished,New,80.44,93828.51
Anand nagar,3,3,1361,Fully Furnished,1-5 years,87.0,72344.28
Bairagarh,2,2,865,Fully Furnished,1-5 years,42.59,38687.9
Shyamla Hills,5,4,2004,Semi Furnished,New,133.27,159741.66
Arera Colony,2,2,1087,Fully Furnished,5-10 years,57.51,63434.07
New market,2,2,802,Semi Furnished,10+ years,51.0,46221.8
Bawadiya Kalan,1,1,437,Unfurnished,5-10 years,24.06,22693.85
Ayodhya bypass,3,3,1134,Unfurnished,1-5 years,49.76,44472.39
Nizamuddin colony,3,3,1160,Semi Furnished,5-10 years,47.99,53063.33
MP Nagar,2,2,1036,Unfurnished,10+ years,66.84,77134.56
Roshanpura,4,3,1612,Fully Furnished,10+ years,76.36,83282.37
Ratnagiri,5,4,2308,Fully Furnished,New,98.29,110625.87
ibrahimpura,2,2,989,Semi Furnished,5-10 years,48.97,51335.37
Govindpura,2,2,1080,Fully Furnished,5-10 years,49.65,51528.29
Bairagarh,4,3,1985,Fully Furnished,New,88.84,72650.92
Chuna Bhatti,5,4,2582,Semi Furnished,1-5 years,139.59,126933.71
Hoshangabad Road,4,3,1409,Unfurnished,New,96.04,92761.74
sultaniya road,5,4,2484,Fully Furnished,10+ years,115.44,112142.28
Hoshangabad Road,3,3,1333,Unfurnished,New,80.96,96166.36
Nizamuddin colony,4,3,1880,Semi Furnished,10+ years,86.39,80619.76
Shanti Nagar,4,3,2130,Semi Furnished,1-5 years,120.11,126181.76
Gulmohar,1,1,756,Unfurnished,New,38.13,35503.29
sultaniya road,1,1,762,Semi Furnished,10+ years,51.36,55722.49
Arjun Nagar,5,4,2228,Fully Furnished,New,112.94,118468.7
Vikas Nagar,5,4,2473,Unfurnished,New,151.29,176164.54
Tajul masjid,5,4,2572,Semi Furnished,1-5 years,138.05,122654.58
Bawadiya Kalan,3,3,1240,Unfurnished,5-10 years,78.56,83687.07
chuna bhatti,2,2,1153,Semi Furnished,5-10 years,60.62,56731.69
char Imli,4,3,1503,Unfurnished,10+ years,93.38,97946.84
Govindpura,3,3,1461,Semi Furnished,5-10 years,63.42,66939.54
Shyamla Hills,1,1,598,Fully Furnished,10+ years,30.35,34789.95
Misrod,2,2,918,Unfurnished,10+ years,59.66,71517.61
Bawadiya Kalan,3,3,1360,Unfurnished,New,79.96,69397.64
char Imli,1,1,698,Unfurnished,New,44.75,46132.33
Govindpura,5,4,2702,Unfurnished,1-5 years,184.83,211976.93
Gulmohar,3,3,1337,Semi Furnished,1-5 years,75.32,73246.06
Kamla Nagar,4,3,1995,Unfurnished,10+ years,137.86,161008.25
Anand nagar,3,3,1509,Semi Furnished,1-5 years,92.49,86360.73
Barkheda,5,4,2387,Semi Furnished,10+ years,148.58,173808.15
Saket nagar,1,1,773,Fully Furnished,10+ years,46.29,54262.25
Gandhi nagar,3,3,1594,Semi Furnished,5-10 years,65.99,56285.29
Minal,5,4,2540,Semi Furnished,1-5 years,131.53,114541.13
Arjun Nagar,3,3,1157,Fully Furnished,5-10 years,52.08,43834.78
Vikas Nagar,1,1,702,Semi Furnished,10+ years,31.38,36810.62
Ayodhya bypass,4,3,1804,Semi Furnished,1-5 years,90.85,78447.27
Sonagiri,5,4,2860,Fully Furnished,1-5 years,166.27,164440.28
Bawadiya Kalan,3,3,1479,Unfurnished,New,90.6,98581.91
VIP road,1,1,680,Semi Furnished,1-5 years,40.24,47224.58
Chuna Bhatti,2,2,850,Semi Furnished,10+ years,38.81,45665.72
Bawadiya Kalan,2,2,1085,Semi Furnished,New,74.88,65153.48
char Imli,2,2,1176,Fully Furnished,10+ years,54.77,58388.28
Govindpura,3,3,1128,Fully Furnished,New,78.12,84963.69
sultaniya road,3,3,1045,Fully Furnished,5-10 years,57.24,58349.97
Misrod,1,1,462,Semi Furnished,5-10 years,22.4,21909.14
Anand nagar,4,3,2140,Semi Furnished,1-5 years,120.48,99991.46
Ashoka garden,1,1,686,Fully Furnished,1-5 years,30.5,28187.11
Minal,2,2,794,Unfurnished,10+ years,46.39,54418.5
ibrahimpura,2,2,717,Unfurnished,1-5 years,30.09,34381.56
kohefiza,2,2,913,Fully Furnished,New,43.85,46882.77
Tajul masjid,2,2,798,Semi Furnished,5-10 years,31.94,27374.79
Kolar hills,4,3,2039,Unfurnished,1-5 years,129.91,117960.57
Anand nagar,3,3,1234,Semi Furnished,5-10 years,70.62,81324.88
Gulmohar,1,1,779,Unfurnished,New,37.72,33142.82
Gulmohar,1,1,526,Semi Furnished,New,34.76,31029.9
Bittan Market,5,4,2408,Fully Furnished,10+ years,148.47,149772.47
Saket nagar,5,4,2955,Semi Furnished,1-5 years,201.44,225551.05
Vijay nagar,3,3,1595,Unfurnished,10+ years,96.92,99342.25
Habibganj,5,4,2384,Fully Furnished,5-10 years,164.53,163619.68
Tajul masjid,5,4,2136,Fully Furnished,New,101.52,97980.3
chuna bhatti,1,1,708,Fully Furnished,10+ years,48.37,40281.9
Gandhi nagar,3,3,1161,Semi Furnished,5-10 years,54.14,49221.27
Chuna Bhatti,4,3,1598,Unfurnished,5-10 years,84.86,79757.4
Arera Colony,4,3,1596,Unfurnished,5-10 years,107.95,127379.0
eidgah hills,3,3,1234,Unfurnished,5-10 years,69.88,79105.25
Karond,3,3,1435,Fully Furnished,5-10 years,75.51,88717.41
Arera Colony,2,2,792,Unfurnished,5-10 years,38.79,35034.57
Misrod,5,4,2757,Semi Furnished,1-5 years,135.36,116596.83
jahangirabad,2,2,747,Unfurnished,10+ years,36.37,29762.4
Govindpura,1,1,782,Unfurnished,5-10 years,47.42,53803.86
Shyamla Hills,2,2,1082,Semi Furnished,10+ years,51.38,59835.53
Anand nagar,4,3,2063,Unfurnished,10+ years,136.98,115722.43
Shyamla Hills,5,4,2358,Semi Furnished,New,97.27,78445.67
Roshanpura,5,4,2927,Unfurnished,New,191.25,226313.62
eidgah hills,2,2,830,Semi Furnished,1-5 years,38.78,31848.16
sultaniya road,4,3,2142,Unfurnished,1-5 years,116.92,138827.61
Avadhpuri,3,3,1164,Semi Furnished,10+ years,49.2,52461.74
Habibganj,2,2,1013,Semi Furnished,5-10 years,47.28,38020.77
Roshanpura,3,3,1078,Unfurnished,5-10 years,63.35,63712.14
Minal,3,3,1359,Fully Furnished,New,69.7,58534.99
Service road,4,3,1773,Semi Furnished,1-5 years,120.41,120802.59
Indrapuri,4,3,2022,Semi Furnished,10+ years,85.82,75927.38
Service road,2,2,978,Fully Furnished,1-5 years,49.99,46628.81
Ashoka garden,4,3,1880,Fully Furnished,5-10 years,86.89,81803.53
Kolar Road,3,3,1474,Fully Furnished,New,67.16,76693.99
Shanti Nagar,5,4,2419,Fully Furnished,New,163.14,156626.75
Shivaji Nagar,2,2,979,Fully Furnished,5-10 years,65.44,54718.93
Kolar Road,1,1,564,Unfurnished,10+ years,26.53,26216.05
kohefiza,1,1,543,Unfurnished,5-10 years,23.77,22739.79
Narela,3,3,1423,Semi Furnished,New,79.82,94855.09
Ashoka garden,2,2,1075,Semi Furnished,1-5 years,59.33,69007.5
Ashoka garden,5,4,2446,Fully Furnished,New,145.09,154074.2
kohefiza,3,3,1580,Fully Furnished,5-10 years,102.57,94287.99
Gulmohar,2,2,1003,Fully Furnished,New,63.28,62178.89
Shivaji Nagar,3,3,1399,Unfurnished,5-10 years,90.42,95252.2
Ayodhya bypass,2,2,893,Unfurnished,1-5 years,47.87,46344.19
Avadhpuri,5,4,2095,Semi Furnished,10+ years,122.36,104263.14
Habibganj,4,3,2108,Fully Furnished,1-5 years,142.37,157915.14
Chuna Bhatti,3,3,1588,Fully Furnished,5-10 years,97.02,93778.03
kohefiza,5,4,2137,Unfurnished,1-5 years,146.81,118777.82
jahangirabad,5,4,2018,Unfurnished,1-5 years,114.93,119656.27
eidgah hills,2,2,1139,Semi Furnished,New,72.09,80140.11
Prabhat petrol pump,4,3,1526,Unfurnished,5-10 years,102.72,98790.52
chuna bhatti,4,3,2001,Unfurnished,10+ years,120.7,99779.41
Chuna Bhatti,1,1,666,Semi Furnished,10+ years,40.95,44686.16
Chuna Bhatti,3,3,1488,Semi Furnished,New,87.52,82778.66
Tajul masjid,1,1,689,Semi Furnished,10+ years,40.77,38151.45
Roshanpura,5,4,2229,Semi Furnished,1-5 years,120.43,104849.86
Bittan Market,3,3,1035,Semi Furnished,10+ years,60.39,55799.81
Habibganj,5,4,2532,Unfurnished,5-10 years,150.63,141208.52
Arjun Nagar,5,4,2842,Semi Furnished,1-5 years,155.23,180415.15
Shyamla Hills,2,2,955,Semi Furnished,New,58.66,59864.92
Ayodhya nagar,1,1,759,Semi Furnished,5-10 years,40.13,46657.99
jahangirabad,3,3,1564,Semi Furnished,10+ years,101.63,87106.93
Kamla Nagar,4,3,2175,Fully Furnished,1-5 years,135.64,121302.07
Vikas Nagar,3,3,1013,Semi Furnished,10+ years,54.49,57824.51
Vikas Nagar,5,4,2622,Unfurnished,1-5 years,179.0,176699.09
Tajul masjid,3,3,1328,Unfurnished,New,58.2,50187.04
chuna bhatti,3,3,1540,Fully Furnished,New,77.07,79905.75
Gandhi nagar,1,1,688,Fully Furnished,1-5 years,41.74,36056.33
Kamla Nagar,5,4,2187,Fully Furnished,New,108.68,109679.27
Service road,2,2,933,Unfurnished,1-5 years,41.49,36576.12
Arjun Nagar,3,3,1314,Semi Furnished,10+ years,67.98,76978.59
Gandhi nagar,1,1,764,Fully Furnished,5-10 years,39.21,44795.95
Service road,1,1,559,Unfurnished,1-5 years,37.33,39385.41
Narela,4,3,2157,Unfurnished,1-5 years,102.06,104610.57
Vijay nagar,1,1,693,Fully Furnished,10+ years,43.47,51435.98
Govindpura,3,3,1595,Fully Furnished,10+ years,104.78,123531.27
Shanti Nagar,1,1,633,Semi Furnished,New,35.51,29434.01
Ayodhya bypass,3,3,1033,Unfurnished,New,43.32,40444.47
Sonagiri,3,3,1564,Fully Furnished,1-5 years,97.47,86082.97
VIP road,5,4,2872,Unfurnished,1-5 years,160.08,159055.39
Chuna Bhatti,1,1,644,Semi Furnished,10+ years,33.28,31848.14
Gandhi nagar,2,2,966,Unfurnished,1-5 years,67.58,64177.67
Tajul masjid,4,3,1439,Semi Furnished,5-10 years,77.96,73703.3
Shyamla Hills,2,2,747,Fully Furnished,New,47.31,38725.5
Gulmohar,1,1,544,Fully Furnished,5-10 years,29.87,25866.25
Narela,5,4,2153,Semi Furnished,New,140.95,157460.57
Sonagiri,4,3,2146,Unfurnished,5-10 years,94.6,112531.15
Piplani,4,3,1428,Unfurnished,1-5 years,76.59,76239.84
Chuna Bhatti,1,1,752,Semi Furnished,New,46.84,41061.85
eidgah hills,4,3,1550,Fully Furnished,New,94.13,90311.1
Anand nagar,1,1,678,Fully Furnished,5-10 years,45.47,51231.3
Ayodhya bypass,5,4,2590,Unfurnished,10+ years,169.48,137263.27
eidgah hills,2,2,1106,Semi Furnished,5-10 years,70.66,74114.77
Barkheda,3,3,1439,Semi Furnished,New,98.43,90556.84
Vikas Nagar,5,4,2972,Unfurnished,New,124.93,138557.6
eidgah hills,3,3,1389,Fully Furnished,New,93.08,111152.06
Ayodhya bypass,1,1,595,Semi Furnished,1-5 years,35.41,28496.47
eidgah hills,5,4,2350,Unfurnished,1-5 years,98.49,107740.15
MP Nagar,3,3,1194,Fully Furnished,5-10 years,82.56,79439.16
Arera Colony,1,1,617,Unfurnished,5-10 years,25.84,27161.22
Gandhi nagar,3,3,1232,Unfurnished,5-10 years,67.67,74024.43
Roshanpura,5,4,2929,Fully Furnished,New,120.7,107859.16
Piplani,1,1,713,Unfurnished,New,40.23,35943.47
VIP road,1,1,774,Fully Furnished,1-5 years,37.4,43743.99
Shanti Nagar,3,3,1009,Unfurnished,10+ years,48.62,43604.13
MP Nagar,3,3,1273,Unfurnished,5-10 years,63.26,65975.64
jahangirabad,3,3,1199,Unfurnished,New,82.99,74414.82
jahangirabad,3,3,1155,Fully Furnished,1-5 years,47.48,50784.5
Ashoka garden,4,3,1926,Fully Furnished,1-5 years,133.37,157517.34
Ashoka garden,4,3,2032,Fully Furnished,1-5 years,131.2,149435.4
MP Nagar,2,2,919,Fully Furnished,1-5 years,58.66,64885.53
Ashoka garden,3,3,1064,Semi Furnished,10+ years,56.16,47114.33
Govindpura,3,3,1388,Fully Furnished,10+ years,89.03,104163.57
Ayodhya bypass,3,3,1457,Fully Furnished,New,100.73,85667.83
Bittan Market,1,1,421,Semi Furnished,5-10 years,18.57,15885.43
Shanti Nagar,5,4,2529,Semi Furnished,10+ years,170.56,137589.55
Ayodhya bypass,4,3,1958,Fully Furnished,5-10 years,129.62,112997.02
Prabhat petrol pump,3,3,1560,Unfurnished,New,102.09,92953.03
Shivaji Nagar,2,2,1025,Semi Furnished,5-10 years,43.17,35565.85
eidgah hills,1,1,488,Fully Furnished,New,19.71,19118.91
Misrod,4,3,1739,Unfurnished,5-10 years,121.57,98744.04
Shanti Nagar,1,1,452,Unfurnished,New,25.51,21087.91
Bawadiya Kalan,5,4,2234,Unfurnished,1-5 years,99.37,107836.37
Saket nagar,2,2,805,Unfurnished,10+ years,34.11,29576.9
Ayodhya bypass,3,3,1435,Semi Furnished,New,96.35,109148.2
New market,2,2,1006,Semi Furnished,1-5 years,50.93,60535.02
Roshanpura,3,3,1598,Unfurnished,5-10 years,81.58,67736.9
Ayodhya bypass,4,3,2019,Unfurnished,5-10 years,139.94,165128.88
Lalghati,4,3,2176,Unfurnished,New,108.9,91880.34
Prabhat petrol pump,5,4,2101,Unfurnished,5-10 years,140.73,120682.74
Govindpura,4,3,1473,Fully Furnished,5-10 years,69.39,60171.11
Arjun Nagar,1,1,598,Unfurnished,5-10 years,39.17,44595.46
Lalghati,3,3,1546,Semi Furnished,New,100.06,103293.82
ibrahimpura,4,3,1618,Unfurnished,New,92.22,108629.14
Arera Colony,4,3,1407,Unfurnished,1-5 years,89.11,106655.58
Ashoka garden,1,1,403,Unfurnished,1-5 years,26.84,25672.28
Chuna Bhatti,3,3,1472,Unfurnished,1-5 years,80.7,96472.45
Avadhpuri,1,1,647,Fully Furnished,New,29.53,25542.08
Gandhi nagar,5,4,2507,Fully Furnished,New,108.3,113051.52
chuna bhatti,3,3,1529,Unfurnished,1-5 years,92.91,81632.68
Saket nagar,2,2,866,Unfurnished,New,59.67,63804.53
Lalghati,3,3,1439,Fully Furnished,10+ years,86.96,96307.72
Ashoka garden,5,4,2280,Unfurnished,New,139.48,138883.41
ibrahimpura,3,3,1335,Semi Furnished,10+ years,69.13,74769.13
Narela,4,3,1434,Unfurnished,10+ years,60.05,53932.18
Habibganj,5,4,2567,Semi Furnished,10+ years,175.95,184016.55
Misrod,5,4,2264,Unfurnished,5-10 years,134.67,142705.11
Roshanpura,5,4,2988,Unfurnished,New,206.07,171134.67
New market,2,2,1152,Fully Furnished,5-10 years,49.41,51671.93
Shanti Nagar,4,3,1959,Semi Furnished,New,85.62,75907.96
Bawadiya Kalan,2,2,979,Unfurnished,10+ years,50.61,50257.59
Misrod,4,3,1660,Fully Furnished,New,112.15,123903.91
Anand nagar,1,1,617,Fully Furnished,10+ years,32.5,30448.51
Ratnagiri,3,3,1439,Fully Furnished,5-10 years,96.26,78576.24
Gandhi nagar,1,1,434,Unfurnished,1-5 years,19.78,16584.9
Ayodhya bypass,3,3,1456,Fully Furnished,10+ years,99.24,100843.18
char Imli,2,2,1178,Fully Furnished,5-10 years,82.42,75425.33
eidgah hills,2,2,756,Fully Furnished,New,37.62,33142.89
Bittan Market,5,4,2792,Semi Furnished,5-10 years,126.15,116315.25
Chuna Bhatti,3,3,1441,Fully Furnished,New,57.92,48366.22
Karond,3,3,1210,Semi Furnished,5-10 years,53.86,48100.05
Kolar hills,2,2,1052,Unfurnished,New,48.78,39424.09
Service road,2,2,830,Fully Furnished,New,47.12,52239.71
Gulmohar,3,3,1349,Fully Furnished,New,83.3,93990.97
Chuna Bhatti,5,4,2947,Semi Furnished,1-5 years,148.64,167282.24
Vijay nagar,2,2,1031,Semi Furnished,1-5 years,51.38,45632.07
Shanti Nagar,4,3,1987,Unfurnished,5-10 years,127.32,114661.15
Hoshangabad Road,4,3,2100,Unfurnished,5-10 years,104.5,103276.15
Kamla Nagar,1,1,696,Unfurnished,New,36.81,40832.71
chuna bhatti,2,2,906,Unfurnished,New,36.97,38460.68
Habibganj,4,3,2116,Fully Furnished,10+ years,111.86,122559.35
Sonagiri,4,3,2165,Semi Furnished,1-5 years,123.87,142340.88
Bawadiya Kalan,3,3,1395,Semi Furnished,New,96.06,101849.9
Arjun Nagar,2,2,1041,Unfurnished,10+ years,65.83,64485.35
sultaniya road,5,4,2985,Fully Furnished,1-5 years,207.45,202546.13
kohefiza,3,3,1100,Fully Furnished,10+ years,76.72,61401.95
Barkheda,5,4,2683,Unfurnished,1-5 years,147.39,147613.37
Shanti Nagar,5,4,2268,Unfurnished,10+ years,97.56,91981.93
MP Nagar,1,1,698,Fully Furnished,5-10 years,44.98,50758.79
Karond,3,3,1046,Unfurnished,1-5 years,68.23,79255.64
Arera Colony,1,1,629,Semi Furnished,10+ years,25.46,24716.87
Anand nagar,5,4,2360,Fully Furnished,5-10 years,158.4,178690.2
Sonagiri,1,1,536,Unfurnished,1-5 years,36.63,37487.76
Ratnagiri,2,2,1172,Semi Furnished,1-5 years,81.27,79990.5
Hoshangabad Road,1,1,792,Fully Furnished,New,35.46,39338.61
sultaniya road,2,2,1147,Unfurnished,1-5 years,48.97,41785.57
Bittan Market,1,1,777,Unfurnished,New,41.07,43495.62
Kolar Road,5,4,2165,Unfurnished,New,134.93,150717.65
Shanti Nagar,1,1,554,Unfurnished,1-5 years,36.91,37177.99
Avadhpuri,3,3,1283,Unfurnished,1-5 years,86.16,82050.55
Prabhat petrol pump,1,1,564,Semi Furnished,New,30.85,31470.41
Hoshangabad Road,3,3,1545,Fully Furnished,10+ years,107.95,106185.21
eidgah hills,1,1,460,Semi Furnished,New,18.6,17039.37
Ratnagiri,3,3,1506,Fully Furnished,10+ years,83.99,82853.5
Prabhat petrol pump,1,1,610,Semi Furnished,1-5 years,30.76,24935.12
sultaniya road,3,3,1523,Fully Furnished,10+ years,88.77,99884.59
Shivaji Nagar,2,2,1152,Semi Furnished,10+ years,56.0,65788.9
Gulmohar,2,2,908,Unfurnished,5-10 years,45.52,52373.22
Vijay nagar,1,1,443,Semi Furnished,1-5 years,22.55,26095.07
Bawadiya Kalan,2,2,1165,Semi Furnished,5-10 years,58.87,64747.43
Ayodhya nagar,3,3,1162,Fully Furnished,10+ years,68.77,56841.69
Bawadiya Kalan,3,3,1080,Semi Furnished,1-5 years,57.2,54877.15
New market,3,3,1147,Unfurnished,New,48.32,55588.72
Piplani,2,2,908,Semi Furnished,5-10 years,51.04,51534.92
Vijay nagar,4,3,1832,Fully Furnished,5-10 years,126.69,118285.84
ibrahimpura,5,4,2756,Semi Furnished,5-10 years,148.82,144811.84
Anand nagar,5,4,2272,Fully Furnished,1-5 years,91.67,96570.51
Vikas Nagar,3,3,1320,Fully Furnished,1-5 years,60.25,64415.83
Vijay nagar,4,3,1702,Semi Furnished,1-5 years,107.51,106477.21
Ayodhya nagar,3,3,1529,Fully Furnished,5-10 years,94.49,107717.57
Shanti Nagar,4,3,1841,Semi Furnished,1-5 years,109.6,114817.12
Lalghati,5,4,2852,Semi Furnished,New,154.39,133671.94
Barkheda,5,4,2146,Unfurnished,New,118.83,129967.42
Karond,4,3,1535,Semi Furnished,New,100.86,87491.57
Hoshangabad Road,4,3,1820,Semi Furnished,10+ years,125.77,120455.46
Indrapuri,1,1,743,Semi Furnished,1-5 years,33.84,32747.9
Hoshangabad Road,2,2,1101,Semi Furnished,10+ years,76.99,69716.95
Prabhat petrol pump,5,4,2761,Unfurnished,5-10 years,119.99,124098.02
Piplani,4,3,1460,Semi Furnished,1-5 years,92.6,74744.59
Sonagiri,1,1,465,Fully Furnished,10+ years,19.1,22259.7
Gulmohar,2,2,1088,Unfurnished,New,69.91,61250.47
Indrapuri,1,1,631,Semi Furnished,5-10 years,25.65,24333.53
Bawadiya Kalan,2,2,973,Fully Furnished,1-5 years,66.44,75203.63
jahangirabad,3,3,1258,Semi Furnished,New,82.27,98697.57
VIP road,5,4,2349,Unfurnished,New,141.53,162914.49
Roshanpura,2,2,857,Fully Furnished,New,41.51,49613.38
Kamla Nagar,3,3,1413,Semi Furnished,New,86.88,104252.12
MP Nagar,5,4,2275,Semi Furnished,1-5 years,134.8,146854.99
Barkheda,3,3,1320,Semi Furnished,1-5 years,56.77,49868.5
chuna bhatti,4,3,2139,Semi Furnished,1-5 years,92.74,107885.4
Kolar hills,5,4,2901,Unfurnished,1-5 years,181.8,175720.29
Sonagiri,5,4,2374,Unfurnished,1-5 years,119.16,129979.74
Bittan Market,1,1,516,Semi Furnished,5-10 years,33.36,30728.19
Sonagiri,5,4,2898,Fully Furnished,1-5 years,126.73,120173.96
char Imli,1,1,705,Semi Furnished,10+ years,40.09,38867.12
Habibganj,4,3,2001,Semi Furnished,1-5 years,99.97,118134.81
Habibganj,2,2,1157,Fully Furnished,1-5 years,70.05,67226.0
Misrod,4,3,1598,Semi Furnished,5-10 years,107.04,92038.62
Bittan Market,4,3,2172,Fully Furnished,New,103.04,119334.12
chuna bhatti,3,3,1030,Fully Furnished,10+ years,68.73,66875.68
Arjun Nagar,4,3,1533,Fully Furnished,5-10 years,94.01,104692.72
Minal,3,3,1307,Unfurnished,10+ years,84.2,90488.72
Karond,2,2,772,Fully Furnished,5-10 years,42.22,46867.3
VIP road,3,3,1526,Fully Furnished,10+ years,73.78,86230.31
Anand nagar,4,3,1533,Unfurnished,1-5 years,93.13,84482.39
Ayodhya nagar,2,2,713,Fully Furnished,5-10 years,38.66,36545.02
eidgah hills,3,3,1078,Semi Furnished,5-10 years,48.18,56939.82
Minal,2,2,1036,Unfurnished,5-10 years,68.08,55444.96
Roshanpura,2,2,913,Semi Furnished,New,41.21,41748.77
Govindpura,2,2,983,Fully Furnished,10+ years,65.97,77656.59
Roshanpura,1,1,418,Semi Furnished,5-10 years,25.59,21509.08
Ashoka garden,5,4,2705,Semi Furnished,5-10 years,152.03,164157.66
VIP road,5,4,2160,Fully Furnished,New,115.7,114820.7
Roshanpura,1,1,538,Unfurnished,10+ years,24.62,24107.87
char Imli,4,3,1471,Unfurnished,New,89.47,89517.11
Arera Colony,1,1,457,Semi Furnished,New,24.78,24638.49
Hoshangabad Road,1,1,553,Unfurnished,1-5 years,32.65,28634.27
Gandhi nagar,3,3,1053,Unfurnished,5-10 years,63.33,65512.42
Tajul masjid,1,1,616,Semi Furnished,New,39.32,46855.39
Nizamuddin colony,4,3,1617,Unfurnished,New,76.18,78186.54
Shanti Nagar,3,3,1507,Fully Furnished,1-5 years,61.8,57533.11
Saket nagar,2,2,751,Semi Furnished,New,35.16,32399.22
Arjun Nagar,4,3,2194,Unfurnished,1-5 years,136.05,138327.71
Kolar Road,4,3,1941,Semi Furnished,New,90.5,100793.87
Govindpura,2,2,1126,Fully Furnished,1-5 years,63.57,68428.1
Shanti Nagar,4,3,1471,Semi Furnished,New,66.06,59521.82
Prabhat petrol pump,4,3,1676,Semi Furnished,5-10 years,116.58,113202.82
Shyamla Hills,4,3,1454,Fully Furnished,1-5 years,69.76,72388.98
Piplani,5,4,2121,Semi Furnished,10+ years,110.02,102476.33
chuna bhatti,4,3,1853,Fully Furnished,5-10 years,100.31,100677.66
kohefiza,3,3,1059,Unfurnished,10+ years,65.73,64235.85
Anand nagar,3,3,1337,Unfurnished,New,62.09,63071.83
Bairagarh,3,3,1472,Unfurnished,New,99.75,104325.94
Habibganj,3,3,1452,Fully Furnished,1-5 years,75.59,66590.67
Misrod,4,3,1516,Unfurnished,5-10 years,61.37,70479.71
Arjun Nagar,4,3,1605,Fully Furnished,10+ years,85.32,73110.61
chuna bhatti,2,2,937,Unfurnished,5-10 years,60.3,60465.11
Prabhat petrol pump,1,1,518,Semi Furnished,5-10 years,33.44,35007.22
Saket nagar,2,2,822,Semi Furnished,10+ years,51.55,52750.11
Minal,3,3,1569,Semi Furnished,10+ years,105.28,106188.83
Piplani,5,4,2202,Fully Furnished,10+ years,149.13,161480.33
Bairagarh,2,2,1037,Fully Furnished,1-5 years,60.59,72452.54
Vijay nagar,4,3,2193,Semi Furnished,10+ years,109.23,130135.16
eidgah hills,4,3,2000,Unfurnished,10+ years,97.67,98740.49
Habibganj,1,1,438,Unfurnished,5-10 years,26.91,29144.52
Avadhpuri,2,2,800,Semi Furnished,10+ years,51.5,43613.19
Piplani,3,3,1391,Unfurnished,5-10 years,71.88,60468.44
Minal,4,3,1593,Unfurnished,New,78.32,74267.67
Vikas Nagar,5,4,2590,Fully Furnished,5-10 years,128.84,108366.97
sultaniya road,3,3,1131,Semi Furnished,5-10 years,69.29,56397.76
Misrod,5,4,2088,Semi Furnished,1-5 years,144.18,125388.11
Shyamla Hills,1,1,407,Semi Furnished,5-10 years,28.08,25091.14
ibrahimpura,1,1,729,Semi Furnished,New,41.6,41821.91
Vijay nagar,3,3,1118,Unfurnished,1-5 years,58.82,56502.88
Tajul masjid,3,3,1089,Fully Furnished,New,72.67,70240.6
Arjun Nagar,2,2,1089,Fully Furnished,10+ years,74.19,74781.72
Prabhat petrol pump,1,1,773,Unfurnished,New,40.48,46067.68
Kolar Road,1,1,472,Fully Furnished,5-10 years,25.01,23797.87
Kolar hills,2,2,760,Unfurnished,New,40.71,37176.01
Hoshangabad Road,5,4,2118,Fully Furnished,5-10 years,86.25,88700.7
Vijay nagar,2,2,1065,Unfurnished,10+ years,73.69,82800.0
kohefiza,3,3,1552,Unfurnished,10+ years,104.69,85607.0
sultaniya road,3,3,1585,Unfurnished,New,76.1,73995.4
eidgah hills,3,3,1445,Unfurnished,10+ years,66.66,76263.03
Bawadiya Kalan,2,2,1183,Fully Furnished,1-5 years,60.55,54150.97
Bittan Market,1,1,573,Semi Furnished,5-10 years,32.53,28096.84
Govindpura,2,2,1171,Semi Furnished,New,52.44,56356.02
Kamla Nagar,5,4,2417,Unfurnished,5-10 years,148.96,127076.67
jahangirabad,3,3,1135,Semi Furnished,5-10 years,47.06,49770.8
jahangirabad,3,3,1587,Semi Furnished,1-5 years,103.77,116000.04
Lalghati,3,3,1103,Semi Furnished,1-5 years,48.78,49702.6
New market,3,3,1197,Unfurnished,5-10 years,51.13,49787.49
Indrapuri,3,3,1107,Unfurnished,5-10 years,76.38,82996.35
Saket nagar,5,4,2595,Fully Furnished,5-10 years,169.61,193191.6
Ayodhya bypass,1,1,572,Fully Furnished,1-5 years,25.79,29044.7
Roshanpura,5,4,2443,Semi Furnished,New,117.86,109529.24
Prabhat petrol pump,4,3,1430,Fully Furnished,1-5 years,60.93,58750.66
Piplani,2,2,905,Unfurnished,10+ years,48.97,53431.33
Ratnagiri,5,4,2738,Semi Furnished,10+ years,130.0,121897.54
Ayodhya nagar,2,2,842,Fully Furnished,New,46.4,50331.27
Sonagiri,4,3,2027,Fully Furnished,5-10 years,87.94,78821.04
Gulmohar,1,1,740,Semi Furnished,5-10 years,35.4,37162.11
Kolar hills,2,2,1021,Fully Furnished,New,70.37,78126.49
Roshanpura,5,4,2833,Fully Furnished,1-5 years,177.67,153793.55
Kolar Road,2,2,1156,Unfurnished,1-5 years,52.18,59871.46
New market,5,4,2181,Semi Furnished,New,140.32,129517.19
Vikas Nagar,1,1,627,Semi Furnished,New,36.47,42084.67
Misrod,5,4,2612,Semi Furnished,5-10 years,153.52,151259.0
Gandhi nagar,3,3,1070,Semi Furnished,New,48.1,40782.12
Misrod,3,3,1478,Unfurnished,10+ years,68.04,65826.97
kohefiza,1,1,490,Unfurnished,1-5 years,20.9,22293.63
Minal,1,1,725,Semi Furnished,5-10 years,43.46,51165.45
Vijay nagar,5,4,2488,Semi Furnished,10+ years,162.7,194316.58
Arera Colony,1,1,614,Semi Furnished,5-10 years,30.36,33903.28
Ayodhya nagar,5,4,2481,Semi Furnished,1-5 years,160.94,139619.59
Gulmohar,5,4,2933,Fully Furnished,1-5 years,156.18,126852.02
Narela,3,3,1465,Fully Furnished,5-10 years,98.46,92025.01
Vijay nagar,1,1,543,Semi Furnished,1-5 years,31.54,31678.46
Shyamla Hills,2,2,877,Semi Furnished,10+ years,36.32,39236.58
Vijay nagar,5,4,2332,Unfurnished,5-10 years,126.39,139886.1
jahangirabad,2,2,820,Fully Furnished,10+ years,49.74,52073.26
Govindpura,2,2,977,Fully Furnished,1-5 years,45.37,50698.04
Arera Colony,4,3,1974,Semi Furnished,1-5 years,90.29,99661.39
Vijay nagar,5,4,2360,Fully Furnished,5-10 years,124.27,114343.12
Prabhat petrol pump,4,3,2153,Unfurnished,5-10 years,90.68,103065.95
Chuna Bhatti,3,3,1482,Unfurnished,10+ years,76.01,64483.23
Anand nagar,2,2,919,Fully Furnished,5-10 years,58.09,53907.53
MP Nagar,1,1,533,Fully Furnished,10+ years,22.33,23617.85
Hoshangabad Road,4,3,1546,Semi Furnished,5-10 years,95.37,85552.71
kohefiza,4,3,1762,Fully Furnished,New,100.45,85346.46
Service road,3,3,1557,Semi Furnished,10+ years,94.05,84199.36
Karond,1,1,727,Semi Furnished,10+ years,39.31,38810.77
Shanti Nagar,4,3,1942,Fully Furnished,New,91.28,77906.56
Bairagarh,1,1,655,Unfurnished,10+ years,43.83,38503.62
Indrapuri,3,3,1327,Fully Furnished,5-10 years,61.47,52271.85
Service road,2,2,1023,Semi Furnished,5-10 years,66.56,58353.34
Sonagiri,5,4,2816,Unfurnished,10+ years,196.55,212030.09
Bittan Market,3,3,1111,Fully Furnished,New,66.26,65624.75
Bairagarh,1,1,686,Semi Furnished,10+ years,31.64,29847.05
Kolar Road,2,2,1196,Semi Furnished,10+ years,74.44,62998.0
VIP road,5,4,2283,Unfurnished,10+ years,119.75,116533.88
Ratnagiri,4,3,1644,Unfurnished,New,70.97,82436.16
Gandhi nagar,4,3,1588,Unfurnished,10+ years,101.93,95454.22
Barkheda,4,3,1954,Fully Furnished,5-10 years,85.83,89823.97
jahangirabad,2,2,1102,Unfurnished,5-10 years,62.59,61874.08
Bairagarh,1,1,526,Semi Furnished,1-5 years,34.68,31630.31
Habibganj,1,1,595,Unfurnished,10+ years,30.88,36380.41
Vikas Nagar,1,1,472,Unfurnished,1-5 years,25.04,25660.57
Ashoka garden,1,1,640,Fully Furnished,10+ years,33.55,39806.27
Gulmohar,3,3,1306,Unfurnished,5-10 years,57.46,64256.13
Gandhi nagar,4,3,1835,Unfurnished,5-10 years,86.9,77030.95
Kamla Nagar,5,4,2782,Unfurnished,New,147.55,143977.47
Gulmohar,5,4,2270,Semi Furnished,5-10 years,114.95,94781.3
chuna bhatti,5,4,2536,Semi Furnished,1-5 years,108.49,109068.53
Prabhat petrol pump,2,2,835,Unfurnished,1-5 years,54.11,45331.99
New market,1,1,685,Fully Furnished,1-5 years,47.56,42638.84
Karond,4,3,1569,Fully Furnished,1-5 years,82.5,97032.34
Service road,2,2,840,Semi Furnished,New,33.96,28076.55
Arera Colony,2,2,1104,Semi Furnished,5-10 years,59.33,66661.97
VIP road,2,2,892,Fully Furnished,1-5 years,37.15,32917.17
Shanti Nagar,5,4,2038,Fully Furnished,1-5 years,119.37,115374.41
Ratnagiri,4,3,2021,Unfurnished,5-10 years,107.73,115947.71
Nizamuddin colony,2,2,799,Semi Furnished,10+ years,39.1,38691.28
Gulmohar,3,3,1282,Fully Furnished,New,62.73,59998.66
Govindpura,5,4,2131,Unfurnished,5-10 years,144.23,155623.92
Shyamla Hills,4,3,1490,Unfurnished,New,71.66,70717.63
Sonagiri,3,3,1226,Semi Furnished,1-5 years,63.37,63800.18
Gulmohar,1,1,731,Semi Furnished,5-10 years,31.18,31171.38
Service road,1,1,542,Semi Furnished,10+ years,21.95,18624.34
Saket nagar,5,4,2607,Fully Furnished,1-5 years,169.13,151687.14
kohefiza,2,2,806,Unfurnished,5-10 years,44.99,47795.7
MP Nagar,3,3,1576,Unfurnished,New,97.82,91594.6
Avadhpuri,5,4,2729,Semi Furnished,1-5 years,118.38,101801.98
Roshanpura,1,1,507,Semi Furnished,5-10 years,29.61,33578.41
Arjun Nagar,3,3,1452,Semi Furnished,New,80.02,93955.05
Kolar hills,5,4,2213,Semi Furnished,5-10 years,115.1,132954.75
Hoshangabad Road,1,1,714,Fully Furnished,New,36.93,36646.22
Saket nagar,5,4,2129,Semi Furnished,1-5 years,114.9,134274.61
Shivaji Nagar,2,2,842,Fully Furnished,5-10 years,49.01,45193.89
Bawadiya Kalan,2,2,814,Semi Furnished,5-10 years,40.79,38627.08
Kamla Nagar,1,1,694,Semi Furnished,5-10 years,42.11,37680.18
Narela,5,4,2816,Semi Furnished,10+ years,123.06,124172.54
Service road,1,1,468,Unfurnished,10+ years,27.76,25652.33
Lalghati,3,3,1553,Unfurnished,10+ years,84.75,79309.11
Shivaji Nagar,5,4,2590,Unfurnished,1-5 years,162.98,167616.04
Saket nagar,1,1,404,Unfurnished,New,25.0,28687.3
MP Nagar,3,3,1135,Unfurnished,5-10 years,74.12,66275.34
Govindpura,3,3,1380,Fully Furnished,5-10 years,91.21,78916.32
Barkheda,2,2,1051,Semi Furnished,New,69.95,72959.25
Shanti Nagar,3,3,1485,Semi Furnished,1-5 years,85.06,101205.16
Ayodhya nagar,5,4,2113,Fully Furnished,New,146.57,127952.08
chuna bhatti,1,1,766,Fully Furnished,10+ years,41.6,35712.28
Kamla Nagar,1,1,512,Fully Furnished,5-10 years,34.63,33323.14
Habibganj,3,3,1362,Semi Furnished,5-10 years,62.15,60080.54
Kolar Road,4,3,1494,Unfurnished,10+ years,80.21,89177.04
Lalghati,2,2,869,Semi Furnished,5-10 years,39.35,41046.31
New market,1,1,490,Semi Furnished,1-5 years,25.95,27394.66
Nizamuddin colony,1,1,600,Unfurnished,New,40.03,39919.9
Ratnagiri,2,2,831,Unfurnished,New,54.84,64021.56
Lalghati,4,3,2169,Unfurnished,1-5 years,113.15,124823.25
Vikas Nagar,1,1,486,Unfurnished,5-10 years,21.4,20108.2
Minal,3,3,1035,Fully Furnished,1-5 years,61.49,54716.41
Roshanpura,5,4,2036,Unfurnished,5-10 years,91.95,107916.22
Indrapuri,4,3,1661,Fully Furnished,New,108.09,111405.94
Arjun Nagar,2,2,1105,Fully Furnished,1-5 years,57.93,48055.29
Vijay nagar,2,2,762,Semi Furnished,1-5 years,32.22,35446.86
Vijay nagar,1,1,747,Fully Furnished,New,44.74,50560.16
Misrod,1,1,418,Semi Furnished,New,20.5,24474.77
Tajul masjid,4,3,1734,Semi Furnished,10+ years,112.26,105761.8
Sonagiri,1,1,451,Semi Furnished,New,18.23,19522.4
New market,3,3,1435,Unfurnished,10+ years,81.03,81541.12
Ratnagiri,1,1,574,Fully Furnished,5-10 years,24.2,22914.52
Anand nagar,1,1,436,Fully Furnished,New,19.99,17704.65
Habibganj,2,2,1082,Unfurnished,New,44.22,51778.17
Avadhpuri,2,2,1021,Fully Furnished,New,50.2,43252.24
Shyamla Hills,4,3,1866,Semi Furnished,10+ years,121.2,101622.45
Sonagiri,3,3,1154,Unfurnished,10+ years,47.93,44325.61
Narela,1,1,490,Fully Furnished,New,23.34,20589.36
Vijay nagar,5,4,2406,Unfurnished,10+ years,119.1,121878.3
Govindpura,2,2,911,Unfurnished,New,43.13,43148.18
Narela,4,3,2073,Unfurnished,1-5 years,112.01,92495.09
Arera Colony,5,4,2033,Fully Furnished,10+ years,103.12,101165.49
Hoshangabad Road,3,3,1498,Unfurnished,5-10 years,66.72,73011.78
Tajul masjid,3,3,1119,Semi Furnished,10+ years,64.2,54913.76
Bairagarh,1,1,545,Semi Furnished,1-5 years,32.35,29019.31
sultaniya road,5,4,2742,Unfurnished,New,135.45,154989.11
Kolar hills,3,3,1245,Semi Furnished,1-5 years,57.13,46632.38
kohefiza,3,3,1436,Semi Furnished,1-5 years,85.6,75250.83
Minal,1,1,427,Unfurnished,5-10 years,20.82,20124.67
Service road,3,3,1151,Unfurnished,10+ years,51.14,60204.44
VIP road,3,3,1185,Fully Furnished,1-5 years,50.03,53421.7
Kamla Nagar,3,3,1395,Fully Furnished,1-5 years,57.76,47489.63
Arera Colony,2,2,946,Unfurnished,1-5 years,54.01,62760.13
sultaniya road,1,1,755,Unfurnished,1-5 years,31.53,32977.8
sultaniya road,2,2,861,Semi Furnished,New,51.65,51463.43
Piplani,5,4,2904,Fully Furnished,10+ years,129.76,148627.98
Tajul masjid,4,3,1766,Semi Furnished,5-10 years,99.41,91103.06
Prabhat petrol pump,4,3,1911,Fully Furnished,5-10 years,109.32,123836.54
sultaniya road,3,3,1008,Fully Furnished,1-5 years,67.08,57105.16
Govindpura,2,2,838,Fully Furnished,1-5 years,35.73,41144.6
Shyamla Hills,3,3,1596,Semi Furnished,1-5 years,71.04,64818.73
Kolar Road,3,3,1502,Semi Furnished,1-5 years,91.13,75224.17
Tajul masjid,4,3,1543,Fully Furnished,5-10 years,92.71,89132.72
Avadhpuri,4,3,1788,Unfurnished,1-5 years,91.13,84910.15
Shyamla Hills,3,3,1286,Semi Furnished,1-5 years,70.31,78398.01
Narela,4,3,1709,Fully Furnished,10+ years,77.63,80506.33
Sonagiri,3,3,1234,Fully Furnished,10+ years,86.23,74468.5
eidgah hills,4,3,1941,Fully Furnished,1-5 years,101.9,90145.08
Bairagarh,3,3,1282,Semi Furnished,5-10 years,63.84,67818.59
ibrahimpura,2,2,1017,Unfurnished,New,70.53,76255.38
VIP road,2,2,1033,Fully Furnished,1-5 years,49.28,41563.46
Ayodhya bypass,3,3,1327,Semi Furnished,1-5 years,77.56,68394.09
Karond,3,3,1161,Unfurnished,1-5 years,54.13,44526.51
Habibganj,4,3,1798,Semi Furnished,10+ years,117.55,120613.57
Kamla Nagar,4,3,1430,Fully Furnished,5-10 years,65.59,75184.79
Arera Colony,1,1,729,Fully Furnished,10+ years,41.03,42859.16
Tajul masjid,4,3,2168,Semi Furnished,New,102.42,90618.55
Chuna Bhatti,3,3,1286,Unfurnished,10+ years,52.4,55988.83
Govindpura,5,4,2357,Unfurnished,1-5 years,127.38,140655.54
Ayodhya nagar,3,3,1367,Unfurnished,New,95.28,92934.38
Arjun Nagar,3,3,1435,Semi Furnished,5-10 years,76.05,91247.06
char Imli,1,1,463,Fully Furnished,1-5 years,27.18,21945.42
Prabhat petrol pump,3,3,1423,Unfurnished,1-5 years,80.49,85535.4
char Imli,1,1,678,Semi Furnished,1-5 years,44.46,52886.01
Bairagarh,2,2,1182,Semi Furnished,5-10 years,50.72,52526.95
Karond,4,3,1584,Semi Furnished,1-5 years,102.3,87357.87
Shyamla Hills,2,2,739,Semi Furnished,1-5 years,44.18,36340.44
sultaniya road,5,4,2593,Semi Furnished,10+ years,114.34,92637.35
Sonagiri,5,4,2969,Unfurnished,5-10 years,135.25,125344.37
Sonagiri,4,3,1909,Unfurnished,1-5 years,132.21,153676.34
Piplani,3,3,1425,Semi Furnished,1-5 years,57.07,62898.74
Chuna Bhatti,2,2,1028,Semi Furnished,5-10 years,50.2,51154.71
Minal,1,1,565,Fully Furnished,5-10 years,31.64,34453.06
eidgah hills,1,1,615,Fully Furnished,New,31.7,34288.93
New market,3,3,1434,Fully Furnished,10+ years,60.72,52009.65
sultaniya road,5,4,2354,Unfurnished,New,161.97,193186.9
Karond,3,3,1517,Semi Furnished,10+ years,99.91,119335.61
Roshanpura,2,2,848,Unfurnished,10+ years,47.52,46247.46
Shivaji Nagar,2,2,940,Semi Furnished,5-10 years,48.31,50755.49
Shyamla Hills,5,4,2148,Semi Furnished,New,134.98,144156.81
Lalghati,5,4,2702,Unfurnished,1-5 years,138.46,163947.07
Ratnagiri,2,2,918,Fully Furnished,5-10 years,51.32,60255.69
Tajul masjid,5,4,2613,Semi Furnished,1-5 years,153.83,151969.3
Shyamla Hills,3,3,1173,Semi Furnished,10+ years,69.81,72319.66
Piplani,3,3,1480,Unfurnished,1-5 years,87.33,100427.08
Ayodhya bypass,1,1,745,Unfurnished,1-5 years,41.18,36375.78
char Imli,5,4,2319,Fully Furnished,1-5 years,131.1,125212.01
Kolar Road,3,3,1299,Fully Furnished,10+ years,58.53,54407.59
kohefiza,2,2,1051,Semi Furnished,1-5 years,42.78,35033.0
MP Nagar,1,1,412,Unfurnished,1-5 years,23.37,18946.29
Vijay nagar,2,2,804,Unfurnished,New,53.04,62054.49
Service road,1,1,766,Semi Furnished,1-5 years,31.39,27806.81
Gandhi nagar,4,3,1713,Unfurnished,10+ years,69.7,73934.74
Lalghati,3,3,1093,Unfurnished,New,47.43,42113.27
Piplani,5,4,2012,Unfurnished,10+ years,137.4,151721.68
Vijay nagar,2,2,709,Fully Furnished,New,36.34,40274.0
Ashoka garden,2,2,852,Unfurnished,1-5 years,39.46,41542.77
Tajul masjid,4,3,1726,Semi Furnished,10+ years,104.06,108683.59
Chuna Bhatti,1,1,417,Unfurnished,5-10 years,18.6,16145.16
Prabhat petrol pump,4,3,1991,Unfurnished,10+ years,91.41,81636.32
Kolar hills,4,3,1783,Unfurnished,5-10 years,90.23,83007.18
Shivaji Nagar,5,4,2213,Fully Furnished,1-5 years,131.57,156842.09
Sonagiri,3,3,1565,Fully Furnished,New,105.5,120528.81
Lalghati,3,3,1545,Fully Furnished,10+ years,88.96,81540.51
eidgah hills,2,2,985,Fully Furnished,New,48.84,41984.88
Lalghati,1,1,649,Semi Furnished,1-5 years,29.19,27041.65
Kolar hills,4,3,1661,Fully Furnished,10+ years,94.71,87889.8
Kamla Nagar,4,3,2176,Fully Furnished,1-5 years,147.76,172148.72
Shyamla Hills,3,3,1003,Fully Furnished,10+ years,46.72,41022.52
Gulmohar,1,1,510,Fully Furnished,New,25.68,29996.05
Hoshangabad Road,2,2,930,Unfurnished,5-10 years,48.19,47649.97
Barkheda,4,3,1946,Fully Furnished,5-10 years,91.9,89493.74
Vijay nagar,3,3,1105,Semi Furnished,10+ years,55.02,46787.33
sultaniya road,2,2,1146,Fully Furnished,New,63.31,56602.62
Karond,3,3,1570,Fully Furnished,1-5 years,89.82,102218.93
Sonagiri,3,3,1105,Unfurnished,1-5 years,73.55,86404.89
Narela,4,3,1443,Semi Furnished,1-5 years,83.2,75972.08
Ayodhya bypass,4,3,1475,Fully Furnished,New,98.07,88772.0
Gandhi nagar,1,1,677,Fully Furnished,1-5 years,43.31,43304.68
ibrahimpura,2,2,845,Unfurnished,10+ years,34.93,33685.73
Shanti Nagar,2,2,789,Fully Furnished,1-5 years,45.74,52266.16
Kamla Nagar,3,3,1516,Fully Furnished,5-10 years,87.93,78061.36
Piplani,2,2,1048,Unfurnished,New,61.35,53637.67
Hoshangabad Road,3,3,1563,Fully Furnished,New,104.96,117050.76
Minal,2,2,1035,Semi Furnished,New,49.24,52032.59
Shivaji Nagar,2,2,793,Semi Furnished,1-5 years,48.05,39266.5
Ashoka garden,4,3,2015,Semi Furnished,10+ years,80.75,76998.64
Hoshangabad Road,4,3,1411,Semi Furnished,10+ years,84.48,83230.19
Sonagiri,5,4,2185,Unfurnished,10+ years,125.57,127380.45
Indrapuri,2,2,1099,Semi Furnished,1-5 years,50.9,56462.47
Shyamla Hills,1,1,552,Fully Furnished,1-5 years,26.79,28689.8
sultaniya road,2,2,1134,Fully Furnished,10+ years,49.93,57385.45
Roshanpura,3,3,1193,Semi Furnished,New,78.83,93822.56
Service road,4,3,2151,Unfurnished,10+ years,145.87,133144.24
Narela,1,1,677,Fully Furnished,10+ years,27.7,26013.04
eidgah hills,5,4,2689,Semi Furnished,10+ years,152.38,135170.29
Vijay nagar,3,3,1023,Fully Furnished,5-10 years,49.56,42580.93
Tajul masjid,3,3,1107,Unfurnished,5-10 years,63.64,62086.08
jahangirabad,3,3,1317,Unfurnished,5-10 years,75.35,88871.59
sultaniya road,2,2,1138,Semi Furnished,1-5 years,67.65,56694.72
VIP road,2,2,721,Fully Furnished,10+ years,32.7,35098.09
Shanti Nagar,5,4,2060,Semi Furnished,5-10 years,88.12,85064.66
Service road,2,2,907,Semi Furnished,1-5 years,62.04,58570.62
New market,2,2,865,Unfurnished,New,43.32,43463.78
Bittan Market,5,4,2236,Unfurnished,New,136.27,158683.48
Narela,3,3,1213,Unfurnished,10+ years,71.37,76736.45
Hoshangabad Road,5,4,2456,Fully Furnished,New,142.15,142481.19
Piplani,4,3,1861,Fully Furnished,10+ years,98.43,106922.03
Bairagarh,1,1,756,Fully Furnished,10+ years,40.09,32984.28
Gulmohar,4,3,2085,Unfurnished,10+ years,122.19,118789.53
New market,3,3,1182,Semi Furnished,New,57.46,56355.23
Bittan Market,2,2,1058,Unfurnished,1-5 years,64.35,53298.44
Ayodhya bypass,3,3,1489,Fully Furnished,10+ years,61.76,67391.05
Bittan Market,4,3,1859,Semi Furnished,5-10 years,102.57,87448.39
Indrapuri,2,2,1065,Semi Furnished,1-5 years,67.7,74239.8
Avadhpuri,1,1,726,Fully Furnished,10+ years,36.46,36910.06
jahangirabad,5,4,2744,Fully Furnished,5-10 years,143.16,137653.47
Narela,4,3,1928,Unfurnished,5-10 years,100.27,110022.48
Bawadiya Kalan,4,3,2131,Fully Furnished,1-5 years,130.85,116211.94
Chuna Bhatti,3,3,1389,Unfurnished,New,76.1,86311.2
Habibganj,4,3,1964,Unfurnished,New,122.66,99038.58
Prabhat petrol pump,5,4,2279,Fully Furnished,10+ years,150.99,122934.42
Shyamla Hills,4,3,1418,Semi Furnished,1-5 years,93.15,99245.19
Habibganj,5,4,2196,Semi Furnished,10+ years,142.96,155534.7
Ayodhya bypass,4,3,1790,Semi Furnished,10+ years,79.33,86929.72
Nizamuddin colony,2,2,1007,Semi Furnished,10+ years,42.94,36585.0
Ayodhya bypass,1,1,753,Fully Furnished,10+ years,31.0,25931.93
Sonagiri,3,3,1474,Semi Furnished,1-5 years,90.48,104844.78
Habibganj,1,1,444,Semi Furnished,5-10 years,18.99,16846.21
New market,4,3,1804,Semi Furnished,New,72.21,60521.44
Tajul masjid,5,4,2083,Semi Furnished,5-10 years,113.89,130051.59
Vikas Nagar,1,1,495,Unfurnished,1-5 years,26.84,25720.99
Bairagarh,4,3,2096,Semi Furnished,New,109.86,90189.56
Barkheda,1,1,439,Unfurnished,5-10 years,18.04,15701.23
Ashoka garden,4,3,1860,Semi Furnished,10+ years,96.27,80580.43
Karond,1,1,612,Unfurnished,5-10 years,41.46,36572.64
eidgah hills,5,4,2753,Semi Furnished,New,134.89,122846.18
Avadhpuri,5,4,2811,Semi Furnished,New,117.71,135655.29
VIP road,1,1,594,Semi Furnished,10+ years,29.47,31847.1
Nizamuddin colony,2,2,1117,Semi Furnished,1-5 years,70.94,59158.49
Arera Colony,5,4,2343,Fully Furnished,10+ years,93.9,87265.27
Bawadiya Kalan,5,4,2157,Fully Furnished,10+ years,108.76,93589.29
eidgah hills,5,4,2427,Fully Furnished,New,159.08,150914.06
Tajul masjid,5,4,2637,Fully Furnished,5-10 years,180.54,181053.63
Arjun Nagar,4,3,1417,Unfurnished,New,58.32,54636.95
jahangirabad,2,2,1147,Unfurnished,10+ years,69.4,66948.96
Indrapuri,1,1,586,Semi Furnished,1-5 years,37.19,37567.41
Habibganj,4,3,1446,Semi Furnished,1-5 years,98.89,100255.89
Ayodhya nagar,2,2,975,Fully Furnished,10+ years,58.25,51222.5
Tajul masjid,4,3,1451,Semi Furnished,1-5 years,96.48,91835.08
Arjun Nagar,3,3,1387,Semi Furnished,New,94.29,96136.12
eidgah hills,1,1,450,Semi Furnished,New,18.9,15439.56
Gandhi nagar,1,1,614,Unfurnished,1-5 years,41.48,37312.87
eidgah hills,3,3,1156,Semi Furnished,New,47.22,37985.94
Shyamla Hills,5,4,2118,Unfurnished,1-5 years,98.38,80252.63
Barkheda,2,2,817,Semi Furnished,New,56.32,49448.73
Hoshangabad Road,1,1,700,Fully Furnished,1-5 years,39.52,34224.77
Bairagarh,1,1,608,Semi Furnished,10+ years,26.95,28271.15
Vijay nagar,5,4,2162,Semi Furnished,New,150.36,161336.31
Ratnagiri,4,3,1992,Fully Furnished,1-5 years,100.94,120251.93
Gulmohar,1,1,689,Fully Furnished,10+ years,33.99,40615.28
Ayodhya nagar,3,3,1165,Semi Furnished,5-10 years,57.27,48900.45
Prabhat petrol pump,4,3,1656,Unfurnished,New,68.83,58865.41
Ratnagiri,2,2,728,Unfurnished,1-5 years,49.39,39813.11
Vijay nagar,5,4,2138,Unfurnished,New,94.1,112209.88
Avadhpuri,2,2,1180,Fully Furnished,New,79.95,72051.07
Prabhat petrol pump,1,1,694,Fully Furnished,New,40.05,47240.21
Bairagarh,5,4,2565,Fully Furnished,5-10 years,150.77,170812.55
eidgah hills,4,3,1485,Unfurnished,10+ years,90.5,107984.01
Chuna Bhatti,2,2,1036,Fully Furnished,5-10 years,70.37,81109.5
Vijay nagar,2,2,724,Unfurnished,5-10 years,49.96,59209.04
Arjun Nagar,3,3,1359,Fully Furnished,5-10 years,66.88,78709.56
chuna bhatti,3,3,1244,Fully Furnished,1-5 years,50.75,55615.93
Minal,1,1,783,Semi Furnished,New,52.68,50821.22
chuna bhatti,3,3,1458,Fully Furnished,New,76.41,83302.03
Shanti Nagar,3,3,1465,Unfurnished,1-5 years,82.04,72459.12
Chuna Bhatti,2,2,903,Fully Furnished,New,49.56,52913.52
char Imli,5,4,2645,Fully Furnished,10+ years,125.97,131086.09
sultaniya road,2,2,845,Unfurnished,10+ years,36.68,42249.62
Prabhat petrol pump,1,1,449,Fully Furnished,New,22.74,23120.32
MP Nagar,1,1,619,Unfurnished,5-10 years,28.96,27920.01
Ratnagiri,4,3,1451,Unfurnished,5-10 years,67.39,75826.67
Misrod,4,3,1429,Semi Furnished,10+ years,70.79,70358.83
Piplani,2,2,724,Unfurnished,New,48.17,43483.81
Hoshangabad Road,4,3,2122,Unfurnished,New,111.12,92389.45
Anand nagar,3,3,1080,Unfurnished,New,69.4,63659.63
Ayodhya nagar,5,4,2201,Fully Furnished,1-5 years,114.92,116747.16
Arera Colony,1,1,766,Unfurnished,10+ years,49.49,50133.26
Gandhi nagar,4,3,1745,Fully Furnished,1-5 years,99.88,88771.69
Anand nagar,5,4,2514,Fully Furnished,New,103.73,94125.98
Roshanpura,4,3,1877,Fully Furnished,1-5 years,94.77,92717.04
Bittan Market,3,3,1291,Unfurnished,1-5 years,76.84,91271.08
Service road,1,1,757,Fully Furnished,New,47.18,46086.93
Roshanpura,2,2,709,Fully Furnished,10+ years,32.04,29715.31
Bairagarh,2,2,1038,Semi Furnished,1-5 years,70.29,80823.97
Narela,2,2,847,Semi Furnished,10+ years,45.14,38021.97
Kamla Nagar,3,3,1401,Fully Furnished,New,97.95,100976.52
Anand nagar,2,2,748,Fully Furnished,1-5 years,30.4,35679.91
MP Nagar,3,3,1474,Unfurnished,10+ years,61.54,52178.3
Ashoka garden,4,3,2086,Semi Furnished,5-10 years,101.94,89373.47
eidgah hills,5,4,2250,Semi Furnished,10+ years,104.52,95659.92
Chuna Bhatti,4,3,2194,Fully Furnished,New,90.35,108151.72
Chuna Bhatti,5,4,2487,Fully Furnished,5-10 years,158.62,127984.37
Shyamla Hills,1,1,772,Fully Furnished,5-10 years,36.04,41980.0
chuna bhatti,2,2,829,Semi Furnished,10+ years,35.45,38059.32
Service road,4,3,2145,Fully Furnished,5-10 years,125.5,108101.49
ibrahimpura,4,3,1589,Unfurnished,New,67.64,64337.25
Nizamuddin colony,3,3,1376,Fully Furnished,New,58.47,50536.7
sultaniya road,1,1,571,Fully Furnished,New,29.15,28551.44
Gulmohar,5,4,2946,Unfurnished,5-10 years,194.67,215845.74
Vijay nagar,2,2,948,Semi Furnished,1-5 years,39.71,47036.32
Narela,1,1,557,Semi Furnished,10+ years,26.47,24252.3
Bittan Market,3,3,1172,Semi Furnished,10+ years,56.66,53383.69
Ratnagiri,1,1,470,Semi Furnished,10+ years,24.6,23590.62
Ayodhya bypass,3,3,1204,Unfurnished,1-5 years,71.02,82725.32
Hoshangabad Road,4,3,1887,Semi Furnished,1-5 years,101.17,98579.91
Vikas Nagar,4,3,1534,Unfurnished,5-10 years,61.57,50638.34
Sonagiri,3,3,1196,Unfurnished,10+ years,53.79,54266.99
Bittan Market,3,3,1210,Semi Furnished,10+ years,51.32,48421.32
Roshanpura,4,3,1648,Unfurnished,New,87.82,78298.52
MP Nagar,1,1,491,Unfurnished,1-5 years,22.55,18726.21
Kolar hills,1,1,449,Unfurnished,New,27.19,27356.81
Barkheda,4,3,1733,Unfurnished,10+ years,116.62,127113.6
Arera Colony,3,3,1346,Unfurnished,1-5 years,92.16,81696.38
VIP road,4,3,1933,Unfurnished,New,99.0,116493.51
Barkheda,3,3,1299,Unfurnished,New,83.8,86529.39
Arjun Nagar,3,3,1111,Unfurnished,1-5 years,69.23,80872.9
Avadhpuri,4,3,1684,Semi Furnished,10+ years,91.68,108693.35
Saket nagar,2,2,1129,Unfurnished,1-5 years,48.66,43053.51
Minal,3,3,1511,Unfurnished,10+ years,79.96,69087.64
Shivaji Nagar,1,1,565,Semi Furnished,5-10 years,34.1,36074.06
Roshanpura,1,1,748,Unfurnished,5-10 years,47.18,42386.68
VIP road,2,2,1012,Unfurnished,New,47.9,38336.83
char Imli,2,2,719,Semi Furnished,1-5 years,34.68,34141.41
Kolar Road,1,1,401,Fully Furnished,5-10 years,23.86,23845.26
Roshanpura,2,2,934,Fully Furnished,New,63.37,67727.41
ibrahimpura,3,3,1572,Semi Furnished,5-10 years,102.84,86335.93
Service road,5,4,2526,Semi Furnished,New,137.21,143430.29
jahangirabad,5,4,2074,Unfurnished,1-5 years,140.73,157582.56
Nizamuddin colony,1,1,756,Fully Furnished,5-10 years,52.38,46101.05
Hoshangabad Road,2,2,750,Fully Furnished,1-5 years,43.6,48072.3
Nizamuddin colony,5,4,2681,Unfurnished,5-10 years,133.88,129446.38
Kamla Nagar,3,3,1063,Semi Furnished,5-10 years,66.22,74051.02
Ayodhya nagar,2,2,1181,Fully Furnished,5-10 years,56.43,47899.5
Vikas Nagar,4,3,1864,Semi Furnished,1-5 years,83.74,100476.48
Roshanpura,3,3,1298,Unfurnished,1-5 years,83.88,74720.7
New market,1,1,719,Unfurnished,1-5 years,49.49,50454.22
Gulmohar,5,4,2430,Unfurnished,10+ years,113.4,109322.1
Vikas Nagar,1,1,502,Unfurnished,5-10 years,32.89,36337.76
Ashoka garden,3,3,1103,Unfurnished,5-10 years,58.66,51112.02
Lalghati,2,2,876,Semi Furnished,New,60.51,60953.66
Prabhat petrol pump,5,4,2271,Semi Furnished,1-5 years,109.06,92966.15
Bairagarh,2,2,777,Fully Furnished,5-10 years,46.69,46836.09
Ratnagiri,4,3,1906,Fully Furnished,5-10 years,81.6,97899.66
Gulmohar,3,3,1556,Fully Furnished,10+ years,76.99,77243.59
Habibganj,4,3,1844,Fully Furnished,1-5 years,88.71,77794.98
Bittan Market,2,2,855,Fully Furnished,5-10 years,57.36,60313.01
kohefiza,5,4,2910,Fully Furnished,5-10 years,192.16,225155.04
sultaniya road,3,3,1342,Semi Furnished,1-5 years,91.16,108811.82
Gandhi nagar,1,1,401,Unfurnished,New,20.6,24058.05
Indrapuri,5,4,2923,Semi Furnished,10+ years,142.07,163650.57
Shyamla Hills,2,2,929,Semi Furnished,10+ years,61.82,56045.84
Bawadiya Kalan,2,2,956,Unfurnished,New,45.1,47140.24
Bittan Market,3,3,1578,Unfurnished,10+ years,91.65,101728.81
MP Nagar,4,3,2029,Fully Furnished,1-5 years,135.25,155153.77
Vikas Nagar,3,3,1478,Fully Furnished,5-10 years,82.2,75628.59
VIP road,4,3,2048,Fully Furnished,New,114.26,109370.91
Bairagarh,1,1,516,Unfurnished,5-10 years,24.05,28192.46
VIP road,1,1,418,Fully Furnished,1-5 years,26.95,21626.79
Bittan Market,4,3,2172,Semi Furnished,10+ years,94.88,89149.89
Bawadiya Kalan,1,1,636,Unfurnished,New,31.25,29512.27
char Imli,4,3,2089,Unfurnished,5-10 years,116.87,127598.57
Vikas Nagar,4,3,1812,Unfurnished,1-5 years,83.91,68701.97
New market,5,4,2335,Unfurnished,New,106.27,117922.53
New market,1,1,725,Unfurnished,New,42.65,38284.9
Roshanpura,4,3,1930,Semi Furnished,5-10 years,97.04,95100.74
eidgah hills,1,1,765,Semi Furnished,New,31.43,33538.08
Shyamla Hills,2,2,1007,Semi Furnished,New,67.1,59455.22
char Imli,2,2,1099,Semi Furnished,10+ years,54.58,57688.79
Ashoka garden,3,3,1175,Fully Furnished,5-10 years,79.41,72450.58
eidgah hills,2,2,986,Unfurnished,1-5 years,61.79,67185.96
Kolar Road,5,4,2589,Unfurnished,New,161.48,141459.4
jahangirabad,1,1,417,Semi Furnished,5-10 years,28.35,26521.08
Ayodhya nagar,2,2,732,Unfurnished,1-5 years,35.02,37818.65
Vikas Nagar,1,1,501,Semi Furnished,10+ years,30.36,24695.66
Prabhat petrol pump,2,2,1147,Unfurnished,New,55.47,45961.0
Vijay nagar,5,4,2359,Fully Furnished,New,147.85,139956.98
Bawadiya Kalan,5,4,2230,Fully Furnished,New,155.93,155064.36
Ratnagiri,4,3,1611,Unfurnished,5-10 years,91.29,83086.73
Tajul masjid,1,1,693,Semi Furnished,10+ years,45.25,46043.67
jahangirabad,4,3,1478,Fully Furnished,New,97.54,96923.44
Prabhat petrol pump,1,1,767,Unfurnished,10+ years,51.58,47712.42
Kolar Road,2,2,1004,Fully Furnished,5-10 years,52.6,51546.62
Arera Colony,2,2,761,Unfurnished,10+ years,36.07,30327.09
Bawadiya Kalan,5,4,2101,Semi Furnished,10+ years,95.2,107675.72
kohefiza,2,2,974,Fully Furnished,New,41.45,42049.19
Anand nagar,1,1,474,Unfurnished,1-5 years,29.0,27683.54
jahangirabad,2,2,1172,Semi Furnished,5-10 years,51.24,60447.43
kohefiza,1,1,521,Fully Furnished,10+ years,32.56,31551.37
Bairagarh,3,3,1340,Semi Furnished,5-10 years,75.92,81660.75
Ashoka garden,4,3,1972,Fully Furnished,1-5 years,117.48,99684.06
Chuna Bhatti,5,4,2468,Semi Furnished,10+ years,148.65,169766.39
Ratnagiri,4,3,1684,Fully Furnished,New,99.23,117157.35
Bawadiya Kalan,4,3,2113,Semi Furnished,New,94.75,92994.29
VIP road,4,3,2013,Semi Furnished,5-10 years,139.17,157383.66
Piplani,5,4,2000,Semi Furnished,New,112.63,120574.44
MP Nagar,2,2,1149,Fully Furnished,New,50.64,50640.15
jahangirabad,2,2,763,Unfurnished,1-5 years,36.45,37279.69
Shanti Nagar,5,4,2312,Semi Furnished,10+ years,126.93,102132.59
eidgah hills,4,3,1534,Semi Furnished,5-10 years,80.53,90852.47
Arera Colony,4,3,1573,Unfurnished,New,81.95,88122.01
Anand nagar,2,2,888,Unfurnished,1-5 years,51.62,46525.96
Piplani,2,2,985,Fully Furnished,5-10 years,46.32,52544.69
Arjun Nagar,3,3,1421,Fully Furnished,New,90.39,93322.65
Habibganj,3,3,1494,Unfurnished,10+ years,88.39,73347.22
Prabhat petrol pump,5,4,2902,Semi Furnished,10+ years,184.52,160247.06
Arjun Nagar,5,4,2523,Semi Furnished,New,105.19,122181.63
Indrapuri,4,3,1827,Fully Furnished,10+ years,104.6,106629.29
Saket nagar,2,2,883,Semi Furnished,1-5 years,46.11,40353.63
Service road,1,1,614,Fully Furnished,10+ years,28.19,23804.81
Arera Colony,3,3,1008,Semi Furnished,10+ years,58.68,63152.57
Narela,2,2,799,Semi Furnished,New,37.8,41300.03
Prabhat petrol pump,3,3,1158,Semi Furnished,5-10 years,72.15,61182.44
Saket nagar,3,3,1482,Fully Furnished,New,71.44,83468.18
Habibganj,5,4,2829,Semi Furnished,New,178.66,190289.33
Misrod,4,3,2090,Fully Furnished,New,127.65,121099.91
Bairagarh,2,2,988,Unfurnished,New,62.7,73604.36
Nizamuddin colony,2,2,947,Fully Furnished,5-10 years,38.73,43147.65
Sonagiri,1,1,563,Unfurnished,New,33.62,37422.12
Gandhi nagar,3,3,1372,Fully Furnished,5-10 years,86.94,91564.76
Bairagarh,3,3,1140,Unfurnished,1-5 years,74.13,64248.31
Govindpura,5,4,2898,Unfurnished,10+ years,184.73,162987.79
ibrahimpura,2,2,706,Fully Furnished,1-5 years,48.43,42475.87
Ratnagiri,1,1,403,Unfurnished,New,26.34,31135.31
Vijay nagar,4,3,1541,Semi Furnished,5-10 years,91.14,105332.58
ibrahimpura,3,3,1239,Semi Furnished,10+ years,58.14,64383.41
Shyamla Hills,3,3,1439,Semi Furnished,5-10 years,76.9,78162.35
Arera Colony,4,3,1455,Semi Furnished,5-10 years,96.0,91474.52
MP Nagar,1,1,633,Semi Furnished,1-5 years,29.32,30733.46
Saket nagar,4,3,1963,Semi Furnished,10+ years,109.93,111308.54
Lalghati,2,2,966,Unfurnished,1-5 years,63.64,54508.51
Sonagiri,3,3,1217,Unfurnished,New,50.15,55214.23
chuna bhatti,2,2,769,Fully Furnished,1-5 years,45.92,37665.98
Saket nagar,5,4,2172,Semi Furnished,1-5 years,111.26,127535.0
Saket nagar,5,4,2829,Fully Furnished,New,169.99,172822.87
Shyamla Hills,3,3,1101,Semi Furnished,New,44.78,46720.08
Tajul masjid,3,3,1537,Semi Furnished,1-5 years,70.16,59655.31
Gandhi nagar,3,3,1420,Fully Furnished,1-5 years,82.68,88008.62
Chuna Bhatti,2,2,719,Unfurnished,New,48.03,46778.85
Chuna Bhatti,1,1,417,Semi Furnished,1-5 years,19.11,20665.83
Shivaji Nagar,1,1,469,Unfurnished,5-10 years,29.45,24007.11
Karond,5,4,2043,Unfurnished,5-10 years,95.73,102922.13
sultaniya road,4,3,1646,Fully Furnished,10+ years,72.52,82125.48
Kamla Nagar,4,3,1440,Semi Furnished,New,87.59,77466.44
char Imli,4,3,1847,Fully Furnished,5-10 years,76.94,81150.84
Vijay nagar,4,3,2016,Unfurnished,1-5 years,86.58,98164.93
Hoshangabad Road,5,4,2753,Fully Furnished,1-5 years,141.54,137618.31
Service road,5,4,2740,Semi Furnished,5-10 years,175.7,157773.64
Ayodhya bypass,4,3,1728,Unfurnished,5-10 years,98.82,87563.6
Avadhpuri,1,1,744,Semi Furnished,1-5 years,44.9,41521.58
Kolar Road,4,3,1933,Unfurnished,5-10 years,114.91,120110.53
Ayodhya bypass,4,3,1840,Fully Furnished,5-10 years,76.78,85460.3
Arjun Nagar,5,4,2217,Semi Furnished,1-5 years,151.55,161768.36
Bairagarh,1,1,716,Unfurnished,5-10 years,40.57,46955.23
Tajul masjid,1,1,438,Unfurnished,1-5 years,25.38,30057.35
char Imli,3,3,1007,Unfurnished,1-5 years,46.7,46150.8
Indrapuri,4,3,1773,Unfurnished,5-10 years,121.57,106386.81
Nizamuddin colony,4,3,2106,Semi Furnished,10+ years,97.68,114424.89
Shanti Nagar,2,2,1018,Semi Furnished,10+ years,44.88,45890.46
Chuna Bhatti,3,3,1223,Fully Furnished,5-10 years,55.88,47586.24
Narela,1,1,403,Fully Furnished,10+ years,22.14,19108.17
Chuna Bhatti,2,2,896,Semi Furnished,10+ years,60.0,68484.31
Govindpura,1,1,699,Semi Furnished,1-5 years,45.44,44344.87
kohefiza,4,3,1606,Unfurnished,New,88.67,87462.97
Shanti Nagar,4,3,2056,Unfurnished,New,116.25,122843.4
Shyamla Hills,1,1,720,Semi Furnished,New,38.98,39413.86
Roshanpura,2,2,881,Unfurnished,10+ years,60.0,68754.65
Chuna Bhatti,3,3,1039,Fully Furnished,10+ years,51.7,59239.04
Nizamuddin colony,4,3,1884,Unfurnished,1-5 years,98.76,91230.33
Shivaji Nagar,5,4,2969,Semi Furnished,10+ years,204.23,204697.23
Chuna Bhatti,1,1,454,Unfurnished,1-5 years,20.21,23577.33
Indrapuri,2,2,932,Unfurnished,New,40.72,39496.4
Service road,1,1,634,Unfurnished,New,30.68,33433.61
Saket nagar,5,4,2433,Fully Furnished,5-10 years,116.78,116296.65
VIP road,5,4,2178,Semi Furnished,5-10 years,139.23,141184.46
Arera Colony,5,4,2848,Semi Furnished,5-10 years,196.24,229800.34
Shivaji Nagar,2,2,801,Semi Furnished,New,39.17,31686.19
Habibganj,4,3,1635,Semi Furnished,New,78.84,76877.3
Bawadiya Kalan,5,4,2705,Unfurnished,1-5 years,188.36,196804.58
Hoshangabad Road,4,3,1577,Semi Furnished,5-10 years,105.75,124795.39
Anand nagar,1,1,747,Semi Furnished,5-10 years,50.77,44241.58
eidgah hills,1,1,514,Semi Furnished,5-10 years,22.62,22042.95
Shivaji Nagar,2,2,827,Semi Furnished,5-10 years,46.24,42248.28
Minal,3,3,1203,Semi Furnished,10+ years,60.63,56221.07
char Imli,1,1,708,Semi Furnished,10+ years,41.56,33525.58
Shanti Nagar,5,4,2214,Fully Furnished,5-10 years,106.7,102697.41
Roshanpura,2,2,929,Semi Furnished,1-5 years,48.62,57439.13
Gandhi nagar,4,3,1991,Fully Furnished,10+ years,91.1,98032.94
Ashoka garden,1,1,717,Fully Furnished,10+ years,46.66,51982.3
Shanti Nagar,3,3,1453,Semi Furnished,New,78.62,74891.2
Shivaji Nagar,2,2,775,Fully Furnished,5-10 years,52.11,51616.6
Minal,4,3,1778,Fully Furnished,10+ years,115.29,127925.1
Govindpura,3,3,1516,Fully Furnished,10+ years,86.16,100957.68
Anand nagar,3,3,1228,Semi Furnished,1-5 years,58.39,61853.23
Arjun Nagar,2,2,1097,Semi Furnished,New,52.67,52735.28
Bittan Market,4,3,2192,Semi Furnished,5-10 years,116.37,109745.95
Kamla Nagar,4,3,1825,Semi Furnished,5-10 years,78.68,88779.45
Anand nagar,3,3,1060,Fully Furnished,5-10 years,45.42,48334.59
Misrod,3,3,1549,Unfurnished,New,88.57,96075.06
Sonagiri,2,2,705,Fully Furnished,10+ years,35.82,30504.16
Hoshangabad Road,4,3,1400,Semi Furnished,1-5 years,68.18,76459.47
Bawadiya Kalan,1,1,426,Semi Furnished,5-10 years,24.17,21716.66
Lalghati,4,3,2170,Unfurnished,New,121.67,141599.35
Habibganj,4,3,1778,Fully Furnished,10+ years,109.09,101817.23
ibrahimpura,5,4,2986,Fully Furnished,5-10 years,171.92,181413.96
Karond,2,2,728,Unfurnished,5-10 years,33.11,29385.21
Piplani,5,4,2161,Fully Furnished,New,97.46,99816.27
Barkheda,5,4,2976,Fully Furnished,New,162.05,138322.52
Ayodhya nagar,2,2,1025,Fully Furnished,1-5 years,53.17,48506.03
Indrapuri,2,2,907,Unfurnished,10+ years,45.64,48442.98
chuna bhatti,5,4,2020,Fully Furnished,5-10 years,126.9,130503.1
Gulmohar,1,1,675,Unfurnished,New,29.73,24739.17
eidgah hills,3,3,1351,Fully Furnished,10+ years,69.94,79676.12
New market,3,3,1258,Unfurnished,New,66.06,74993.82
sultaniya road,3,3,1069,Unfurnished,5-10 years,63.93,59597.47
Habibganj,1,1,764,Unfurnished,5-10 years,43.37,49794.34
Tajul masjid,3,3,1222,Fully Furnished,10+ years,66.05,54406.47
kohefiza,3,3,1245,Semi Furnished,New,77.76,84073.06
char Imli,4,3,1817,Fully Furnished,New,72.74,77498.69
Barkheda,3,3,1305,Semi Furnished,5-10 years,77.46,64387.35
chuna bhatti,5,4,2785,Fully Furnished,1-5 years,141.95,157007.93
Misrod,5,4,2565,Unfurnished,1-5 years,155.39,142778.29
Shyamla Hills,3,3,1218,Fully Furnished,New,53.71,44361.22
Narela,4,3,1608,Semi Furnished,1-5 years,73.66,77287.79
Chuna Bhatti,4,3,1839,Unfurnished,5-10 years,105.63,111255.8
Lalghati,2,2,816,Semi Furnished,10+ years,53.85,48442.69
Ashoka garden,1,1,422,Fully Furnished,New,16.91,15554.22
Gulmohar,5,4,2510,Semi Furnished,New,163.17,136820.64
Shivaji Nagar,1,1,595,Semi Furnished,5-10 years,33.56,37371.19
New market,2,2,984,Fully Furnished,1-5 years,52.91,46343.57
jahangirabad,5,4,2726,Fully Furnished,5-10 years,143.17,116179.97
Shivaji Nagar,3,3,1344,Semi Furnished,New,54.48,51921.15
Arjun Nagar,4,3,1513,Semi Furnished,New,92.25,104825.22
Gulmohar,3,3,1576,Unfurnished,5-10 years,106.29,126661.56
Shanti Nagar,4,3,1677,Semi Furnished,5-10 years,111.98,131297.49
Barkheda,1,1,646,Unfurnished,1-5 years,28.45,26614.0
sultaniya road,4,3,2122,Semi Furnished,New,122.43,132097.84
Ratnagiri,4,3,2096,Fully Furnished,1-5 years,88.6,97071.06
Anand nagar,4,3,2165,Unfurnished,New,110.31,111315.1
Gulmohar,4,3,1572,Fully Furnished,New,63.52,52043.78
Sonagiri,3,3,1502,Semi Furnished,5-10 years,89.19,101517.38
jahangirabad,4,3,1828,Fully Furnished,New,98.79,114901.0
Chuna Bhatti,1,1,730,Unfurnished,New,37.59,36649.43
Habibganj,3,3,1437,Unfurnished,10+ years,95.83,94234.76
Arjun Nagar,3,3,1302,Semi Furnished,10+ years,57.46,55474.11
Bittan Market,2,2,1148,Semi Furnished,10+ years,79.16,69669.16
Shyamla Hills,4,3,2194,Semi Furnished,10+ years,140.78,115443.73
Ratnagiri,1,1,559,Semi Furnished,10+ years,29.45,32625.18
Misrod,2,2,1193,Unfurnished,1-5 years,63.11,67289.9
Kolar hills,1,1,544,Fully Furnished,5-10 years,35.13,41400.66
Vikas Nagar,5,4,2290,Semi Furnished,10+ years,113.48,115010.75
Ashoka garden,4,3,1496,Unfurnished,10+ years,64.31,58531.27
Ashoka garden,5,4,2828,Semi Furnished,5-10 years,135.9,154160.45
Arera Colony,2,2,1041,Semi Furnished,1-5 years,70.43,60574.61
Govindpura,5,4,2825,Unfurnished,New,162.41,134385.69
Bairagarh,2,2,1028,Semi Furnished,10+ years,60.69,51060.08
Avadhpuri,4,3,1643,Semi Furnished,1-5 years,71.22,84065.38
Indrapuri,4,3,1807,Unfurnished,5-10 years,120.2,116720.83
char Imli,3,3,1454,Fully Furnished,1-5 years,82.74,78772.27
Ashoka garden,2,2,932,Unfurnished,1-5 years,58.57,48684.8
Saket nagar,4,3,1568,Semi Furnished,New,80.93,79216.46
eidgah hills,2,2,1104,Semi Furnished,10+ years,74.3,61159.39
VIP road,5,4,2810,Semi Furnished,1-5 years,146.48,121366.5
Misrod,3,3,1049,Unfurnished,1-5 years,55.87,55363.37
Chuna Bhatti,5,4,2891,Semi Furnished,10+ years,175.7,199635.55
Ratnagiri,4,3,1842,Unfurnished,10+ years,76.79,70356.17
eidgah hills,2,2,1022,Semi Furnished,1-5 years,49.07,52829.57
Bairagarh,4,3,1459,Fully Furnished,1-5 years,58.56,52496.24
Barkheda,4,3,1461,Unfurnished,5-10 years,97.88,106632.28
Anand nagar,5,4,2608,Semi Furnished,New,180.69,147710.79
eidgah hills,4,3,1562,Semi Furnished,5-10 years,103.73,94389.9
Roshanpura,1,1,786,Fully Furnished,1-5 years,42.36,44611.96
Prabhat petrol pump,4,3,1920,Semi Furnished,New,113.94,106446.59
Anand nagar,3,3,1336,Semi Furnished,10+ years,86.25,89038.13
Ayodhya nagar,3,3,1542,Fully Furnished,5-10 years,70.77,62318.92
Shivaji Nagar,5,4,2962,Unfurnished,5-10 years,153.61,160550.14
Indrapuri,3,3,1465,Semi Furnished,1-5 years,99.76,82572.88
Anand nagar,2,2,1001,Fully Furnished,New,46.55,53054.82
Vikas Nagar,5,4,2499,Unfurnished,1-5 years,106.12,87639.52
Piplani,1,1,470,Unfurnished,5-10 years,21.36,23054.39
Bawadiya Kalan,2,2,775,Semi Furnished,5-10 years,38.97,40011.45
Bairagarh,4,3,1562,Fully Furnished,New,105.12,84862.31
Ayodhya bypass,3,3,1342,Semi Furnished,New,65.59,69752.89
Bairagarh,2,2,1009,Fully Furnished,1-5 years,43.35,49907.37
Piplani,3,3,1196,Fully Furnished,10+ years,69.03,81890.01
Bittan Market,3,3,1279,Semi Furnished,1-5 years,61.89,52847.14
Shivaji Nagar,4,3,1950,Fully Furnished,New,110.13,112925.83
Saket nagar,3,3,1204,Fully Furnished,10+ years,70.59,77245.92
Habibganj,2,2,827,Fully Furnished,10+ years,50.38,54018.67
Barkheda,4,3,1795,Semi Furnished,5-10 years,85.51,78209.06
Roshanpura,5,4,2271,Semi Furnished,5-10 years,138.62,121609.07
char Imli,4,3,1611,Semi Furnished,10+ years,105.98,126073.76
Bairagarh,5,4,2025,Unfurnished,1-5 years,126.32,151334.52
Vijay nagar,2,2,782,Semi Furnished,New,47.36,53583.02
ibrahimpura,5,4,2036,Unfurnished,5-10 years,85.36,102254.12
MP Nagar,3,3,1485,Fully Furnished,10+ years,88.54,93963.06
ibrahimpura,2,2,1009,Unfurnished,New,69.9,73710.09
Karond,3,3,1408,Semi Furnished,1-5 years,90.26,74540.52
Gandhi nagar,5,4,2742,Semi Furnished,5-10 years,132.19,157320.66
Gandhi nagar,3,3,1304,Fully Furnished,New,59.28,54040.37
Govindpura,3,3,1490,Unfurnished,New,85.79,88618.55
Avadhpuri,2,2,783,Unfurnished,New,34.85,28816.4
Avadhpuri,1,1,739,Semi Furnished,10+ years,34.5,36598.4
Vikas Nagar,5,4,2420,Unfurnished,5-10 years,145.1,147317.75
Tajul masjid,3,3,1512,Fully Furnished,New,84.68,82502.41
Kolar Road,4,3,1795,Semi Furnished,1-5 years,86.47,103745.76
Vijay nagar,4,3,1759,Fully Furnished,10+ years,119.49,135582.95
Anand nagar,5,4,2638,Fully Furnished,New,155.81,163993.23
Habibganj,4,3,1608,Fully Furnished,New,86.59,78151.5
Nizamuddin colony,1,1,439,Fully Furnished,5-10 years,20.4,20647.72
Vijay nagar,4,3,1721,Unfurnished,1-5 years,93.08,110141.13
Bairagarh,4,3,1578,Semi Furnished,5-10 years,94.06,108198.44
Arjun Nagar,1,1,435,Fully Furnished,1-5 years,22.68,24106.52
Shivaji Nagar,5,4,2737,Unfurnished,5-10 years,146.24,173471.81
Bittan Market,5,4,2775,Unfurnished,10+ years,125.98,110590.84
Vikas Nagar,1,1,455,Unfurnished,New,31.27,25285.07
Ashoka garden,1,1,554,Semi Furnished,1-5 years,32.25,37200.76
Avadhpuri,2,2,1096,Semi Furnished,10+ years,54.17,52549.55
Vijay nagar,2,2,862,Semi Furnished,New,47.99,50161.22
MP Nagar,5,4,2413,Unfurnished,1-5 years,128.4,129465.47
MP Nagar,3,3,1384,Semi Furnished,New,91.3,104366.99
Vijay nagar,2,2,710,Unfurnished,5-10 years,32.65,29200.37
Ayodhya bypass,3,3,1362,Unfurnished,1-5 years,92.29,87579.32
Prabhat petrol pump,5,4,2394,Semi Furnished,1-5 years,166.77,147058.31
Shyamla Hills,1,1,600,Unfurnished,10+ years,36.83,37086.28
eidgah hills,4,3,1868,Semi Furnished,10+ years,79.55,68625.79
Roshanpura,3,3,1367,Unfurnished,New,80.07,83502.67
Minal,5,4,2346,Fully Furnished,1-5 years,110.74,132702.23
Avadhpuri,2,2,1150,Unfurnished,10+ years,72.51,83257.58
Minal,5,4,2432,Unfurnished,5-10 years,169.16,136805.11
Kolar Road,3,3,1524,Semi Furnished,5-10 years,78.09,63679.25
Sonagiri,3,3,1404,Unfurnished,New,68.51,80006.45
Avadhpuri,1,1,423,Fully Furnished,10+ years,26.31,26976.51
Shyamla Hills,4,3,1486,Unfurnished,1-5 years,74.54,62967.22
Gulmohar,2,2,984,Semi Furnished,1-5 years,43.6,43927.86
Prabhat petrol pump,5,4,2440,Semi Furnished,10+ years,110.01,89706.58
Gulmohar,2,2,1053,Semi Furnished,5-10 years,42.63,34126.39
Kolar hills,4,3,1533,Fully Furnished,5-10 years,77.0,70940.05
Bittan Market,2,2,1069,Fully Furnished,New,63.54,72752.27
Tajul masjid,4,3,1504,Fully Furnished,10+ years,76.86,84954.19
Arera Colony,4,3,1562,Semi Furnished,1-5 years,83.75,83949.34
Sonagiri,5,4,2522,Fully Furnished,10+ years,143.52,157253.17
Gandhi nagar,1,1,730,Fully Furnished,1-5 years,50.57,40465.26
Vikas Nagar,4,3,1456,Fully Furnished,5-10 years,79.89,65517.44
New market,3,3,1018,Semi Furnished,New,69.37,81111.92
Kolar hills,5,4,2562,Fully Furnished,New,109.74,96767.76
Arera Colony,5,4,2244,Semi Furnished,New,109.16,95841.24
chuna bhatti,2,2,1029,Unfurnished,10+ years,51.43,47424.72
Ashoka garden,3,3,1534,Fully Furnished,5-10 years,68.58,82234.02
Tajul masjid,2,2,950,Semi Furnished,5-10 years,63.55,68562.26
Ayodhya bypass,4,3,1548,Semi Furnished,5-10 years,100.96,82817.44
Karond,1,1,590,Fully Furnished,1-5 years,40.39,45298.05
Gulmohar,3,3,1066,Fully Furnished,1-5 years,70.28,84213.58
Bawadiya Kalan,3,3,1494,Unfurnished,10+ years,63.24,69342.94
Shanti Nagar,4,3,1824,Semi Furnished,1-5 years,100.0,110271.03
Barkheda,3,3,1582,Unfurnished,5-10 years,92.69,75106.51
Nizamuddin colony,4,3,2103,Semi Furnished,5-10 years,130.35,133054.0
Ratnagiri,2,2,901,Fully Furnished,New,38.35,44875.51
Avadhpuri,5,4,2107,Fully Furnished,1-5 years,137.69,112576.73
Misrod,4,3,1584,Fully Furnished,1-5 years,84.27,97527.59
Arera Colony,3,3,1581,Fully Furnished,1-5 years,83.1,96944.74
Vikas Nagar,2,2,918,Semi Furnished,1-5 years,45.75,41280.19
Habibganj,1,1,795,Unfurnished,5-10 years,34.17,31798.14
Arera Colony,5,4,2227,Fully Furnished,1-5 years,124.11,115627.44
Avadhpuri,4,3,1885,Fully Furnished,New,78.97,75727.72
Avadhpuri,2,2,1096,Semi Furnished,1-5 years,55.51,56400.53
Narela,4,3,1814,Unfurnished,1-5 years,77.64,80147.86
chuna bhatti,3,3,1523,Fully Furnished,5-10 years,93.93,110114.85
Bawadiya Kalan,2,2,1051,Unfurnished,5-10 years,65.9,77897.63
Prabhat petrol pump,5,4,2087,Semi Furnished,10+ years,89.1,84509.83
Anand nagar,5,4,2452,Fully Furnished,10+ years,106.84,94368.49
Barkheda,2,2,714,Semi Furnished,10+ years,35.49,33252.61
Shyamla Hills,1,1,548,Fully Furnished,1-5 years,34.81,34181.83
Kolar Road,1,1,753,Semi Furnished,1-5 years,52.36,57867.11
MP Nagar,1,1,562,Unfurnished,10+ years,33.19,33387.09
Saket nagar,1,1,791,Fully Furnished,10+ years,32.31,35558.52
VIP road,4,3,1410,Unfurnished,1-5 years,88.2,96116.02
Habibganj,1,1,763,Unfurnished,New,35.92,29464.02
Arjun Nagar,2,2,1011,Unfurnished,1-5 years,59.25,63700.96
MP Nagar,2,2,1162,Unfurnished,5-10 years,57.21,62221.06
Prabhat petrol pump,1,1,546,Unfurnished,5-10 years,31.58,29032.69
Govindpura,5,4,2660,Fully Furnished,5-10 years,145.93,119068.94
Kolar hills,2,2,1087,Fully Furnished,New,75.08,86574.16
Hoshangabad Road,3,3,1569,Fully Furnished,5-10 years,100.33,81327.15
Kolar Road,5,4,2890,Fully Furnished,New,123.95,105101.35
char Imli,1,1,742,Semi Furnished,New,47.75,51095.47
Bairagarh,4,3,2144,Fully Furnished,5-10 years,106.15,86069.49
Ratnagiri,1,1,670,Unfurnished,New,43.14,50150.82
sultaniya road,1,1,524,Fully Furnished,1-5 years,28.79,32161.74
Hoshangabad Road,1,1,452,Semi Furnished,5-10 years,20.25,23344.86
Gandhi nagar,3,3,1040,Fully Furnished,10+ years,64.72,73387.74
Minal,4,3,1904,Semi Furnished,1-5 years,116.31,127612.3
Bittan Market,3,3,1470,Unfurnished,5-10 years,67.87,67634.45
Kolar hills,2,2,1000,Semi Furnished,1-5 years,43.43,50304.33
Kamla Nagar,4,3,1614,Unfurnished,1-5 years,112.67,91541.27
Avadhpuri,1,1,546,Fully Furnished,New,32.6,35362.35
chuna bhatti,2,2,765,Unfurnished,1-5 years,38.84,35561.57
Indrapuri,5,4,2774,Unfurnished,1-5 years,117.59,107039.81
Govindpura,1,1,611,Fully Furnished,5-10 years,30.23,34958.8
chuna bhatti,4,3,1931,Fully Furnished,5-10 years,105.5,92866.68
Roshanpura,5,4,2568,Fully Furnished,1-5 years,152.52,131223.56
chuna bhatti,2,2,727,Semi Furnished,10+ years,41.28,40932.91
Anand nagar,3,3,1498,Unfurnished,10+ years,77.82,73734.97
Kamla Nagar,2,2,984,Semi Furnished,10+ years,68.04,64234.95
Misrod,4,3,1848,Semi Furnished,10+ years,104.02,123273.73
Prabhat petrol pump,3,3,1048,Semi Furnished,New,55.48,46108.62
MP Nagar,2,2,786,Semi Furnished,10+ years,36.8,33425.44
Narela,5,4,2572,Semi Furnished,1-5 years,124.62,105136.74
sultaniya road,4,3,1976,Fully Furnished,1-5 years,88.36,92132.8
Arera Colony,3,3,1049,Semi Furnished,1-5 years,45.26,45063.28
Ayodhya nagar,5,4,2785,Unfurnished,New,176.94,201001.52
Avadhpuri,2,2,753,Unfurnished,1-5 years,44.66,37824.44
Prabhat petrol pump,1,1,619,Semi Furnished,New,31.56,27817.14
Minal,2,2,905,Fully Furnished,New,56.63,47434.84
Karond,2,2,705,Semi Furnished,1-5 years,30.07,32398.63
Prabhat petrol pump,5,4,2314,Semi Furnished,10+ years,107.27,117307.85
Avadhpuri,2,2,1047,Unfurnished,New,72.39,69103.93
Ayodhya nagar,4,3,1666,Fully Furnished,1-5 years,99.25,107883.11
char Imli,3,3,1020,Unfurnished,New,64.09,59781.52
chuna bhatti,1,1,562,Unfurnished,1-5 years,32.87,33570.46
Bairagarh,3,3,1124,Unfurnished,1-5 years,61.85,62004.04
Govindpura,3,3,1508,Fully Furnished,5-10 years,89.29,105126.83
Roshanpura,3,3,1111,Fully Furnished,5-10 years,56.18,58879.71
Ayodhya bypass,1,1,535,Fully Furnished,10+ years,36.87,32638.53
sultaniya road,5,4,2151,Unfurnished,10+ years,105.89,97014.2
Arjun Nagar,1,1,456,Fully Furnished,1-5 years,26.0,24834.57
jahangirabad,4,3,1692,Semi Furnished,10+ years,109.36,105903.74
Roshanpura,2,2,1029,Semi Furnished,10+ years,51.11,57281.17
kohefiza,2,2,1001,Unfurnished,5-10 years,62.84,65959.39
Kolar hills,1,1,401,Unfurnished,10+ years,19.45,16423.5
Roshanpura,5,4,2475,Semi Furnished,1-5 years,139.34,155210.75
sultaniya road,5,4,2977,Unfurnished,10+ years,179.11,188618.02
Bawadiya Kalan,3,3,1216,Unfurnished,New,67.15,56958.06
Kamla Nagar,1,1,571,Unfurnished,1-5 years,33.67,35281.48
Hoshangabad Road,3,3,1260,Unfurnished,10+ years,69.44,64750.64
Ayodhya nagar,5,4,2536,Unfurnished,1-5 years,124.61,143421.8
Hoshangabad Road,2,2,757,Unfurnished,10+ years,52.9,43576.66
Tajul masjid,4,3,1608,Unfurnished,10+ years,99.87,102024.43
Narela,1,1,455,Fully Furnished,New,20.17,22731.55
Prabhat petrol pump,1,1,636,Unfurnished,1-5 years,29.13,27087.19
Roshanpura,5,4,2731,Semi Furnished,10+ years,141.01,138784.64
Anand nagar,4,3,1876,Fully Furnished,1-5 years,112.63,106374.95
Minal,3,3,1499,Fully Furnished,10+ years,104.36,106529.85
chuna bhatti,2,2,722,Semi Furnished,1-5 years,32.57,29125.31
chuna bhatti,3,3,1284,Unfurnished,10+ years,65.54,66087.75
Indrapuri,5,4,2003,Semi Furnished,10+ years,102.21,97220.08
Narela,4,3,2197,Semi Furnished,1-5 years,94.14,99026.38
Shanti Nagar,5,4,2379,Fully Furnished,5-10 years,131.69,106550.76
Ayodhya bypass,4,3,1982,Semi Furnished,5-10 years,88.17,75446.11
Gandhi nagar,2,2,1112,Unfurnished,5-10 years,65.4,58601.01
Gandhi nagar,1,1,481,Unfurnished,1-5 years,26.41,22927.69
Piplani,3,3,1572,Semi Furnished,New,97.63,114202.57
Shanti Nagar,3,3,1233,Fully Furnished,New,83.9,67909.23
Arjun Nagar,1,1,438,Unfurnished,10+ years,19.51,18833.61
ibrahimpura,1,1,550,Fully Furnished,New,25.69,27189.66
Karond,5,4,2010,Fully Furnished,10+ years,93.83,81979.0
Shyamla Hills,2,2,955,Semi Furnished,New,49.16,47097.48
Gulmohar,2,2,1013,Fully Furnished,10+ years,61.9,62766.18
Tajul masjid,2,2,947,Fully Furnished,5-10 years,48.74,41371.21
Arjun Nagar,1,1,437,Fully Furnished,10+ years,27.84,24379.67
kohefiza,5,4,2241,Fully Furnished,1-5 years,99.77,94698.39
Kolar hills,1,1,400,Fully Furnished,5-10 years,20.59,18076.37
Ashoka garden,5,4,2036,Semi Furnished,New,89.04,106788.04
Shanti Nagar,4,3,1895,Fully Furnished,New,107.21,99554.39
Karond,5,4,2809,Unfurnished,1-5 years,194.94,158325.38
Saket nagar,2,2,1199,Unfurnished,1-5 years,55.83,58308.22
Karond,5,4,2751,Semi Furnished,5-10 years,179.83,166201.33
Vijay nagar,4,3,2200,Fully Furnished,New,97.11,90609.42
Avadhpuri,4,3,2128,Semi Furnished,5-10 years,91.66,90329.0
Ayodhya bypass,2,2,1168,Unfurnished,5-10 years,51.38,41362.24
VIP road,2,2,901,Fully Furnished,1-5 years,52.72,57948.18
Kolar hills,2,2,764,Unfurnished,5-10 years,42.04,37195.39
char Imli,4,3,1765,Fully Furnished,10+ years,114.23,129361.05
Lalghati,1,1,579,Unfurnished,1-5 years,32.45,29247.42
Arera Colony,5,4,2308,Semi Furnished,1-5 years,115.02,102303.16
Chuna Bhatti,4,3,1604,Fully Furnished,New,78.31,88810.61
Shivaji Nagar,2,2,928,Fully Furnished,10+ years,38.19,40906.28
Misrod,3,3,1082,Semi Furnished,1-5 years,56.22,61317.84
Avadhpuri,3,3,1184,Semi Furnished,1-5 years,79.48,65801.39
Shanti Nagar,5,4,2728,Semi Furnished,1-5 years,116.71,101796.29
Piplani,4,3,2048,Semi Furnished,New,134.98,113336.8
Roshanpura,5,4,2731,Unfurnished,New,116.85,123639.82
chuna bhatti,5,4,2946,Fully Furnished,5-10 years,184.08,191314.05
Habibganj,1,1,688,Fully Furnished,New,32.11,31786.4
Bawadiya Kalan,3,3,1054,Unfurnished,1-5 years,66.35,77275.53
Govindpura,2,2,805,Fully Furnished,5-10 years,41.4,38528.21
Kamla Nagar,4,3,1569,Semi Furnished,New,103.38,88103.03
Lalghati,3,3,1408,Semi Furnished,10+ years,88.46,76440.82
sultaniya road,5,4,2547,Unfurnished,5-10 years,159.16,159834.91
Bittan Market,4,3,1657,Semi Furnished,New,93.38,84352.56
Ayodhya bypass,5,4,2745,Unfurnished,10+ years,138.06,148946.93
MP Nagar,3,3,1576,Fully Furnished,1-5 years,90.98,101525.41
Avadhpuri,4,3,1532,Unfurnished,New,81.74,66126.79
Govindpura,1,1,708,Unfurnished,1-5 years,36.05,34252.67
sultaniya road,2,2,755,Unfurnished,New,48.43,46624.21
Misrod,2,2,1030,Unfurnished,New,71.79,85794.63
Shivaji Nagar,2,2,860,Unfurnished,New,52.64,46645.33
Gandhi nagar,1,1,656,Semi Furnished,1-5 years,40.94,38805.15
eidgah hills,1,1,506,Fully Furnished,10+ years,24.1,23877.49
VIP road,5,4,2966,Unfurnished,New,142.83,114731.3
Kolar Road,2,2,1018,Semi Furnished,1-5 years,68.15,81697.59
Barkheda,5,4,2258,Semi Furnished,1-5 years,125.19,103324.39
Kolar Road,5,4,2020,Fully Furnished,New,106.48,108025.01
Shivaji Nagar,2,2,757,Semi Furnished,10+ years,50.7,45813.16
Gulmohar,2,2,1167,Semi Furnished,1-5 years,73.1,78487.02
Ratnagiri,3,3,1338,Semi Furnished,10+ years,83.05,74915.35
char Imli,4,3,1929,Unfurnished,New,100.01,97754.39
Ayodhya nagar,3,3,1169,Fully Furnished,1-5 years,80.93,74085.27
Barkheda,1,1,781,Fully Furnished,5-10 years,53.96,59045.25
VIP road,3,3,1206,Semi Furnished,1-5 years,72.96,73665.59
Minal,4,3,1722,Semi Furnished,1-5 years,70.43,57816.76
Arjun Nagar,2,2,938,Unfurnished,1-5 years,42.09,39937.65
Saket nagar,2,2,1127,Fully Furnished,5-10 years,47.93,41439.82
Shivaji Nagar,3,3,1587,Unfurnished,5-10 years,91.0,87563.05
Hoshangabad Road,2,2,1179,Unfurnished,1-5 years,82.24,77695.5
Arjun Nagar,1,1,617,Unfurnished,1-5 years,25.87,28823.52
Avadhpuri,4,3,2077,Fully Furnished,10+ years,117.47,125169.93
Lalghati,3,3,1310,Unfurnished,10+ years,82.16,81740.21
Tajul masjid,2,2,982,Unfurnished,5-10 years,65.2,74933.16
Karond,1,1,632,Fully Furnished,New,37.74,40215.14
Barkheda,2,2,842,Fully Furnished,5-10 years,38.7,33683.05
Service road,4,3,1822,Semi Furnished,5-10 years,98.47,85249.01
Sonagiri,2,2,916,Fully Furnished,5-10 years,54.68,58254.15
Ashoka garden,5,4,2968,Semi Furnished,5-10 years,146.9,174170.73
chuna bhatti,1,1,682,Fully Furnished,New,37.31,35342.22
sultaniya road,3,3,1555,Fully Furnished,New,101.82,121580.62
Tajul masjid,2,2,1084,Unfurnished,5-10 years,75.22,88370.99
Ayodhya nagar,4,3,1881,Semi Furnished,10+ years,76.52,66230.68
VIP road,1,1,770,Fully Furnished,10+ years,51.04,47103.04
Ayodhya bypass,5,4,2244,Semi Furnished,5-10 years,146.92,122656.75
kohefiza,4,3,1635,Semi Furnished,10+ years,104.79,107083.77
jahangirabad,1,1,566,Unfurnished,1-5 years,39.26,33949.52
Ashoka garden,3,3,1029,Fully Furnished,New,57.27,51156.24
Shyamla Hills,4,3,2106,Unfurnished,1-5 years,113.58,107331.91
Indrapuri,5,4,2381,Unfurnished,New,106.18,109718.44
Bittan Market,5,4,2697,Unfurnished,1-5 years,174.15,147068.77
chuna bhatti,2,2,978,Semi Furnished,1-5 years,63.66,62497.86
Roshanpura,1,1,558,Fully Furnished,5-10 years,31.36,36715.77
Minal,4,3,2187,Semi Furnished,1-5 years,96.75,100524.14
char Imli,5,4,2291,Unfurnished,New,146.23,161122.17
Ayodhya nagar,4,3,1961,Fully Furnished,New,103.77,109686.02
Bittan Market,2,2,1031,Fully Furnished,10+ years,54.36,61954.81
Habibganj,5,4,2181,Semi Furnished,5-10 years,104.91,86166.26
Misrod,4,3,1762,Semi Furnished,New,77.66,88626.28
Govindpura,3,3,1254,Unfurnished,10+ years,86.59,103582.05
Piplani,4,3,1547,Fully Furnished,1-5 years,106.44,105012.05
char Imli,1,1,518,Fully Furnished,1-5 years,28.32,28833.73
Misrod,2,2,834,Unfurnished,5-10 years,35.97,28941.14
Gulmohar,1,1,421,Unfurnished,1-5 years,17.7,16639.96
Ratnagiri,3,3,1170,Fully Furnished,1-5 years,47.19,55080.51
Kolar Road,1,1,519,Unfurnished,1-5 years,21.77,22704.81
Vijay nagar,4,3,1676,Fully Furnished,10+ years,117.14,97925.4
Shyamla Hills,5,4,2016,Semi Furnished,1-5 years,129.02,146958.88
jahangirabad,4,3,1588,Fully Furnished,New,110.34,92327.13
Shanti Nagar,4,3,1771,Fully Furnished,New,98.09,84725.91
Saket nagar,3,3,1302,Fully Furnished,5-10 years,74.71,87987.04
MP Nagar,4,3,1766,Fully Furnished,5-10 years,89.86,104560.82
Anand nagar,3,3,1118,Unfurnished,10+ years,69.35,74315.35
Vikas Nagar,4,3,1603,Semi Furnished,1-5 years,85.77,72886.01
Tajul masjid,1,1,696,Semi Furnished,10+ years,37.29,44018.16
Narela,3,3,1362,Fully Furnished,5-10 years,77.8,85963.51
jahangirabad,3,3,1118,Fully Furnished,5-10 years,57.26,46431.3
Arera Colony,2,2,1141,Fully Furnished,5-10 years,50.86,53306.12
Vijay nagar,5,4,2862,Semi Furnished,1-5 years,194.29,201022.04
MP Nagar,1,1,434,Fully Furnished,1-5 years,18.91,17706.99
Vikas Nagar,4,3,1555,Unfurnished,5-10 years,66.06,66785.87
Nizamuddin colony,3,3,1165,Fully Furnished,New,63.29,54756.12
Karond,1,1,574,Semi Furnished,New,24.03,28216.64
Vijay nagar,1,1,582,Unfurnished,1-5 years,29.26,25669.14
Avadhpuri,3,3,1325,Fully Furnished,5-10 years,82.37,88568.75
Shivaji Nagar,3,3,1279,Semi Furnished,1-5 years,76.43,70120.17
Vikas Nagar,2,2,946,Fully Furnished,New,41.67,46427.57
Anand nagar,2,2,975,Unfurnished,10+ years,51.99,44470.85
Service road,2,2,1011,Semi Furnished,1-5 years,40.65,33402.75
Narela,5,4,2786,Unfurnished,5-10 years,128.96,127334.59
Arjun Nagar,3,3,1496,Fully Furnished,New,76.9,75372.59
Piplani,2,2,1059,Semi Furnished,5-10 years,51.11,50151.35
Shanti Nagar,5,4,2055,Semi Furnished,10+ years,120.02,118160.53
Nizamuddin colony,1,1,463,Unfurnished,10+ years,21.69,22080.86
Minal,5,4,2016,Semi Furnished,5-10 years,117.94,116047.93
Lalghati,1,1,538,Fully Furnished,10+ years,25.5,23540.12
eidgah hills,5,4,2831,Unfurnished,New,151.12,146842.66
Ratnagiri,1,1,644,Unfurnished,1-5 years,31.72,34087.31
Bittan Market,5,4,2797,Semi Furnished,1-5 years,141.13,131420.22
Roshanpura,5,4,2009,Unfurnished,5-10 years,132.66,118357.56
jahangirabad,2,2,1055,Semi Furnished,10+ years,68.04,74489.61
Saket nagar,1,1,556,Semi Furnished,New,28.69,33093.43
Kolar Road,1,1,725,Semi Furnished,10+ years,40.88,44148.63
Shivaji Nagar,5,4,2857,Semi Furnished,5-10 years,165.97,177283.96
Ayodhya bypass,1,1,566,Fully Furnished,10+ years,22.95,22709.21
Shanti Nagar,5,4,2131,Semi Furnished,New,129.3,139852.43
New market,3,3,1059,Fully Furnished,1-5 years,71.04,72041.49
Shivaji Nagar,1,1,523,Unfurnished,1-5 years,23.74,21801.87
Arera Colony,3,3,1215,Unfurnished,New,83.43,92746.47
Service road,4,3,1732,Unfurnished,10+ years,79.83,68250.24
Narela,5,4,2338,Semi Furnished,1-5 years,125.32,117561.1
MP Nagar,5,4,2921,Unfurnished,New,147.45,119121.03
Roshanpura,2,2,732,Unfurnished,New,42.2,36729.43
Ratnagiri,3,3,1015,Fully Furnished,5-10 years,51.79,47718.27
Ayodhya bypass,2,2,914,Fully Furnished,5-10 years,63.23,74520.29
VIP road,3,3,1541,Semi Furnished,1-5 years,101.51,103433.53
Barkheda,3,3,1297,Semi Furnished,5-10 years,61.47,58726.07
Prabhat petrol pump,2,2,737,Unfurnished,10+ years,34.14,37979.48
Gandhi nagar,1,1,745,Semi Furnished,New,33.53,33619.78
Narela,1,1,650,Unfurnished,New,44.16,35647.05
Shanti Nagar,3,3,1316,Semi Furnished,5-10 years,54.46,55371.65
Karond,5,4,2598,Unfurnished,New,181.72,147567.73
Vijay nagar,4,3,1753,Unfurnished,5-10 years,89.73,93492.5
Prabhat petrol pump,2,2,1058,Semi Furnished,1-5 years,52.12,43896.32
ibrahimpura,3,3,1037,Unfurnished,5-10 years,61.58,62711.36
Bairagarh,4,3,1637,Unfurnished,10+ years,72.2,65580.11
Tajul masjid,3,3,1483,Semi Furnished,5-10 years,76.01,77518.69
ibrahimpura,2,2,990,Unfurnished,New,62.28,57004.34
Indrapuri,1,1,579,Unfurnished,New,26.01,22006.76
ibrahimpura,1,1,585,Unfurnished,1-5 years,39.52,32350.09
Misrod,2,2,757,Fully Furnished,New,34.51,32251.66
Saket nagar,3,3,1414,Fully Furnished,5-10 years,66.65,66222.73
Govindpura,1,1,685,Fully Furnished,New,28.89,27868.68
Nizamuddin colony,1,1,580,Unfurnished,5-10 years,27.22,23365.58
Vijay nagar,2,2,787,Fully Furnished,10+ years,46.61,54625.83
Govindpura,4,3,1680,Unfurnished,New,101.41,86695.89
Bawadiya Kalan,3,3,1494,Semi Furnished,1-5 years,93.15,84464.34
Minal,4,3,1552,Semi Furnished,New,78.42,70182.92
Tajul masjid,3,3,1143,Semi Furnished,10+ years,47.4,56796.0
Gulmohar,4,3,1779,Fully Furnished,1-5 years,123.8,138885.23
Saket nagar,1,1,556,Unfurnished,10+ years,29.68,26247.11
Barkheda,3,3,1151,Unfurnished,New,60.11,48317.48
Ratnagiri,5,4,2018,Fully Furnished,New,109.48,125549.04
Narela,3,3,1036,Semi Furnished,5-10 years,48.93,50000.8
Karond,3,3,1269,Unfurnished,5-10 years,78.31,85034.38
New market,1,1,499,Fully Furnished,5-10 years,30.13,32103.21
Gulmohar,3,3,1175,Fully Furnished,New,63.7,62322.5
Bawadiya Kalan,3,3,1171,Semi Furnished,1-5 years,69.52,70951.01
Ayodhya nagar,5,4,2438,Fully Furnished,New,167.06,193561.45
New market,2,2,733,Fully Furnished,New,40.89,46130.15
VIP road,2,2,1007,Fully Furnished,1-5 years,59.8,57983.53
Kamla Nagar,4,3,2108,Fully Furnished,10+ years,116.06,108295.86
Service road,3,3,1092,Semi Furnished,10+ years,68.77,60624.42
Kamla Nagar,3,3,1460,Unfurnished,New,98.76,99274.08
Ratnagiri,4,3,2070,Fully Furnished,New,136.34,111827.52
Hoshangabad Road,2,2,1022,Unfurnished,5-10 years,48.23,42675.23
Narela,1,1,400,Semi Furnished,5-10 years,21.73,23477.95
Karond,3,3,1513,Semi Furnished,New,71.45,81177.19
Minal,1,1,788,Unfurnished,5-10 years,52.53,56842.58
Shanti Nagar,2,2,769,Unfurnished,1-5 years,31.86,31964.61
Narela,3,3,1212,Unfurnished,5-10 years,56.61,60760.16
Tajul masjid,4,3,1429,Unfurnished,1-5 years,71.92,83223.49
sultaniya road,1,1,437,Unfurnished,5-10 years,24.84,29454.04
sultaniya road,4,3,1612,Semi Furnished,New,90.92,93330.06
sultaniya road,3,3,1108,Fully Furnished,1-5 years,51.94,43559.88
Ayodhya bypass,2,2,956,Fully Furnished,10+ years,45.86,41175.89
Piplani,5,4,2947,Unfurnished,5-10 years,202.93,177895.37
kohefiza,5,4,2552,Unfurnished,1-5 years,139.16,145653.28
Nizamuddin colony,2,2,905,Unfurnished,New,45.57,54045.08
Shanti Nagar,5,4,2534,Semi Furnished,1-5 years,152.89,149192.44
Minal,4,3,1965,Fully Furnished,10+ years,79.08,93950.62
kohefiza,2,2,702,Unfurnished,1-5 years,37.12,38468.76
Vijay nagar,4,3,1711,Unfurnished,10+ years,99.16,98870.47
Tajul masjid,1,1,728,Fully Furnished,10+ years,41.19,33496.0
ibrahimpura,5,4,2064,Semi Furnished,1-5 years,143.5,161116.09
Roshanpura,1,1,725,Unfurnished,1-5 years,49.01,45853.79
VIP road,2,2,1064,Unfurnished,10+ years,52.07,47034.54
Narela,4,3,1423,Semi Furnished,New,88.71,96737.4
Anand nagar,2,2,832,Unfurnished,1-5 years,48.08,45671.8
chuna bhatti,3,3,1309,Unfurnished,New,67.79,80083.13
Misrod,1,1,452,Semi Furnished,5-10 years,25.34,24317.92
VIP road,5,4,2820,Semi Furnished,10+ years,124.45,142758.93
Tajul masjid,1,1,663,Unfurnished,10+ years,32.06,27443.09
Ayodhya nagar,5,4,2795,Unfurnished,1-5 years,177.85,212287.4
Arera Colony,1,1,591,Semi Furnished,New,36.2,34274.36
Roshanpura,1,1,444,Semi Furnished,5-10 years,30.4,24528.75
Service road,3,3,1126,Fully Furnished,10+ years,61.15,64737.18
Vikas Nagar,4,3,2192,Unfurnished,5-10 years,99.36,86033.43
Narela,5,4,2859,Unfurnished,10+ years,159.29,162043.18
Minal,1,1,594,Fully Furnished,10+ years,28.41,29186.47
Tajul masjid,4,3,1460,Fully Furnished,1-5 years,65.96,67620.78
Anand nagar,2,2,753,Semi Furnished,10+ years,36.52,35069.01
sultaniya road,5,4,2986,Unfurnished,New,153.24,156697.89
Shivaji Nagar,2,2,712,Unfurnished,10+ years,32.39,36674.16
Govindpura,3,3,1023,Semi Furnished,1-5 years,64.01,66878.49
Shyamla Hills,1,1,555,Semi Furnished,New,22.26,19369.73
Minal,5,4,2058,Unfurnished,10+ years,128.49,119925.73
Ratnagiri,5,4,2424,Fully Furnished,5-10 years,135.8,133743.78
Kamla Nagar,3,3,1289,Fully Furnished,New,63.98,68169.25
Ayodhya bypass,3,3,1192,Semi Furnished,10+ years,51.93,49355.69
Ayodhya bypass,5,4,2938,Semi Furnished,10+ years,150.36,148350.57
Habibganj,4,3,1536,Fully Furnished,1-5 years,70.24,81037.38
char Imli,1,1,718,Unfurnished,1-5 years,42.53,34570.99
Lalghati,1,1,777,Semi Furnished,5-10 years,53.38,43066.79
Arjun Nagar,5,4,2003,Semi Furnished,5-10 years,127.97,126323.83
Ayodhya nagar,2,2,1183,Semi Furnished,New,81.83,68785.2
Narela,4,3,2099,Semi Furnished,1-5 years,146.7,163702.85
jahangirabad,4,3,1876,Fully Furnished,New,103.07,115224.38
Gulmohar,2,2,1031,Fully Furnished,5-10 years,53.69,54080.45
Shivaji Nagar,4,3,1530,Fully Furnished,10+ years,75.69,82578.68
Saket nagar,5,4,2156,Unfurnished,1-5 years,101.6,118092.52
VIP road,3,3,1578,Semi Furnished,10+ years,95.22,93040.46
VIP road,3,3,1557,Fully Furnished,10+ years,63.24,55263.66
Hoshangabad Road,3,3,1446,Fully Furnished,1-5 years,89.77,88484.3
Sonagiri,1,1,642,Fully Furnished,New,37.87,44155.85
Prabhat petrol pump,5,4,2724,Unfurnished,1-5 years,121.18,144470.51
Chuna Bhatti,2,2,912,Fully Furnished,1-5 years,58.17,65953.85
Nizamuddin colony,1,1,605,Semi Furnished,5-10 years,27.31,31872.58
Lalghati,4,3,1695,Fully Furnished,New,70.09,80863.43
Kolar hills,1,1,573,Fully Furnished,1-5 years,38.01,36620.76
Ayodhya bypass,4,3,2080,Fully Furnished,1-5 years,88.61,96796.59
MP Nagar,3,3,1147,Semi Furnished,10+ years,76.16,76599.69
Prabhat petrol pump,3,3,1119,Semi Furnished,1-5 years,70.56,57020.47
Barkheda,2,2,861,Unfurnished,New,35.11,36669.91
MP Nagar,5,4,2948,Semi Furnished,5-10 years,124.73,100571.67
Gulmohar,2,2,1010,Fully Furnished,New,46.34,50777.12
Arjun Nagar,1,1,690,Fully Furnished,5-10 years,35.77,30868.9
Bawadiya Kalan,1,1,471,Fully Furnished,1-5 years,19.22,21040.59
Gulmohar,4,3,1745,Semi Furnished,New,104.8,110365.75
Ashoka garden,3,3,1545,Fully Furnished,1-5 years,74.15,74011.44
Bittan Market,4,3,1632,Unfurnished,New,90.21,103539.8
Narela,3,3,1541,Unfurnished,New,101.72,86006.31
Ayodhya bypass,4,3,2000,Fully Furnished,10+ years,101.97,108182.01
Vijay nagar,2,2,1026,Semi Furnished,5-10 years,44.16,47467.15
sultaniya road,3,3,1462,Fully Furnished,10+ years,60.94,64980.88
Misrod,2,2,1100,Semi Furnished,1-5 years,46.67,46757.61
Kolar Road,5,4,2980,Fully Furnished,New,127.6,117247.08
sultaniya road,5,4,2447,Fully Furnished,5-10 years,119.47,125103.11
kohefiza,5,4,2249,Unfurnished,10+ years,121.57,144094.04
Minal,5,4,2271,Semi Furnished,10+ years,133.73,110737.76
Bittan Market,1,1,518,Fully Furnished,10+ years,21.88,20723.8
Ayodhya nagar,5,4,2703,Unfurnished,New,147.89,158451.08
Sonagiri,2,2,998,Unfurnished,New,59.75,58219.53
VIP road,4,3,2189,Fully Furnished,New,115.11,103238.15
Kolar Road,4,3,1490,Fully Furnished,New,82.57,93050.37
Kamla Nagar,5,4,2637,Fully Furnished,10+ years,131.86,146542.4
Gandhi nagar,5,4,2635,Semi Furnished,10+ years,140.91,152895.31
chuna bhatti,1,1,435,Semi Furnished,New,22.45,24546.16
Arera Colony,3,3,1070,Fully Furnished,10+ years,71.04,72498.05
char Imli,5,4,2375,Semi Furnished,1-5 years,114.88,126800.91
Karond,2,2,943,Unfurnished,5-10 years,65.96,71050.2
VIP road,5,4,2662,Unfurnished,5-10 years,120.83,124867.17
Gandhi nagar,1,1,440,Semi Furnished,New,22.91,19345.63
Avadhpuri,5,4,2537,Fully Furnished,New,164.3,162826.4
Prabhat petrol pump,4,3,1465,Fully Furnished,10+ years,86.99,98219.71
Arjun Nagar,5,4,2506,Fully Furnished,5-10 years,137.08,115915.78
Tajul masjid,4,3,1726,Unfurnished,5-10 years,97.16,103140.61
Kolar hills,4,3,1797,Semi Furnished,New,75.83,78487.56
Prabhat petrol pump,5,4,2336,Semi Furnished,New,155.41,163762.21
Bawadiya Kalan,1,1,710,Unfurnished,1-5 years,45.6,40686.51
Kolar Road,5,4,2547,Semi Furnished,5-10 years,135.26,132323.43
sultaniya road,4,3,1942,Unfurnished,New,95.62,79177.72
Lalghati,5,4,2419,Unfurnished,New,140.65,150433.36
Shivaji Nagar,4,3,1618,Fully Furnished,New,68.15,62684.3
Lalghati,5,4,2633,Fully Furnished,New,177.76,168496.48
New market,5,4,2058,Semi Furnished,New,118.23,122891.58
Vijay nagar,4,3,2186,Fully Furnished,5-10 years,147.42,132103.33
Shanti Nagar,2,2,1117,Unfurnished,1-5 years,67.16,77184.22
Piplani,4,3,1610,Fully Furnished,5-10 years,81.08,69262.08
MP Nagar,5,4,2387,Unfurnished,New,129.54,132888.6
Prabhat petrol pump,3,3,1464,Semi Furnished,1-5 years,94.97,103872.55
Govindpura,5,4,2790,Semi Furnished,New,138.71,157008.95
Karond,4,3,1517,Unfurnished,New,85.96,72022.51
MP Nagar,4,3,1787,Fully Furnished,1-5 years,102.95,86640.48
Lalghati,3,3,1191,Fully Furnished,5-10 years,48.03,53955.67
Piplani,2,2,736,Fully Furnished,1-5 years,46.67,48221.82
Prabhat petrol pump,1,1,420,Fully Furnished,5-10 years,25.22,20289.59
chuna bhatti,2,2,797,Fully Furnished,1-5 years,48.35,39035.36
Vikas Nagar,1,1,416,Unfurnished,5-10 years,16.92,18267.22
Shivaji Nagar,1,1,511,Unfurnished,10+ years,22.86,19223.45
Service road,5,4,2273,Fully Furnished,1-5 years,120.12,136237.08
Vijay nagar,2,2,1087,Semi Furnished,New,51.9,59466.02
Gandhi nagar,1,1,765,Fully Furnished,5-10 years,51.05,51658.6
kohefiza,1,1,454,Unfurnished,New,19.38,19173.23
Vijay nagar,1,1,413,Unfurnished,New,26.84,29826.85
Avadhpuri,4,3,1565,Semi Furnished,New,66.75,71816.44
Karond,3,3,1177,Unfurnished,1-5 years,77.64,77298.55
Ayodhya bypass,5,4,2096,Semi Furnished,5-10 years,122.32,121443.5
Lalghati,4,3,1448,Semi Furnished,5-10 years,72.15,83651.26
Saket nagar,4,3,1816,Fully Furnished,1-5 years,123.58,116186.58
Vijay nagar,1,1,578,Semi Furnished,5-10 years,39.78,42115.14
Roshanpura,2,2,1004,Unfurnished,New,70.02,79091.4
sultaniya road,1,1,421,Semi Furnished,5-10 years,26.36,27477.74
Kolar hills,5,4,2365,Semi Furnished,1-5 years,122.63,110727.13
jahangirabad,3,3,1582,Semi Furnished,1-5 years,103.72,106390.43
Sonagiri,5,4,2665,Unfurnished,5-10 years,153.85,124057.17
Chuna Bhatti,4,3,1819,Semi Furnished,1-5 years,86.12,94996.59
eidgah hills,1,1,512,Fully Furnished,10+ years,31.21,35014.64
Kamla Nagar,5,4,2612,Fully Furnished,5-10 years,175.69,174681.59
jahangirabad,1,1,516,Unfurnished,5-10 years,28.62,30266.68
Shyamla Hills,1,1,701,Unfurnished,10+ years,47.32,52715.23
Shivaji Nagar,5,4,2003,Fully Furnished,1-5 years,117.11,98211.86
Barkheda,5,4,2220,Semi Furnished,5-10 years,126.14,101920.06
ibrahimpura,3,3,1312,Semi Furnished,1-5 years,90.7,80309.32
Lalghati,1,1,662,Fully Furnished,10+ years,32.22,36885.55
Kamla Nagar,2,2,746,Semi Furnished,10+ years,45.0,42872.02
Ratnagiri,2,2,1049,Semi Furnished,New,57.51,59376.19
New market,2,2,897,Fully Furnished,5-10 years,51.86,57970.4
Gulmohar,5,4,2553,Semi Furnished,5-10 years,166.09,187049.08
Shivaji Nagar,1,1,602,Unfurnished,1-5 years,27.99,29951.27
Ratnagiri,5,4,2664,Unfurnished,New,113.73,131010.17
jahangirabad,5,4,2528,Unfurnished,1-5 years,117.77,116859.94
Indrapuri,5,4,2986,Semi Furnished,New,157.42,168818.06
Tajul masjid,4,3,1446,Unfurnished,New,75.87,77580.4
Gulmohar,4,3,2087,Unfurnished,New,135.06,144208.87
Bawadiya Kalan,4,3,1411,Unfurnished,New,82.89,85236.55
Kamla Nagar,2,2,701,Unfurnished,New,29.5,23918.75
Roshanpura,5,4,2950,Unfurnished,New,121.81,141199.01
MP Nagar,4,3,1789,Semi Furnished,10+ years,94.26,89195.98
Roshanpura,4,3,1778,Semi Furnished,1-5 years,114.01,129581.64
Nizamuddin colony,1,1,548,Fully Furnished,New,22.72,22283.61
sultaniya road,2,2,1152,Semi Furnished,10+ years,77.32,72429.57
Nizamuddin colony,1,1,535,Unfurnished,10+ years,25.96,27758.66
chuna bhatti,3,3,1093,Fully Furnished,5-10 years,57.98,49809.3
ibrahimpura,3,3,1439,Unfurnished,New,81.91,67251.58
Bittan Market,4,3,1937,Semi Furnished,10+ years,124.5,117022.96
Ashoka garden,3,3,1182,Fully Furnished,5-10 years,61.25,49526.22
jahangirabad,3,3,1363,Unfurnished,5-10 years,60.53,57679.65
Govindpura,3,3,1113,Semi Furnished,5-10 years,77.39,82109.54
Bittan Market,5,4,2920,Fully Furnished,5-10 years,162.96,146724.9
Bairagarh,2,2,1011,Unfurnished,10+ years,58.25,67218.1
Ayodhya bypass,3,3,1582,Fully Furnished,1-5 years,79.23,72339.37
Prabhat petrol pump,4,3,1736,Fully Furnished,5-10 years,84.68,76289.98
Lalghati,5,4,2589,Unfurnished,1-5 years,148.87,121136.05
Avadhpuri,2,2,1162,Unfurnished,10+ years,52.95,62566.69
Bairagarh,4,3,2044,Semi Furnished,1-5 years,109.29,115746.3
Piplani,4,3,2108,Semi Furnished,1-5 years,111.23,105690.8
Chuna Bhatti,4,3,2129,Fully Furnished,10+ years,89.69,85696.94
char Imli,2,2,1131,Unfurnished,1-5 years,66.03,62008.99
Roshanpura,4,3,1569,Semi Furnished,New,78.63,66678.24
Saket nagar,4,3,1708,Unfurnished,10+ years,107.78,86802.89
Shanti Nagar,2,2,890,Semi Furnished,10+ years,54.6,60833.04
Arera Colony,1,1,439,Semi Furnished,1-5 years,27.52,29020.73
Karond,2,2,880,Semi Furnished,New,60.28,50541.36
MP Nagar,4,3,2090,Unfurnished,1-5 years,118.63,121435.59
Arjun Nagar,2,2,831,Unfurnished,5-10 years,34.25,37427.89
Kolar Road,3,3,1401,Unfurnished,10+ years,74.79,88912.2
Gandhi nagar,4,3,1887,Semi Furnished,5-10 years,90.36,93264.98
Roshanpura,4,3,1613,Semi Furnished,New,77.62,84372.75
Kolar Road,1,1,654,Semi Furnished,10+ years,27.56,32607.51
Sonagiri,1,1,680,Fully Furnished,New,40.07,47005.89
Shyamla Hills,4,3,1822,Fully Furnished,5-10 years,107.74,87955.16
chuna bhatti,2,2,800,Semi Furnished,5-10 years,44.41,42067.57
Avadhpuri,4,3,1635,Unfurnished,5-10 years,74.62,73774.04
Roshanpura,2,2,996,Fully Furnished,10+ years,47.04,47373.3
Indrapuri,4,3,2119,Unfurnished,5-10 years,101.41,96054.34
Kamla Nagar,1,1,475,Semi Furnished,New,27.34,32573.88
Shanti Nagar,4,3,2057,Fully Furnished,1-5 years,115.75,109960.64
Vikas Nagar,4,3,1559,Unfurnished,1-5 years,101.6,108088.04
Gandhi nagar,3,3,1551,Fully Furnished,1-5 years,82.76,86982.27
New market,5,4,2633,Fully Furnished,10+ years,135.45,146855.33
Service road,4,3,1862,Unfurnished,10+ years,87.03,83613.67
Chuna Bhatti,2,2,1036,Unfurnished,New,47.9,46049.75
Shivaji Nagar,4,3,1840,Fully Furnished,1-5 years,123.89,145038.07
Gandhi nagar,5,4,2720,Fully Furnished,New,161.51,188310.62
MP Nagar,3,3,1596,Unfurnished,5-10 years,73.42,60856.02
VIP road,3,3,1467,Unfurnished,1-5 years,88.0,79848.58
Ayodhya nagar,4,3,2099,Unfurnished,New,105.13,117183.43
Shyamla Hills,3,3,1539,Unfurnished,5-10 years,80.88,89942.35
Lalghati,3,3,1187,Unfurnished,New,58.92,58249.32
jahangirabad,5,4,2388,Unfurnished,New,127.35,119577.29
Saket nagar,1,1,539,Unfurnished,New,36.42,41810.63
Indrapuri,1,1,722,Fully Furnished,1-5 years,36.29,41895.67
Vikas Nagar,2,2,1173,Fully Furnished,5-10 years,61.48,56071.34
Bairagarh,5,4,2024,Fully Furnished,1-5 years,119.9,118648.85
Saket nagar,2,2,1059,Semi Furnished,1-5 years,71.22,77424.78
Piplani,4,3,2121,Unfurnished,10+ years,95.01,113226.8
jahangirabad,4,3,1627,Semi Furnished,1-5 years,91.34,96258.22
char Imli,4,3,1735,Fully Furnished,1-5 years,106.68,92370.0
Bittan Market,4,3,1490,Unfurnished,New,61.73,70797.96
Indrapuri,3,3,1071,Unfurnished,10+ years,73.97,66535.73
ibrahimpura,1,1,618,Semi Furnished,New,25.84,26005.09
Arera Colony,3,3,1459,Unfurnished,1-5 years,58.98,69770.64
Chuna Bhatti,3,3,1463,Fully Furnished,1-5 years,78.11,84529.61
New market,4,3,1659,Semi Furnished,10+ years,106.85,104363.07
sultaniya road,2,2,719,Unfurnished,5-10 years,37.19,39050.16
chuna bhatti,5,4,2001,Fully Furnished,5-10 years,106.2,90570.72
Ashoka garden,4,3,1612,Unfurnished,New,100.71,115393.06
Arjun Nagar,4,3,2154,Fully Furnished,10+ years,117.3,133522.4
Ratnagiri,3,3,1452,Unfurnished,1-5 years,74.45,88482.42
chuna bhatti,2,2,846,Unfurnished,1-5 years,51.79,52797.76
Shivaji Nagar,1,1,407,Fully Furnished,5-10 years,18.46,21025.85
Gandhi nagar,2,2,798,Unfurnished,New,52.03,48871.35
Piplani,2,2,1005,Semi Furnished,New,44.82,43215.85
Gandhi nagar,4,3,1538,Unfurnished,1-5 years,103.01,86302.81
Vikas Nagar,5,4,2711,Fully Furnished,New,150.13,168851.8
Service road,4,3,1440,Unfurnished,5-10 years,71.95,71310.8
Barkheda,5,4,2534,Semi Furnished,1-5 years,112.66,96214.34
VIP road,2,2,1185,Fully Furnished,5-10 years,48.57,46021.08
Arera Colony,4,3,1459,Fully Furnished,10+ years,82.45,79080.46
Gandhi nagar,4,3,1951,Fully Furnished,10+ years,94.54,106264.13
Ayodhya nagar,5,4,2885,Semi Furnished,5-10 years,177.84,156680.76
Shivaji Nagar,3,3,1345,Fully Furnished,1-5 years,65.55,67251.0
Gandhi nagar,2,2,725,Unfurnished,New,50.1,53225.54
Chuna Bhatti,4,3,1821,Unfurnished,1-5 years,87.69,89979.75
Narela,4,3,1977,Unfurnished,10+ years,119.35,112292.03
Ayodhya nagar,4,3,1415,Fully Furnished,New,69.11,77206.25
Shivaji Nagar,2,2,742,Fully Furnished,New,33.27,31657.07
Arera Colony,5,4,2650,Semi Furnished,5-10 years,136.73,142170.93
Ratnagiri,3,3,1295,Semi Furnished,1-5 years,71.41,67560.3
Bittan Market,3,3,1511,Semi Furnished,1-5 years,64.57,55357.46
Shivaji Nagar,1,1,580,Semi Furnished,1-5 years,40.1,46532.61
Habibganj,2,2,1026,Semi Furnished,5-10 years,58.59,61022.7
Vijay nagar,4,3,2020,Unfurnished,New,89.82,104773.62
eidgah hills,5,4,2861,Fully Furnished,New,169.14,141826.02
Barkheda,2,2,924,Unfurnished,10+ years,53.51,53634.92
Lalghati,2,2,1042,Semi Furnished,5-10 years,59.37,60443.43
sultaniya road,5,4,2550,Semi Furnished,1-5 years,130.53,124959.05
Kolar Road,5,4,2559,Semi Furnished,10+ years,151.94,170939.53
Minal,5,4,2460,Unfurnished,New,138.04,131191.05
Barkheda,2,2,868,Unfurnished,5-10 years,46.81,39807.99
eidgah hills,5,4,2885,Semi Furnished,New,180.54,191322.38
Bawadiya Kalan,2,2,1046,Semi Furnished,New,51.54,41427.33
Shyamla Hills,3,3,1599,Fully Furnished,5-10 years,64.47,58933.3
Gulmohar,3,3,1428,Semi Furnished,5-10 years,68.3,57333.42
Habibganj,4,3,1510,Semi Furnished,5-10 years,76.07,90572.73
Shanti Nagar,4,3,1599,Unfurnished,1-5 years,76.3,65426.04
Misrod,3,3,1578,Semi Furnished,10+ years,107.13,125621.35
Avadhpuri,1,1,708,Fully Furnished,1-5 years,40.95,37955.74
Bittan Market,2,2,1186,Fully Furnished,5-10 years,48.31,52568.91
Prabhat petrol pump,2,2,1174,Unfurnished,1-5 years,52.72,43989.41
Barkheda,5,4,2158,Unfurnished,10+ years,125.75,122844.69
Minal,1,1,573,Unfurnished,New,25.57,22266.86
Anand nagar,5,4,2552,Fully Furnished,New,140.34,137895.53
Arera Colony,4,3,1796,Unfurnished,10+ years,98.26,95031.4
Sonagiri,5,4,2214,Unfurnished,5-10 years,123.77,126020.58
Narela,2,2,993,Unfurnished,10+ years,40.16,38502.58
Chuna Bhatti,2,2,1199,Unfurnished,1-5 years,78.45,85157.96
Govindpura,5,4,2496,Fully Furnished,5-10 years,130.79,112073.29
Ayodhya bypass,4,3,2054,Fully Furnished,1-5 years,86.27,97540.9
Avadhpuri,2,2,1066,Semi Furnished,1-5 years,45.44,41702.15
chuna bhatti,5,4,2258,Unfurnished,New,106.41,102745.96
Bairagarh,4,3,1443,Semi Furnished,10+ years,99.17,97836.2
Arera Colony,1,1,419,Unfurnished,5-10 years,27.45,31557.78
Hoshangabad Road,5,4,2462,Unfurnished,New,148.55,169567.17
New market,1,1,731,Fully Furnished,5-10 years,38.64,40657.14
Narela,1,1,608,Unfurnished,1-5 years,24.7,24902.1
Shyamla Hills,5,4,2594,Semi Furnished,5-10 years,175.75,186355.74
char Imli,1,1,727,Fully Furnished,5-10 years,32.26,26306.38
Indrapuri,3,3,1236,Semi Furnished,1-5 years,55.43,49851.96
Narela,1,1,661,Unfurnished,1-5 years,42.19,43444.78
Sonagiri,4,3,2107,Semi Furnished,New,111.01,132620.99
MP Nagar,5,4,2808,Semi Furnished,1-5 years,167.77,152780.89
Bittan Market,3,3,1525,Unfurnished,5-10 years,80.86,84995.69
Lalghati,4,3,1803,Fully Furnished,1-5 years,78.39,80722.19
Bittan Market,2,2,995,Semi Furnished,10+ years,63.8,67033.97
Kolar Road,1,1,672,Semi Furnished,New,33.93,30409.24
Bittan Market,1,1,667,Semi Furnished,1-5 years,27.87,31381.49
eidgah hills,4,3,1565,Fully Furnished,1-5 years,77.29,72763.76
Nizamuddin colony,1,1,649,Semi Furnished,New,38.22,37274.76
Minal,5,4,2033,Semi Furnished,1-5 years,132.16,123727.82
Shivaji Nagar,2,2,960,Unfurnished,10+ years,56.77,55185.98
Avadhpuri,3,3,1236,Semi Furnished,10+ years,81.85,74535.31
Ashoka garden,2,2,936,Semi Furnished,5-10 years,42.44,40968.25
Vikas Nagar,5,4,2380,Fully Furnished,New,162.58,171229.88
eidgah hills,5,4,2686,Semi Furnished,5-10 years,138.65,143069.95
Ratnagiri,5,4,2551,Unfurnished,10+ years,154.8,146523.92
Indrapuri,4,3,1647,Unfurnished,New,88.44,93984.94
Kolar hills,1,1,516,Fully Furnished,New,35.93,28779.22
Shyamla Hills,5,4,2632,Semi Furnished,5-10 years,144.83,149785.11
ibrahimpura,2,2,967,Unfurnished,5-10 years,66.36,63082.57
Sonagiri,2,2,803,Fully Furnished,5-10 years,53.1,56534.92
sultaniya road,5,4,2519,Semi Furnished,5-10 years,151.24,150855.19
Karond,5,4,2914,Unfurnished,New,134.93,149597.24
Ratnagiri,5,4,2988,Fully Furnished,1-5 years,141.76,145007.6
Indrapuri,1,1,618,Unfurnished,5-10 years,29.35,32485.26
Ayodhya nagar,3,3,1111,Unfurnished,1-5 years,72.66,67313.28
Vijay nagar,3,3,1234,Unfurnished,New,85.28,79317.31
Piplani,5,4,2610,Fully Furnished,New,132.44,142145.25
Gulmohar,3,3,1087,Fully Furnished,10+ years,73.28,85592.98
Tajul masjid,4,3,1510,Unfurnished,1-5 years,103.41,94353.04
Kolar hills,1,1,646,Semi Furnished,10+ years,29.75,34157.01
chuna bhatti,4,3,1696,Semi Furnished,1-5 years,74.98,83241.64
Hoshangabad Road,3,3,1124,Semi Furnished,10+ years,69.01,57198.52
MP Nagar,3,3,1157,Unfurnished,New,77.3,79207.21
Karond,4,3,2019,Semi Furnished,1-5 years,125.58,111271.07
Vijay nagar,3,3,1425,Unfurnished,10+ years,63.59,69633.38
Shivaji Nagar,4,3,1457,Fully Furnished,New,80.76,76196.21
Tajul masjid,1,1,678,Unfurnished,10+ years,45.77,46404.91
Hoshangabad Road,4,3,1628,Fully Furnished,10+ years,89.11,91204.34
Hoshangabad Road,4,3,1596,Fully Furnished,New,107.21,112057.62
ibrahimpura,5,4,2752,Fully Furnished,New,171.59,194380.75
Barkheda,3,3,1354,Unfurnished,1-5 years,82.65,87574.34
Avadhpuri,3,3,1171,Fully Furnished,5-10 years,51.74,49246.95
Hoshangabad Road,3,3,1327,Semi Furnished,5-10 years,78.77,67595.61
Kolar Road,3,3,1527,Semi Furnished,New,92.05,92988.1
Roshanpura,3,3,1058,Unfurnished,1-5 years,59.9,60780.45
Hoshangabad Road,5,4,2053,Unfurnished,New,136.38,129588.32
eidgah hills,5,4,2107,Fully Furnished,5-10 years,132.18,118695.7
Ayodhya bypass,2,2,776,Unfurnished,5-10 years,48.42,49461.36
chuna bhatti,5,4,2352,Semi Furnished,5-10 years,94.76,101934.56
Service road,2,2,934,Unfurnished,5-10 years,48.84,52518.27
Ayodhya nagar,4,3,1752,Fully Furnished,1-5 years,82.41,81847.28
Govindpura,1,1,431,Unfurnished,5-10 years,27.52,24052.39
Avadhpuri,2,2,1161,Fully Furnished,10+ years,58.08,53963.87
Shyamla Hills,1,1,532,Fully Furnished,1-5 years,24.31,24165.94
Govindpura,4,3,1748,Semi Furnished,10+ years,96.2,83457.89
Misrod,5,4,2459,Fully Furnished,1-5 years,138.9,125508.67
Kolar Road,2,2,1100,Fully Furnished,New,53.39,49391.29
ibrahimpura,2,2,845,Fully Furnished,5-10 years,53.8,44574.43
Indrapuri,2,2,1005,Unfurnished,5-10 years,67.19,69069.14
Ashoka garden,5,4,2565,Fully Furnished,1-5 years,106.76,123888.0
Avadhpuri,5,4,2121,Fully Furnished,1-5 years,139.62,146004.15
Bittan Market,2,2,953,Unfurnished,10+ years,45.29,53787.74
eidgah hills,2,2,1079,Fully Furnished,5-10 years,63.39,59389.11
Lalghati,2,2,1113,Fully Furnished,5-10 years,68.58,69774.6
Service road,1,1,513,Semi Furnished,10+ years,25.85,29398.21
kohefiza,2,2,964,Fully Furnished,New,44.83,50181.63
New market,3,3,1415,Fully Furnished,1-5 years,66.63,64644.5
Anand nagar,1,1,531,Fully Furnished,5-10 years,33.21,33037.39
chuna bhatti,5,4,2630,Fully Furnished,New,143.52,163968.6
Shanti Nagar,4,3,1671,Fully Furnished,10+ years,100.01,111572.79
VIP road,1,1,795,Fully Furnished,10+ years,38.28,36718.76
Service road,5,4,2330,Unfurnished,5-10 years,111.9,98171.71
Barkheda,2,2,1113,Unfurnished,10+ years,48.2,49229.83
eidgah hills,4,3,1772,Unfurnished,1-5 years,89.68,73804.24
Ashoka garden,2,2,744,Unfurnished,10+ years,50.93,52975.04
Gandhi nagar,5,4,2761,Semi Furnished,5-10 years,169.36,185930.01
Kolar Road,5,4,2502,Unfurnished,1-5 years,118.92,141452.36
Chuna Bhatti,2,2,1119,Semi Furnished,New,44.79,42460.61
Ayodhya nagar,4,3,1705,Unfurnished,5-10 years,114.1,92897.24
Hoshangabad Road,5,4,2993,Unfurnished,5-10 years,121.29,124043.72
Habibganj,1,1,412,Unfurnished,5-10 years,18.61,18526.31
Kolar Road,5,4,2157,Fully Furnished,10+ years,137.75,151715.85
Kamla Nagar,4,3,1518,Unfurnished,5-10 years,76.23,63926.42
Nizamuddin colony,3,3,1388,Semi Furnished,1-5 years,81.0,86749.95
Indrapuri,2,2,1160,Fully Furnished,10+ years,50.4,59048.55
Ayodhya nagar,3,3,1437,Semi Furnished,1-5 years,98.07,87366.81
Govindpura,3,3,1164,Semi Furnished,New,57.75,52760.23
Avadhpuri,4,3,1786,Semi Furnished,10+ years,79.91,86358.16
Karond,3,3,1262,Semi Furnished,5-10 years,59.22,59918.72
sultaniya road,2,2,1180,Semi Furnished,New,70.14,68123.19
Bairagarh,3,3,1446,Fully Furnished,10+ years,88.7,98634.58
Nizamuddin colony,3,3,1432,Fully Furnished,New,87.56,100562.98
Roshanpura,2,2,830,Semi Furnished,1-5 years,49.55,40490.64
Lalghati,3,3,1176,Unfurnished,10+ years,68.4,55944.01
chuna bhatti,5,4,2816,Semi Furnished,1-5 years,160.95,188261.62
eidgah hills,3,3,1190,Unfurnished,5-10 years,71.91,78233.49
Habibganj,2,2,738,Semi Furnished,5-10 years,35.54,35619.13
Arera Colony,2,2,1028,Unfurnished,1-5 years,45.2,49895.83
Roshanpura,3,3,1073,Fully Furnished,10+ years,56.08,60882.36
eidgah hills,3,3,1422,Semi Furnished,5-10 years,80.35,94430.58
Bittan Market,5,4,2406,Unfurnished,5-10 years,147.18,120329.54
Nizamuddin colony,1,1,717,Fully Furnished,10+ years,46.75,48087.32
Nizamuddin colony,4,3,1545,Unfurnished,1-5 years,95.23,106586.63
Barkheda,3,3,1491,Semi Furnished,1-5 years,85.2,79435.84
Kamla Nagar,4,3,1468,Fully Furnished,New,72.09,70964.19
Kamla Nagar,1,1,438,Unfurnished,1-5 years,25.36,26812.46
jahangirabad,1,1,648,Fully Furnished,1-5 years,43.08,45577.43
Anand nagar,2,2,1146,Fully Furnished,10+ years,73.23,81668.37
Anand nagar,2,2,764,Fully Furnished,1-5 years,36.75,37037.16
Ayodhya bypass,3,3,1150,Semi Furnished,5-10 years,46.12,52396.04
Vijay nagar,1,1,429,Fully Furnished,5-10 years,21.8,23108.29
Avadhpuri,5,4,2086,Unfurnished,10+ years,141.84,163494.15
Arera Colony,5,4,2357,Fully Furnished,5-10 years,119.35,136277.03
VIP road,3,3,1226,Semi Furnished,New,57.59,48198.14
Ayodhya nagar,3,3,1465,Unfurnished,10+ years,92.01,80932.29
Bawadiya Kalan,5,4,2737,Unfurnished,10+ years,126.46,129324.99
Anand nagar,4,3,1633,Fully Furnished,5-10 years,70.27,77284.87
Indrapuri,2,2,1113,Fully Furnished,New,51.53,52166.55
Barkheda,4,3,2086,Unfurnished,5-10 years,111.22,130935.7
char Imli,4,3,2050,Unfurnished,10+ years,121.38,109645.0
Ashoka garden,3,3,1525,Fully Furnished,10+ years,77.8,83834.66
ibrahimpura,5,4,2644,Fully Furnished,10+ years,146.81,163861.67
Shivaji Nagar,4,3,2049,Fully Furnished,New,140.64,130490.36
Shyamla Hills,2,2,1109,Semi Furnished,1-5 years,44.39,40882.07
Minal,4,3,1602,Fully Furnished,5-10 years,107.69,127206.36
ibrahimpura,1,1,522,Semi Furnished,5-10 years,21.75,24940.78
Shanti Nagar,1,1,734,Unfurnished,10+ years,51.06,43460.36
eidgah hills,2,2,1188,Semi Furnished,New,52.51,54267.09
chuna bhatti,3,3,1314,Fully Furnished,New,67.54,58655.42
Avadhpuri,1,1,585,Unfurnished,10+ years,36.51,40977.6
Hoshangabad Road,5,4,2748,Fully Furnished,10+ years,171.44,199007.73
Nizamuddin colony,2,2,1184,Unfurnished,5-10 years,55.95,56078.97
Karond,3,3,1424,Unfurnished,10+ years,85.6,97015.12
kohefiza,3,3,1592,Unfurnished,5-10 years,100.51,110591.9
Karond,5,4,2632,Semi Furnished,New,134.4,132638.66
Barkheda,5,4,2005,Fully Furnished,5-10 years,100.21,98762.24
Arera Colony,3,3,1179,Fully Furnished,New,61.63,49814.64
Bawadiya Kalan,2,2,1161,Unfurnished,10+ years,48.61,52886.71
jahangirabad,5,4,2924,Semi Furnished,5-10 years,200.41,223518.63
Shyamla Hills,2,2,716,Unfurnished,10+ years,42.72,44688.52
Minal,2,2,1097,Semi Furnished,10+ years,46.9,39319.75
New market,2,2,1093,Semi Furnished,10+ years,50.58,52987.61
Karond,2,2,917,Fully Furnished,1-5 years,40.36,47995.28
Prabhat petrol pump,2,2,1033,Fully Furnished,1-5 years,69.22,65561.81
Shyamla Hills,1,1,538,Unfurnished,1-5 years,36.0,39400.81
Bittan Market,2,2,1126,Fully Furnished,New,45.7,41823.05
Ayodhya bypass,5,4,2101,Semi Furnished,New,134.88,112841.64
Avadhpuri,3,3,1054,Semi Furnished,New,65.07,64531.6
Avadhpuri,3,3,1501,Unfurnished,1-5 years,69.28,58732.52
Prabhat petrol pump,5,4,2231,Fully Furnished,10+ years,152.81,124916.33
Narela,3,3,1359,Semi Furnished,1-5 years,59.24,54802.21
Govindpura,2,2,1130,Unfurnished,10+ years,57.43,51451.75
Tajul masjid,2,2,1142,Fully Furnished,1-5 years,74.51,78456.15
Barkheda,1,1,563,Semi Furnished,10+ years,22.81,22031.87
Bairagarh,4,3,1542,Unfurnished,New,74.0,60393.25
Ashoka garden,3,3,1353,Semi Furnished,1-5 years,94.48,85092.57
char Imli,2,2,770,Semi Furnished,1-5 years,39.54,38764.5
VIP road,1,1,706,Semi Furnished,New,38.1,39324.59
Barkheda,3,3,1087,Unfurnished,New,51.32,41263.08
Indrapuri,3,3,1346,Fully Furnished,1-5 years,76.9,72121.36
Karond,3,3,1232,Fully Furnished,1-5 years,79.44,90857.26
Anand nagar,3,3,1597,Unfurnished,New,93.8,109053.79
Barkheda,1,1,406,Semi Furnished,10+ years,17.15,15146.9
Bittan Market,2,2,713,Unfurnished,10+ years,34.85,39257.48
Tajul masjid,2,2,1124,Unfurnished,New,74.91,70858.89
Kolar Road,5,4,2589,Semi Furnished,10+ years,140.12,162803.29
Vikas Nagar,5,4,2731,Fully Furnished,5-10 years,149.47,172709.6
Shivaji Nagar,4,3,2051,Unfurnished,1-5 years,107.22,104272.31
Bittan Market,4,3,1720,Unfurnished,1-5 years,108.17,104457.8
Arjun Nagar,2,2,767,Semi Furnished,New,37.26,37639.09
Kolar hills,4,3,1697,Semi Furnished,New,113.74,127026.82
jahangirabad,4,3,1886,Unfurnished,10+ years,93.72,96483.4
Ashoka garden,4,3,1446,Semi Furnished,10+ years,86.12,72425.15
Roshanpura,1,1,588,Semi Furnished,10+ years,25.11,25946.63
Bairagarh,1,1,421,Semi Furnished,5-10 years,17.86,18434.19
Vijay nagar,1,1,600,Fully Furnished,10+ years,41.61,49467.09
jahangirabad,5,4,2706,Unfurnished,New,126.0,121201.2
Narela,4,3,1869,Fully Furnished,1-5 years,109.79,121218.07
Lalghati,4,3,1659,Unfurnished,1-5 years,73.85,77193.41
Roshanpura,4,3,1989,Unfurnished,10+ years,132.74,158618.69
Lalghati,4,3,1708,Fully Furnished,New,95.6,85061.18
VIP road,1,1,509,Unfurnished,5-10 years,26.49,24201.36
Lalghati,1,1,606,Fully Furnished,10+ years,30.47,35338.5
Roshanpura,3,3,1116,Fully Furnished,10+ years,62.17,67661.71
Ashoka garden,4,3,1400,Semi Furnished,1-5 years,57.09,65262.31
Anand nagar,2,2,933,Semi Furnished,10+ years,58.61,60175.66
Gulmohar,3,3,1294,Semi Furnished,1-5 years,89.41,107213.03
Ashoka garden,2,2,955,Unfurnished,1-5 years,63.51,60961.1
eidgah hills,4,3,1539,Semi Furnished,5-10 years,64.95,77360.66
chuna bhatti,4,3,2112,Unfurnished,New,85.46,68796.93
Service road,2,2,984,Fully Furnished,1-5 years,62.36,73220.22
Shanti Nagar,1,1,722,Semi Furnished,1-5 years,31.23,29769.27
Gulmohar,3,3,1415,Fully Furnished,New,60.72,67105.31
Minal,2,2,951,Fully Furnished,New,43.33,39287.2
Shyamla Hills,1,1,590,Fully Furnished,10+ years,39.63,39505.63
Ashoka garden,5,4,2399,Unfurnished,10+ years,149.75,154443.26
Sonagiri,5,4,2965,Unfurnished,1-5 years,159.93,187435.42
Anand nagar,1,1,650,Fully Furnished,10+ years,28.81,28329.76
Bawadiya Kalan,3,3,1584,Semi Furnished,New,99.63,118369.3
Kolar hills,2,2,1081,Unfurnished,10+ years,55.95,62953.95
Service road,3,3,1168,Fully Furnished,New,52.6,54290.26
Bawadiya Kalan,4,3,1840,Fully Furnished,1-5 years,117.16,96543.97
Bittan Market,1,1,655,Semi Furnished,10+ years,28.45,24603.73
Gandhi nagar,2,2,1107,Fully Furnished,5-10 years,62.28,70579.17
Ayodhya nagar,5,4,2169,Unfurnished,5-10 years,147.03,133593.05
Hoshangabad Road,3,3,1196,Semi Furnished,New,83.13,73237.14
Ayodhya bypass,3,3,1491,Unfurnished,1-5 years,97.64,114113.2
Kolar Road,5,4,2280,Semi Furnished,New,130.96,139120.04
Prabhat petrol pump,5,4,2730,Fully Furnished,10+ years,176.47,143654.94
Chuna Bhatti,5,4,2351,Fully Furnished,5-10 years,96.02,102539.24
Avadhpuri,3,3,1344,Unfurnished,New,77.15,88450.17
jahangirabad,3,3,1412,Unfurnished,1-5 years,85.71,76466.75
Shanti Nagar,5,4,2944,Semi Furnished,10+ years,204.35,188736.1
char Imli,3,3,1283,Semi Furnished,New,59.3,65085.26
Shanti Nagar,2,2,1022,Semi Furnished,5-10 years,46.06,39608.11
Ayodhya bypass,1,1,530,Semi Furnished,New,36.42,33130.05
Anand nagar,2,2,783,Unfurnished,5-10 years,52.0,56058.17
Kolar hills,2,2,737,Fully Furnished,10+ years,41.84,45113.35
Avadhpuri,5,4,2182,Unfurnished,5-10 years,129.62,134840.04
Shivaji Nagar,4,3,2053,Semi Furnished,5-10 years,94.63,92141.1
Kolar hills,3,3,1399,Semi Furnished,10+ years,80.36,80665.05
Indrapuri,3,3,1502,Semi Furnished,New,98.66,86889.96
Vijay nagar,2,2,864,Unfurnished,5-10 years,48.14,51386.57
Lalghati,2,2,1098,Fully Furnished,5-10 years,66.11,75525.84
New market,4,3,2188,Fully Furnished,1-5 years,150.54,173929.18
Narela,2,2,779,Fully Furnished,New,39.95,47091.03
Vikas Nagar,5,4,2297,Fully Furnished,1-5 years,158.22,184463.92
Arjun Nagar,3,3,1303,Fully Furnished,10+ years,58.03,62216.88
Bittan Market,4,3,1597,Fully Furnished,10+ years,75.62,68163.57
Barkheda,4,3,1602,Semi Furnished,10+ years,102.88,112899.93
Indrapuri,4,3,1982,Semi Furnished,5-10 years,128.19,129975.61
VIP road,5,4,2404,Fully Furnished,5-10 years,165.45,183711.1
Sonagiri,2,2,880,Semi Furnished,10+ years,50.93,49698.68
New market,2,2,874,Unfurnished,New,57.39,55158.34
jahangirabad,2,2,798,Unfurnished,New,42.12,37567.87
Bittan Market,4,3,1953,Unfurnished,10+ years,100.24,85884.47
New market,4,3,1420,Semi Furnished,1-5 years,59.42,69372.3
Shivaji Nagar,1,1,536,Semi Furnished,5-10 years,27.6,25282.98
Chuna Bhatti,5,4,2364,Semi Furnished,10+ years,126.31,127666.01
Anand nagar,1,1,696,Semi Furnished,1-5 years,44.6,50168.32
Barkheda,1,1,695,Fully Furnished,New,35.0,37573.33
Lalghati,2,2,1101,Fully Furnished,New,48.94,49674.65
sultaniya road,1,1,558,Semi Furnished,5-10 years,32.83,34910.57
Anand nagar,5,4,2806,Fully Furnished,10+ years,140.04,121775.23
Avadhpuri,3,3,1303,Semi Furnished,New,58.97,66417.04
Govindpura,3,3,1006,Fully Furnished,10+ years,45.89,42754.53
Barkheda,2,2,1029,Fully Furnished,10+ years,64.62,74776.84
Shanti Nagar,5,4,2266,Unfurnished,10+ years,115.32,93277.77
Barkheda,1,1,710,Semi Furnished,5-10 years,37.41,41429.45
Arera Colony,4,3,2043,Fully Furnished,10+ years,140.44,162163.42
Shanti Nagar,5,4,2092,Unfurnished,5-10 years,145.77,156225.3
Service road,3,3,1134,Semi Furnished,1-5 years,69.83,69559.0
Ratnagiri,5,4,2531,Fully Furnished,10+ years,120.73,110668.47
Habibganj,5,4,2055,Unfurnished,5-10 years,118.16,105840.83
Barkheda,5,4,2275,Semi Furnished,New,122.9,104952.46
Arjun Nagar,4,3,1556,Semi Furnished,New,98.28,86464.48
Gandhi nagar,3,3,1178,Unfurnished,1-5 years,78.65,82718.88
ibrahimpura,3,3,1167,Semi Furnished,10+ years,57.92,48767.93
Gulmohar,1,1,686,Semi Furnished,New,33.62,39745.06
Tajul masjid,4,3,1991,Unfurnished,5-10 years,86.23,70336.29
Vikas Nagar,1,1,487,Semi Furnished,5-10 years,21.82,22606.93
Ratnagiri,3,3,1186,Semi Furnished,5-10 years,64.38,55332.56
Vijay nagar,3,3,1423,Unfurnished,5-10 years,95.32,98101.69
Gandhi nagar,3,3,1225,Fully Furnished,10+ years,73.61,87123.95
eidgah hills,5,4,2630,Fully Furnished,New,178.42,201360.17
Vikas Nagar,5,4,2243,Semi Furnished,5-10 years,127.2,144132.06
Ayodhya bypass,4,3,1547,Unfurnished,5-10 years,99.64,104527.68
Misrod,4,3,2021,Fully Furnished,10+ years,128.09,153415.39
Bawadiya Kalan,5,4,2283,Semi Furnished,1-5 years,155.77,143235.99
Habibganj,5,4,2923,Unfurnished,10+ years,161.45,166095.48
Lalghati,3,3,1310,Semi Furnished,10+ years,61.07,58524.25
Nizamuddin colony,5,4,2806,Fully Furnished,New,181.83,158676.94
Gandhi nagar,3,3,1562,Unfurnished,5-10 years,79.21,71522.53
Anand nagar,1,1,579,Unfurnished,New,39.32,31602.26
Chuna Bhatti,5,4,2846,Unfurnished,10+ years,174.22,189862.92
Indrapuri,4,3,2178,Semi Furnished,5-10 years,103.22,107063.86
Tajul masjid,2,2,708,Fully Furnished,5-10 years,46.39,46372.18
Kolar hills,3,3,1027,Unfurnished,1-5 years,64.81,66909.17
Roshanpura,3,3,1561,Unfurnished,1-5 years,76.16,70897.81
Vijay nagar,3,3,1492,Semi Furnished,5-10 years,81.35,89183.16
MP Nagar,2,2,1167,Fully Furnished,1-5 years,53.3,43415.14
MP Nagar,4,3,2087,Fully Furnished,1-5 years,104.35,107853.8
Gandhi nagar,5,4,2070,Unfurnished,5-10 years,90.24,106963.98
Anand nagar,4,3,1593,Semi Furnished,10+ years,86.35,95199.23
Tajul masjid,2,2,737,Unfurnished,10+ years,41.37,34452.41
Barkheda,5,4,2414,Semi Furnished,10+ years,154.12,159336.83
Ayodhya nagar,4,3,1673,Semi Furnished,5-10 years,94.17,82254.4
Ayodhya bypass,5,4,2192,Fully Furnished,10+ years,93.89,90330.41
Sonagiri,1,1,577,Fully Furnished,1-5 years,29.14,25972.83
Govindpura,5,4,2315,Unfurnished,New,159.9,128477.84
Minal,2,2,1105,Unfurnished,10+ years,73.39,65087.68
New market,2,2,740,Semi Furnished,10+ years,34.34,37560.03
Tajul masjid,3,3,1043,Semi Furnished,5-10 years,53.23,60929.67
Minal,5,4,2577,Fully Furnished,New,133.24,137916.54
Govindpura,4,3,1438,Semi Furnished,New,92.95,105828.74
New market,3,3,1097,Fully Furnished,New,51.33,50276.49
Indrapuri,1,1,449,Unfurnished,1-5 years,26.11,25282.87
Arera Colony,2,2,828,Unfurnished,1-5 years,38.87,42204.74
Indrapuri,1,1,736,Unfurnished,1-5 years,37.33,37385.88
Lalghati,1,1,532,Fully Furnished,5-10 years,22.22,21633.56
MP Nagar,3,3,1465,Fully Furnished,5-10 years,100.82,109812.47
Arjun Nagar,1,1,778,Unfurnished,New,37.64,36376.45
chuna bhatti,4,3,1808,Unfurnished,New,119.2,132839.26
Gandhi nagar,2,2,956,Semi Furnished,New,54.38,50106.82
Arera Colony,2,2,1052,Fully Furnished,New,49.38,41825.04
Karond,4,3,1741,Fully Furnished,New,108.01,97013.85
chuna bhatti,3,3,1458,Unfurnished,5-10 years,75.87,63020.62
kohefiza,4,3,2071,Fully Furnished,5-10 years,117.95,127379.74
kohefiza,1,1,474,Semi Furnished,10+ years,19.08,17717.76
Chuna Bhatti,3,3,1493,Unfurnished,10+ years,74.25,77474.89
char Imli,3,3,1130,Fully Furnished,5-10 years,55.78,57743.49
Karond,2,2,1113,Unfurnished,5-10 years,51.47,45401.21
Chuna Bhatti,5,4,2972,Fully Furnished,New,195.61,223729.47
MP Nagar,3,3,1200,Semi Furnished,1-5 years,56.24,53526.74
jahangirabad,4,3,1973,Unfurnished,1-5 years,83.15,69624.23
Bittan Market,1,1,625,Semi Furnished,10+ years,41.99,45167.39
VIP road,2,2,964,Fully Furnished,1-5 years,38.6,43265.44
Kolar hills,1,1,511,Semi Furnished,New,30.46,31003.89
Govindpura,4,3,1478,Semi Furnished,5-10 years,71.0,58381.08
Habibganj,3,3,1452,Fully Furnished,New,85.37,78331.92
Habibganj,2,2,876,Fully Furnished,New,42.74,45787.95
Vijay nagar,5,4,2065,Fully Furnished,1-5 years,116.36,110341.61
Kamla Nagar,1,1,545,Fully Furnished,1-5 years,32.83,29402.04
ibrahimpura,4,3,1456,Fully Furnished,5-10 years,97.66,94883.0
Ashoka garden,2,2,999,Fully Furnished,10+ years,67.05,71402.31
Kamla Nagar,1,1,611,Semi Furnished,New,36.53,35617.74
ibrahimpura,5,4,2451,Fully Furnished,New,153.14,128289.1
Shyamla Hills,2,2,975,Unfurnished,10+ years,61.24,52606.93
Shivaji Nagar,4,3,1682,Fully Furnished,5-10 years,92.95,107961.84
Misrod,3,3,1324,Fully Furnished,New,91.71,102649.0
Karond,2,2,766,Fully Furnished,5-10 years,47.78,38763.1
Avadhpuri,5,4,2646,Fully Furnished,1-5 years,155.59,162073.2
Narela,3,3,1435,Unfurnished,5-10 years,84.06,91239.3
Indrapuri,5,4,2893,Unfurnished,New,172.94,207074.06
Avadhpuri,3,3,1032,Fully Furnished,10+ years,51.04,42011.35
Bawadiya Kalan,5,4,2318,Fully Furnished,1-5 years,105.32,86023.09
Ratnagiri,2,2,1057,Unfurnished,New,54.26,51431.82
Gulmohar,4,3,1406,Semi Furnished,5-10 years,82.08,67042.93
Barkheda,5,4,2191,Fully Furnished,5-10 years,108.64,125700.89
Ayodhya bypass,1,1,711,Semi Furnished,10+ years,35.53,32473.0
Prabhat petrol pump,1,1,435,Fully Furnished,10+ years,24.7,25288.61
Ratnagiri,1,1,626,Unfurnished,1-5 years,42.02,38582.76
Ayodhya bypass,5,4,2692,Unfurnished,10+ years,159.48,133980.61
Kolar hills,2,2,1073,Unfurnished,5-10 years,55.91,59894.36
Prabhat petrol pump,4,3,1568,Semi Furnished,10+ years,98.96,103682.68
Indrapuri,1,1,720,Unfurnished,10+ years,41.36,40339.42
Habibganj,1,1,565,Semi Furnished,5-10 years,27.16,24647.44
Govindpura,1,1,653,Fully Furnished,5-10 years,43.24,48767.46
Nizamuddin colony,3,3,1253,Unfurnished,5-10 years,79.94,73827.22
Minal,1,1,780,Fully Furnished,New,34.44,33861.99
Saket nagar,3,3,1338,Fully Furnished,New,76.52,65390.79
Barkheda,2,2,989,Unfurnished,5-10 years,43.98,48312.47
Ratnagiri,5,4,2675,Semi Furnished,5-10 years,145.63,161918.28
Tajul masjid,1,1,613,Fully Furnished,1-5 years,35.57,41417.66
sultaniya road,4,3,1669,Fully Furnished,5-10 years,71.98,60873.21
chuna bhatti,1,1,518,Fully Furnished,5-10 years,30.84,28851.91
Lalghati,5,4,2002,Semi Furnished,10+ years,124.56,131912.85
Arjun Nagar,5,4,2042,Unfurnished,10+ years,107.39,107510.54
Chuna Bhatti,3,3,1466,Fully Furnished,New,65.96,75420.69
ibrahimpura,4,3,1610,Fully Furnished,5-10 years,94.91,84208.11
Ratnagiri,1,1,686,Unfurnished,New,47.55,50196.44
Saket nagar,5,4,2848,Semi Furnished,1-5 years,182.41,185051.38
Shyamla Hills,5,4,2870,Unfurnished,10+ years,129.91,136536.34
Ayodhya bypass,5,4,2667,Semi Furnished,New,183.2,149044.59
Shivaji Nagar,4,3,1406,Unfurnished,1-5 years,87.96,101748.16
Sonagiri,1,1,649,Unfurnished,10+ years,26.9,25837.63
MP Nagar,4,3,1748,Semi Furnished,5-10 years,98.62,107213.68
Ayodhya bypass,2,2,886,Unfurnished,10+ years,59.26,58376.21
Karond,5,4,2984,Fully Furnished,5-10 years,192.39,226052.56
chuna bhatti,2,2,852,Semi Furnished,1-5 years,47.93,48257.05
Lalghati,1,1,691,Fully Furnished,1-5 years,44.16,38761.3
Narela,4,3,1502,Unfurnished,1-5 years,96.67,99388.22
Shivaji Nagar,5,4,2466,Unfurnished,1-5 years,107.01,119726.68
Misrod,3,3,1344,Fully Furnished,10+ years,90.05,80905.25
MP Nagar,3,3,1542,Unfurnished,10+ years,73.64,61593.98
Bawadiya Kalan,3,3,1069,Unfurnished,New,57.72,63456.79
VIP road,1,1,545,Semi Furnished,10+ years,35.91,42729.92
Shivaji Nagar,4,3,1892,Semi Furnished,1-5 years,120.69,102932.08
Gandhi nagar,4,3,1997,Fully Furnished,5-10 years,110.79,131211.16
Kolar Road,1,1,429,Semi Furnished,10+ years,28.01,29125.04
Arera Colony,1,1,558,Semi Furnished,5-10 years,29.87,34228.98
Avadhpuri,2,2,1120,Fully Furnished,10+ years,68.17,72658.45
Ayodhya nagar,4,3,1950,Semi Furnished,10+ years,133.83,109238.0
Shyamla Hills,4,3,1549,Unfurnished,New,105.58,93724.38
Nizamuddin colony,1,1,746,Semi Furnished,5-10 years,46.15,41502.8
Nizamuddin colony,2,2,1185,Unfurnished,1-5 years,73.79,85080.26
New market,1,1,616,Semi Furnished,5-10 years,33.41,27261.72
New market,3,3,1454,Fully Furnished,1-5 years,73.68,74089.68
Bawadiya Kalan,4,3,2171,Fully Furnished,10+ years,146.57,158089.17
Govindpura,5,4,2209,Semi Furnished,10+ years,90.29,101470.9
Nizamuddin colony,3,3,1493,Semi Furnished,5-10 years,71.98,72802.84
New market,1,1,643,Unfurnished,10+ years,44.84,46533.81
sultaniya road,3,3,1289,Semi Furnished,New,90.14,94136.08
Roshanpura,3,3,1201,Unfurnished,10+ years,75.39,68540.37
Gandhi nagar,3,3,1526,Semi Furnished,1-5 years,96.41,109301.83
Misrod,4,3,2009,Semi Furnished,10+ years,123.84,107265.83
Govindpura,2,2,902,Semi Furnished,5-10 years,41.66,40372.43
sultaniya road,4,3,1638,Semi Furnished,New,93.39,95185.78
jahangirabad,4,3,1866,Semi Furnished,10+ years,122.01,119323.7
Gandhi nagar,1,1,601,Semi Furnished,10+ years,30.2,35274.49
Vijay nagar,5,4,2070,Unfurnished,1-5 years,98.83,83238.84
Lalghati,2,2,1015,Fully Furnished,New,41.69,35464.3
Shanti Nagar,1,1,669,Fully Furnished,10+ years,34.87,38080.11
Saket nagar,3,3,1114,Fully Furnished,New,53.23,49063.31
Gandhi nagar,4,3,2133,Unfurnished,1-5 years,135.91,113249.44
Lalghati,3,3,1161,Unfurnished,10+ years,60.42,50424.47
Ayodhya bypass,1,1,478,Semi Furnished,1-5 years,32.79,37117.08
kohefiza,5,4,2084,Fully Furnished,New,133.96,125048.43
ibrahimpura,2,2,747,Semi Furnished,5-10 years,41.75,39749.46
Ayodhya bypass,4,3,1451,Semi Furnished,1-5 years,94.81,110049.8
VIP road,2,2,728,Fully Furnished,10+ years,43.6,51761.92
Minal,2,2,803,Semi Furnished,New,44.76,39988.37
Service road,2,2,799,Fully Furnished,10+ years,43.35,45295.22
Minal,2,2,921,Fully Furnished,New,48.07,53479.65
Hoshangabad Road,2,2,872,Unfurnished,5-10 years,40.6,34529.74
Ayodhya bypass,3,3,1282,Fully Furnished,10+ years,71.54,69655.18
Shanti Nagar,1,1,752,Fully Furnished,10+ years,30.89,34983.53
Ayodhya bypass,4,3,1903,Fully Furnished,New,78.73,69205.77
kohefiza,5,4,2418,Fully Furnished,10+ years,130.11,113434.12
Karond,5,4,2101,Unfurnished,10+ years,139.55,151689.43
Kolar Road,4,3,1606,Semi Furnished,5-10 years,95.44,114021.82
jahangirabad,2,2,1069,Unfurnished,New,52.14,48610.87
MP Nagar,2,2,700,Semi Furnished,1-5 years,40.85,42980.22
Arjun Nagar,3,3,1049,Semi Furnished,5-10 years,54.95,50806.47
Service road,3,3,1400,Unfurnished,5-10 years,95.25,104481.63
Indrapuri,3,3,1434,Fully Furnished,1-5 years,94.22,86640.58
ibrahimpura,2,2,953,Fully Furnished,5-10 years,48.16,40063.39
Piplani,2,2,889,Unfurnished,10+ years,59.32,70929.85
Ratnagiri,2,2,1109,Fully Furnished,10+ years,74.97,87049.4
Vijay nagar,2,2,720,Fully Furnished,New,43.89,45236.18
Habibganj,5,4,2722,Semi Furnished,1-5 years,176.57,157090.89
Nizamuddin colony,3,3,1287,Fully Furnished,1-5 years,72.89,73416.01
New market,3,3,1455,Semi Furnished,New,95.44,78661.53
Kolar hills,5,4,2044,Fully Furnished,5-10 years,138.85,111241.76
Arera Colony,5,4,2205,Semi Furnished,5-10 years,123.45,140814.84
Kolar hills,2,2,777,Semi Furnished,New,38.36,43194.23
Misrod,4,3,2135,Semi Furnished,1-5 years,122.48,146506.63
Shanti Nagar,3,3,1588,Fully Furnished,10+ years,67.04,54215.88
Kolar Road,1,1,749,Unfurnished,10+ years,39.56,39098.31
Bittan Market,4,3,1931,Fully Furnished,5-10 years,93.01,93684.52
Kolar hills,2,2,928,Unfurnished,1-5 years,49.46,53833.17
Habibganj,1,1,428,Unfurnished,5-10 years,26.68,25894.15
New market,2,2,1118,Fully Furnished,10+ years,61.45,60394.2
char Imli,3,3,1331,Semi Furnished,New,62.25,50684.2
Bittan Market,1,1,749,Unfurnished,5-10 years,43.68,48656.83
Saket nagar,2,2,796,Semi Furnished,New,50.75,54475.24
Roshanpura,3,3,1096,Unfurnished,10+ years,66.74,61952.3
Govindpura,1,1,454,Semi Furnished,5-10 years,23.85,20489.49
Tajul masjid,3,3,1594,Semi Furnished,New,107.54,95781.83
Saket nagar,5,4,2921,Semi Furnished,5-10 years,193.82,226761.14
Arera Colony,3,3,1525,Semi Furnished,5-10 years,105.66,121971.61
Gandhi nagar,3,3,1012,Semi Furnished,1-5 years,46.15,49823.69
Kamla Nagar,5,4,2036,Semi Furnished,New,122.5,125063.41
Kolar hills,4,3,1937,Unfurnished,New,108.77,87241.73
Govindpura,2,2,726,Fully Furnished,10+ years,35.52,29211.46
Habibganj,2,2,738,Fully Furnished,1-5 years,40.86,39096.48
Chuna Bhatti,5,4,2263,Semi Furnished,10+ years,117.61,119930.51
VIP road,1,1,564,Unfurnished,1-5 years,22.95,19740.27
jahangirabad,5,4,2351,Semi Furnished,1-5 years,130.02,119920.8
Arera Colony,2,2,1158,Fully Furnished,10+ years,72.95,74107.14
Minal,2,2,1159,Fully Furnished,New,80.81,74045.1
Lalghati,1,1,589,Fully Furnished,1-5 years,30.12,28354.39
Shyamla Hills,1,1,681,Unfurnished,1-5 years,46.4,41253.06
Indrapuri,3,3,1477,Semi Furnished,5-10 years,74.39,71811.2
Piplani,4,3,1601,Semi Furnished,New,69.96,57046.19
ibrahimpura,3,3,1263,Unfurnished,5-10 years,82.4,93570.08
Habibganj,3,3,1352,Unfurnished,New,69.38,55659.94
Shivaji Nagar,1,1,402,Unfurnished,10+ years,22.04,24969.91
MP Nagar,1,1,520,Semi Furnished,5-10 years,34.16,35720.04
Anand nagar,5,4,2435,Fully Furnished,10+ years,104.45,92099.1
Ashoka garden,1,1,706,Fully Furnished,New,41.84,40672.72
Saket nagar,5,4,2686,Fully Furnished,10+ years,138.57,112110.55
sultaniya road,5,4,2903,Unfurnished,1-5 years,160.46,134192.25
Bairagarh,3,3,1130,Semi Furnished,New,66.19,65814.93
Ashoka garden,1,1,445,Unfurnished,1-5 years,19.13,19132.29
Barkheda,5,4,2971,Semi Furnished,1-5 years,166.81,194129.4
Bairagarh,1,1,591,Semi Furnished,5-10 years,31.1,33260.55
Ashoka garden,4,3,1831,Semi Furnished,New,99.74,109224.66
Roshanpura,2,2,868,Fully Furnished,10+ years,48.03,45762.53
Lalghati,3,3,1066,Fully Furnished,1-5 years,69.57,72237.15
Hoshangabad Road,1,1,532,Semi Furnished,10+ years,36.34,42514.48
Bittan Market,3,3,1445,Unfurnished,1-5 years,95.69,92778.05
Anand nagar,3,3,1561,Fully Furnished,10+ years,84.5,69114.98
Govindpura,5,4,2036,Unfurnished,5-10 years,87.4,101413.37
char Imli,4,3,1812,Unfurnished,10+ years,84.05,96563.62
Bittan Market,4,3,1549,Unfurnished,New,86.35,86219.13
Kamla Nagar,1,1,422,Fully Furnished,5-10 years,22.32,24871.98
Kolar hills,2,2,1073,Unfurnished,10+ years,61.56,51693.54
Ratnagiri,5,4,2649,Unfurnished,New,110.01,92985.52
Ashoka garden,3,3,1240,Semi Furnished,10+ years,81.93,71670.67
Kolar Road,2,2,1080,Semi Furnished,10+ years,46.24,51913.3
Bittan Market,1,1,671,Semi Furnished,10+ years,31.18,30834.46
kohefiza,5,4,2175,Unfurnished,New,147.46,138502.32
Vikas Nagar,3,3,1434,Fully Furnished,1-5 years,88.88,92023.2
jahangirabad,4,3,1425,Semi Furnished,1-5 years,98.66,99699.25
Kamla Nagar,3,3,1592,Fully Furnished,5-10 years,111.36,108134.84
Roshanpura,2,2,1198,Unfurnished,1-5 years,65.32,72941.69
chuna bhatti,5,4,2418,Fully Furnished,1-5 years,160.99,139377.92
Roshanpura,4,3,2192,Fully Furnished,1-5 years,144.65,165056.2
Kamla Nagar,4,3,1692,Fully Furnished,10+ years,74.08,66520.73
kohefiza,1,1,797,Semi Furnished,New,51.61,48863.56
Avadhpuri,2,2,1181,Unfurnished,10+ years,71.49,60401.36
Karond,2,2,1031,Semi Furnished,5-10 years,64.1,73724.48
Ayodhya nagar,1,1,797,Semi Furnished,10+ years,32.94,39256.0
Kamla Nagar,3,3,1595,Unfurnished,New,94.2,79541.79
Kamla Nagar,2,2,1014,Semi Furnished,5-10 years,51.12,60888.06
Habibganj,4,3,1900,Unfurnished,1-5 years,90.03,105401.77
Habibganj,2,2,976,Semi Furnished,New,50.06,44590.76
Avadhpuri,3,3,1459,Unfurnished,10+ years,59.8,49985.93
Tajul masjid,1,1,511,Fully Furnished,5-10 years,30.42,28378.98
Sonagiri,2,2,991,Fully Furnished,New,61.53,58965.52
jahangirabad,2,2,1044,Unfurnished,10+ years,55.64,50146.81
chuna bhatti,2,2,1082,Fully Furnished,10+ years,57.83,49254.08
Kamla Nagar,1,1,535,Semi Furnished,10+ years,27.84,28581.34
eidgah hills,3,3,1516,Unfurnished,10+ years,85.33,91495.42
Shyamla Hills,5,4,2594,Unfurnished,5-10 years,165.28,150622.48
kohefiza,1,1,554,Unfurnished,5-10 years,25.47,24180.11
Shyamla Hills,3,3,1574,Unfurnished,5-10 years,92.15,101822.91
VIP road,3,3,1167,Fully Furnished,New,56.83,56004.42
ibrahimpura,5,4,2653,Fully Furnished,New,163.02,158638.04
Avadhpuri,2,2,1176,Semi Furnished,5-10 years,66.93,68964.49
Piplani,4,3,2040,Fully Furnished,New,98.54,93981.06
char Imli,3,3,1116,Unfurnished,5-10 years,65.7,58393.19
chuna bhatti,1,1,709,Semi Furnished,5-10 years,43.7,43011.98
New market,1,1,451,Semi Furnished,New,18.11,14764.82
VIP road,4,3,1787,Unfurnished,5-10 years,96.63,78298.03
Bairagarh,1,1,653,Fully Furnished,10+ years,45.47,52695.7
Prabhat petrol pump,4,3,2014,Semi Furnished,1-5 years,133.76,148540.65
Kamla Nagar,1,1,519,Semi Furnished,1-5 years,31.46,28865.84
chuna bhatti,3,3,1368,Semi Furnished,5-10 years,57.14,52330.57
Vijay nagar,4,3,1574,Fully Furnished,New,78.12,80791.5
Kolar hills,3,3,1321,Fully Furnished,10+ years,67.34,67811.31
Roshanpura,3,3,1279,Semi Furnished,New,82.96,69222.39
Ashoka garden,1,1,603,Unfurnished,1-5 years,32.83,35010.84
Ashoka garden,2,2,811,Fully Furnished,5-10 years,36.13,31555.61
Tajul masjid,4,3,1484,Semi Furnished,New,103.17,88993.74
Piplani,4,3,1945,Semi Furnished,1-5 years,121.78,129198.66
Habibganj,4,3,2105,Fully Furnished,1-5 years,118.79,130353.73
Prabhat petrol pump,3,3,1187,Unfurnished,1-5 years,57.14,55812.06
kohefiza,5,4,2185,Unfurnished,1-5 years,120.72,101637.28
Narela,5,4,2001,Unfurnished,1-5 years,102.28,117567.25
Minal,4,3,1517,Fully Furnished,1-5 years,79.37,71353.17
chuna bhatti,1,1,469,Unfurnished,5-10 years,30.64,36398.83
Lalghati,1,1,567,Unfurnished,5-10 years,32.84,31136.82
Karond,1,1,452,Fully Furnished,New,22.9,22634.6
Bairagarh,5,4,2342,Fully Furnished,5-10 years,142.67,169837.84
Vijay nagar,2,2,1124,Fully Furnished,10+ years,67.01,59546.33
Bairagarh,4,3,2123,Fully Furnished,5-10 years,97.77,81148.3
Saket nagar,3,3,1520,Semi Furnished,New,88.34,77396.78
sultaniya road,3,3,1525,Unfurnished,1-5 years,81.42,67617.92
Avadhpuri,2,2,973,Unfurnished,5-10 years,60.31,51642.69
Avadhpuri,5,4,2228,Unfurnished,5-10 years,132.76,148098.8
Ayodhya nagar,5,4,2003,Fully Furnished,10+ years,83.81,84364.21
Kamla Nagar,2,2,834,Fully Furnished,New,56.16,57513.12
Ashoka garden,3,3,1008,Fully Furnished,1-5 years,51.76,47666.76
Vikas Nagar,3,3,1335,Fully Furnished,1-5 years,84.21,80665.75
Arjun Nagar,2,2,766,Semi Furnished,5-10 years,32.26,29753.99
Arera Colony,1,1,765,Semi Furnished,New,49.3,42792.03
ibrahimpura,3,3,1293,Semi Furnished,New,80.09,69565.6
chuna bhatti,1,1,644,Unfurnished,5-10 years,38.58,38870.51
ibrahimpura,3,3,1245,Semi Furnished,New,50.24,47031.94
Arera Colony,1,1,668,Fully Furnished,10+ years,31.32,25741.46
Prabhat petrol pump,1,1,664,Semi Furnished,5-10 years,31.52,34532.75
eidgah hills,3,3,1427,Semi Furnished,10+ years,66.43,65837.29
Roshanpura,2,2,741,Unfurnished,1-5 years,49.47,42876.99
Saket nagar,1,1,481,Unfurnished,5-10 years,23.72,22166.43
Saket nagar,5,4,2110,Semi Furnished,New,144.55,149786.09
Barkheda,1,1,782,Unfurnished,New,50.29,54292.15
Indrapuri,5,4,2554,Fully Furnished,5-10 years,142.25,120727.02
Narela,5,4,2393,Fully Furnished,5-10 years,154.48,130043.9
Piplani,3,3,1302,Unfurnished,1-5 years,56.87,67522.83
MP Nagar,1,1,619,Unfurnished,New,37.99,43861.84
Bawadiya Kalan,5,4,2724,Fully Furnished,New,187.57,180982.92
Chuna Bhatti,1,1,495,Semi Furnished,10+ years,33.52,39504.71
Anand nagar,4,3,1615,Semi Furnished,1-5 years,109.0,95979.86
VIP road,4,3,1993,Unfurnished,10+ years,110.72,117236.34
Prabhat petrol pump,4,3,1588,Fully Furnished,10+ years,75.74,79985.07
Anand nagar,1,1,641,Semi Furnished,10+ years,30.95,29702.32
Service road,3,3,1098,Fully Furnished,5-10 years,44.59,42484.29
Gandhi nagar,5,4,2319,Fully Furnished,5-10 years,158.63,189660.7
Avadhpuri,1,1,594,Semi Furnished,New,36.81,30235.11
Piplani,2,2,853,Unfurnished,1-5 years,40.17,37032.67
New market,4,3,1945,Semi Furnished,1-5 years,128.63,146569.54
Misrod,5,4,2510,Fully Furnished,10+ years,110.88,98310.87
Roshanpura,2,2,980,Semi Furnished,1-5 years,58.64,57671.99
Kamla Nagar,5,4,2906,Semi Furnished,New,130.11,130389.21
Gandhi nagar,1,1,551,Unfurnished,10+ years,33.01,38340.48
Misrod,1,1,643,Fully Furnished,10+ years,41.71,36734.42
Bawadiya Kalan,2,2,848,Fully Furnished,5-10 years,49.27,41283.69
Indrapuri,4,3,1991,Fully Furnished,5-10 years,132.19,143125.17
Indrapuri,1,1,660,Semi Furnished,5-10 years,26.52,21807.98
New market,3,3,1416,Unfurnished,10+ years,91.78,73943.3
Govindpura,3,3,1004,Semi Furnished,New,52.56,60768.44
Saket nagar,1,1,758,Fully Furnished,5-10 years,32.85,38571.73
Anand nagar,1,1,763,Unfurnished,1-5 years,48.47,48053.39
Avadhpuri,1,1,751,Fully Furnished,1-5 years,32.56,32826.87
Roshanpura,2,2,1183,Fully Furnished,10+ years,51.52,51111.25
Nizamuddin colony,2,2,772,Semi Furnished,10+ years,46.49,44884.32
Chuna Bhatti,4,3,1662,Unfurnished,5-10 years,69.68,71185.18
Habibganj,3,3,1031,Semi Furnished,10+ years,58.91,60954.42
eidgah hills,5,4,2035,Unfurnished,10+ years,82.36,90779.91
Avadhpuri,1,1,427,Fully Furnished,10+ years,17.43,19690.31
kohefiza,3,3,1084,Unfurnished,1-5 years,73.39,82877.29
Kamla Nagar,1,1,521,Semi Furnished,New,31.44,26713.51
Arera Colony,4,3,2004,Unfurnished,5-10 years,122.86,109489.17
Service road,5,4,2282,Semi Furnished,5-10 years,144.46,152014.86
Bittan Market,4,3,2188,Semi Furnished,New,132.02,137164.45
Karond,4,3,1612,Fully Furnished,1-5 years,87.94,100566.99
char Imli,3,3,1345,Unfurnished,1-5 years,65.22,62236.5
Gandhi nagar,2,2,763,Semi Furnished,10+ years,51.29,47753.09
ibrahimpura,5,4,2748,Unfurnished,New,168.27,154752.83
Kolar hills,2,2,1025,Unfurnished,10+ years,55.81,46421.85
char Imli,4,3,2192,Semi Furnished,5-10 years,99.73,81715.38
jahangirabad,5,4,2333,Unfurnished,1-5 years,133.75,123772.05
Govindpura,2,2,847,Fully Furnished,1-5 years,57.04,65812.82
Hoshangabad Road,1,1,736,Fully Furnished,5-10 years,44.85,53667.02
Govindpura,1,1,551,Semi Furnished,1-5 years,34.15,38217.99
ibrahimpura,2,2,810,Unfurnished,5-10 years,45.14,36716.74
Tajul masjid,3,3,1073,Fully Furnished,New,64.02,56532.07
Gulmohar,5,4,2504,Fully Furnished,New,117.76,104837.21
Kolar hills,5,4,2007,Fully Furnished,10+ years,106.59,88866.62
Ratnagiri,1,1,698,Fully Furnished,5-10 years,34.4,37600.52
char Imli,4,3,2141,Unfurnished,New,117.68,132969.83
sultaniya road,5,4,2748,Unfurnished,10+ years,171.28,150722.52
Sonagiri,5,4,2485,Fully Furnished,New,173.8,187731.36
Saket nagar,4,3,1691,Fully Furnished,1-5 years,95.97,101089.98
Bawadiya Kalan,2,2,1082,Semi Furnished,New,44.55,47651.85
Misrod,5,4,2643,Semi Furnished,New,155.44,143788.17
Shivaji Nagar,2,2,957,Semi Furnished,New,48.71,45237.8
Ayodhya bypass,2,2,772,Unfurnished,1-5 years,35.53,42596.45
jahangirabad,4,3,1810,Unfurnished,10+ years,79.66,87237.94
Kamla Nagar,4,3,2096,Unfurnished,1-5 years,136.98,126162.28
Bairagarh,5,4,2866,Semi Furnished,5-10 years,177.88,158410.58
Misrod,5,4,2113,Unfurnished,New,117.54,100088.83
Prabhat petrol pump,3,3,1098,Fully Furnished,10+ years,52.85,50056.02
Tajul masjid,5,4,2595,Unfurnished,New,150.92,161315.86
Shanti Nagar,1,1,746,Semi Furnished,5-10 years,31.18,27740.48
VIP road,4,3,1903,Semi Furnished,1-5 years,82.27,86776.5
ibrahimpura,3,3,1172,Semi Furnished,10+ years,63.0,60188.32
Ratnagiri,2,2,1090,Semi Furnished,5-10 years,52.17,56954.06
chuna bhatti,3,3,1025,Unfurnished,10+ years,45.71,39892.11
Misrod,3,3,1226,Semi Furnished,10+ years,55.9,44776.51
Govindpura,5,4,2987,Semi Furnished,New,205.05,180029.19
Narela,4,3,1439,Semi Furnished,New,79.14,67958.19
Sonagiri,4,3,1636,Semi Furnished,New,82.25,93131.33
Kolar Road,3,3,1363,Fully Furnished,1-5 years,83.66,91582.64
Shanti Nagar,2,2,1107,Fully Furnished,5-10 years,64.72,65422.7
Bairagarh,3,3,1252,Fully Furnished,New,52.33,57020.97
Roshanpura,2,2,1014,Semi Furnished,5-10 years,42.26,46682.45
Avadhpuri,4,3,2085,Unfurnished,1-5 years,110.04,110869.88
Misrod,4,3,2170,Semi Furnished,5-10 years,141.43,126124.42
Kolar Road,2,2,737,Semi Furnished,5-10 years,43.22,45500.42
Kolar Road,5,4,2072,Unfurnished,5-10 years,89.96,106343.74
Service road,2,2,765,Fully Furnished,1-5 years,37.9,45401.31
Hoshangabad Road,4,3,1660,Unfurnished,New,105.48,89537.74
sultaniya road,4,3,2050,Semi Furnished,10+ years,91.32,103677.78
Bawadiya Kalan,1,1,455,Unfurnished,5-10 years,20.01,19989.49
Hoshangabad Road,1,1,700,Unfurnished,1-5 years,43.67,35817.04
Govindpura,4,3,1538,Fully Furnished,1-5 years,68.08,65170.12
Anand nagar,5,4,2677,Unfurnished,10+ years,168.85,197688.72
Kolar Road,1,1,612,Semi Furnished,1-5 years,35.13,29465.03
Ratnagiri,4,3,1540,Semi Furnished,New,104.64,88210.51
Barkheda,1,1,631,Semi Furnished,10+ years,41.44,45316.43
Avadhpuri,2,2,890,Fully Furnished,1-5 years,52.22,52000.47
Govindpura,4,3,2064,Fully Furnished,New,133.39,151565.27
Minal,1,1,702,Semi Furnished,New,30.28,25340.14
Sonagiri,1,1,428,Semi Furnished,5-10 years,21.91,25275.93
Shanti Nagar,1,1,719,Semi Furnished,10+ years,32.16,29170.09
Indrapuri,4,3,1632,Unfurnished,1-5 years,107.57,113952.43
Bittan Market,1,1,759,Semi Furnished,1-5 years,38.38,38469.01
Avadhpuri,3,3,1231,Fully Furnished,1-5 years,49.48,43033.26
Kamla Nagar,3,3,1374,Semi Furnished,10+ years,70.85,65812.98
VIP road,2,2,895,Fully Furnished,10+ years,54.69,49423.08
Chuna Bhatti,3,3,1041,Unfurnished,10+ years,65.09,67271.85
Prabhat petrol pump,5,4,2277,Fully Furnished,1-5 years,145.22,137856.27
Kolar hills,3,3,1472,Unfurnished,1-5 years,82.78,70228.18
Anand nagar,2,2,763,Semi Furnished,New,42.78,50561.45
sultaniya road,3,3,1230,Fully Furnished,10+ years,71.92,60940.5
Arjun Nagar,5,4,2994,Unfurnished,New,186.82,214125.45
Sonagiri,5,4,2148,Unfurnished,10+ years,87.12,88408.92
Ratnagiri,4,3,2037,Fully Furnished,10+ years,129.95,116478.25
MP Nagar,3,3,1486,Semi Furnished,5-10 years,67.17,76581.6
Sonagiri,1,1,421,Semi Furnished,10+ years,20.57,20968.2
ibrahimpura,3,3,1542,Fully Furnished,5-10 years,101.12,89449.49
Ayodhya bypass,2,2,1091,Unfurnished,1-5 years,56.99,53431.82
Saket nagar,1,1,429,Fully Furnished,New,21.15,24443.67
Anand nagar,2,2,843,Unfurnished,New,51.89,45480.5
Roshanpura,5,4,2892,Semi Furnished,New,182.78,203510.3
Service road,1,1,497,Unfurnished,New,33.72,39764.13
Service road,3,3,1404,Unfurnished,New,67.85,79155.33
Bawadiya Kalan,3,3,1575,Semi Furnished,10+ years,89.66,83961.58
Habibganj,3,3,1187,Unfurnished,10+ years,77.03,63153.74
jahangirabad,5,4,2385,Fully Furnished,5-10 years,100.88,103246.4
Vikas Nagar,2,2,918,Unfurnished,New,53.29,55015.85
Karond,2,2,1016,Unfurnished,New,48.59,57308.07
kohefiza,5,4,2076,Semi Furnished,1-5 years,91.26,74573.28
Saket nagar,4,3,2010,Fully Furnished,5-10 years,95.0,94273.4
Bairagarh,5,4,2821,Semi Furnished,New,137.64,157580.28
Shyamla Hills,5,4,2437,Unfurnished,10+ years,159.56,157844.39
Arjun Nagar,1,1,455,Unfurnished,1-5 years,27.01,28748.99
Avadhpuri,2,2,856,Semi Furnished,5-10 years,39.25,43663.77
Ashoka garden,2,2,722,Semi Furnished,5-10 years,48.82,54048.62
Lalghati,1,1,624,Fully Furnished,10+ years,32.82,38802.25
Saket nagar,4,3,1489,Unfurnished,New,99.0,81848.45
Habibganj,3,3,1244,Unfurnished,10+ years,75.14,78197.53
Ayodhya bypass,4,3,1812,Fully Furnished,10+ years,87.95,94504.79
Govindpura,5,4,2531,Semi Furnished,10+ years,133.02,140142.96
Service road,1,1,520,Unfurnished,New,30.29,35701.95
Karond,3,3,1050,Semi Furnished,New,53.89,43633.49
Vikas Nagar,4,3,1454,Unfurnished,10+ years,85.57,93595.74
Bairagarh,5,4,2612,Fully Furnished,10+ years,144.63,134566.32
Shyamla Hills,4,3,2028,Unfurnished,1-5 years,105.98,121954.51
Piplani,1,1,628,Fully Furnished,10+ years,32.36,27914.97
Kamla Nagar,5,4,2921,Semi Furnished,10+ years,181.32,212841.16
Gandhi nagar,5,4,2596,Semi Furnished,10+ years,125.32,104960.84
jahangirabad,5,4,2287,Unfurnished,10+ years,150.86,169744.24
chuna bhatti,4,3,1455,Semi Furnished,New,63.59,70436.03
Indrapuri,1,1,542,Fully Furnished,New,26.27,22937.8
Shanti Nagar,4,3,1895,Fully Furnished,10+ years,98.0,111589.31
Hoshangabad Road,2,2,871,Semi Furnished,5-10 years,52.06,60067.49
Saket nagar,2,2,1176,Fully Furnished,5-10 years,74.62,66380.02
Bawadiya Kalan,3,3,1571,Unfurnished,5-10 years,91.73,100120.33
Roshanpura,2,2,1004,Semi Furnished,10+ years,43.26,47227.32
jahangirabad,3,3,1562,Unfurnished,10+ years,73.57,86205.22
kohefiza,1,1,532,Semi Furnished,New,33.89,33078.62
VIP road,4,3,1462,Unfurnished,1-5 years,62.69,64505.74
jahangirabad,4,3,2138,Unfurnished,5-10 years,119.45,139034.87
Saket nagar,3,3,1227,Fully Furnished,1-5 years,77.48,82918.86
Vikas Nagar,4,3,2095,Fully Furnished,10+ years,101.76,95259.53
Anand nagar,2,2,1027,Fully Furnished,5-10 years,59.98,55076.61
Vikas Nagar,4,3,1589,Fully Furnished,New,109.52,95284.35
VIP road,1,1,720,Fully Furnished,5-10 years,46.4,53849.55
Kolar Road,3,3,1439,Fully Furnished,10+ years,99.46,114549.28
Ratnagiri,5,4,2849,Fully Furnished,5-10 years,147.07,161688.43
eidgah hills,2,2,1082,Fully Furnished,1-5 years,65.78,57055.66
Tajul masjid,5,4,2556,Fully Furnished,1-5 years,112.56,122085.77
MP Nagar,4,3,2139,Unfurnished,5-10 years,123.17,135219.88
ibrahimpura,3,3,1566,Semi Furnished,5-10 years,78.87,76659.84
Anand nagar,1,1,570,Fully Furnished,New,34.8,34188.3
Lalghati,3,3,1470,Unfurnished,10+ years,89.48,100317.99
Vijay nagar,1,1,589,Semi Furnished,New,30.12,25947.94
Avadhpuri,1,1,607,Unfurnished,New,41.55,44230.58
ibrahimpura,2,2,790,Unfurnished,5-10 years,51.65,47125.43
VIP road,5,4,2523,Fully Furnished,10+ years,112.33,117892.68
Piplani,1,1,721,Semi Furnished,New,30.18,27671.27
char Imli,5,4,2955,Fully Furnished,10+ years,133.82,107525.21
Bawadiya Kalan,1,1,517,Fully Furnished,5-10 years,24.57,29194.07
Chuna Bhatti,1,1,574,Unfurnished,New,30.0,32358.9
Karond,2,2,961,Semi Furnished,10+ years,65.78,59719.11
Arera Colony,4,3,1749,Semi Furnished,10+ years,86.47,101444.07
Arera Colony,3,3,1511,Semi Furnished,10+ years,88.45,73322.62
Anand nagar,2,2,816,Fully Furnished,New,42.0,34765.47
Habibganj,4,3,1510,Unfurnished,10+ years,60.44,65669.6
Karond,5,4,2038,Semi Furnished,1-5 years,120.58,115426.81
MP Nagar,2,2,1044,Unfurnished,5-10 years,42.94,44826.33
Shivaji Nagar,5,4,2810,Semi Furnished,10+ years,137.43,144160.15
Chuna Bhatti,2,2,803,Fully Furnished,10+ years,44.62,38762.53
chuna bhatti,2,2,1022,Unfurnished,New,43.23,35871.37
Sonagiri,3,3,1192,Semi Furnished,5-10 years,82.76,75518.89
Govindpura,3,3,1308,Semi Furnished,New,61.88,61460.84
Tajul masjid,1,1,520,Semi Furnished,5-10 years,33.73,37563.0
Gulmohar,5,4,2219,Semi Furnished,10+ years,148.43,139407.0
Service road,5,4,2848,Semi Furnished,5-10 years,123.97,111514.96
Narela,1,1,466,Fully Furnished,New,31.33,35039.18
Kolar Road,4,3,1865,Fully Furnished,New,110.81,99640.55
Misrod,1,1,475,Unfurnished,New,24.08,25825.9
Service road,4,3,1959,Fully Furnished,New,104.03,93088.44
Bairagarh,1,1,462,Unfurnished,5-10 years,28.46,28889.72
Ayodhya bypass,2,2,731,Semi Furnished,5-10 years,47.15,50251.13
Prabhat petrol pump,5,4,2755,Fully Furnished,5-10 years,145.89,124428.02
Saket nagar,4,3,1697,Unfurnished,1-5 years,101.17,93375.38
Piplani,2,2,825,Semi Furnished,New,57.61,63533.31
Piplani,5,4,2478,Semi Furnished,New,166.7,140573.35
Chuna Bhatti,4,3,1495,Fully Furnished,New,76.93,70370.96
Gulmohar,5,4,2466,Fully Furnished,1-5 years,133.62,139193.5
Lalghati,1,1,513,Semi Furnished,10+ years,26.34,29342.81
Avadhpuri,5,4,2587,Fully Furnished,New,166.03,167991.73
Narela,4,3,1578,Semi Furnished,New,105.39,120001.99
Vikas Nagar,5,4,2675,Semi Furnished,New,163.68,156122.43
Minal,3,3,1367,Fully Furnished,New,80.38,79633.27
Prabhat petrol pump,1,1,695,Unfurnished,New,45.85,37473.11
Roshanpura,4,3,1831,Unfurnished,10+ years,89.52,92459.78
Misrod,1,1,542,Fully Furnished,1-5 years,31.48,27511.91
Ayodhya bypass,3,3,1289,Semi Furnished,1-5 years,84.17,80914.19
Barkheda,4,3,2007,Unfurnished,10+ years,139.65,165601.08
chuna bhatti,3,3,1120,Fully Furnished,New,49.67,51031.87
char Imli,2,2,1088,Semi Furnished,New,76.06,75657.65
Tajul masjid,5,4,2945,Semi Furnished,New,139.93,167112.65
MP Nagar,3,3,1253,Fully Furnished,New,79.34,85027.74
Saket nagar,4,3,1853,Semi Furnished,5-10 years,91.32,89754.52
Ratnagiri,3,3,1284,Unfurnished,1-5 years,86.65,83483.42
Kolar hills,4,3,1572,Unfurnished,1-5 years,79.37,93438.03
Habibganj,3,3,1057,Unfurnished,5-10 years,69.94,62878.49
Kamla Nagar,3,3,1495,Unfurnished,5-10 years,85.22,87153.67
Bawadiya Kalan,2,2,839,Fully Furnished,5-10 years,38.75,45044.29
Barkheda,3,3,1492,Fully Furnished,10+ years,70.02,60084.98
Bairagarh,2,2,989,Semi Furnished,5-10 years,53.04,57962.12
Shanti Nagar,3,3,1281,Semi Furnished,5-10 years,65.69,58241.71
Shivaji Nagar,3,3,1433,Fully Furnished,10+ years,97.74,101732.26
Shyamla Hills,4,3,1714,Unfurnished,10+ years,89.49,105593.89
Chuna Bhatti,3,3,1272,Fully Furnished,1-5 years,82.33,96367.59
Karond,5,4,2114,Unfurnished,10+ years,88.44,104315.55
MP Nagar,5,4,2610,Fully Furnished,New,148.67,131648.73
Ashoka garden,1,1,406,Semi Furnished,5-10 years,25.92,22600.17
kohefiza,3,3,1105,Fully Furnished,1-5 years,49.92,45840.47
Roshanpura,4,3,1863,Fully Furnished,New,83.84,96815.6
Anand nagar,1,1,619,Fully Furnished,1-5 years,30.65,31430.31
Saket nagar,4,3,1657,Fully Furnished,5-10 years,69.53,69364.75
eidgah hills,5,4,2019,Semi Furnished,New,97.54,112183.64
Misrod,5,4,2066,Semi Furnished,New,84.16,69163.81
Service road,2,2,794,Fully Furnished,1-5 years,42.73,36148.08
Govindpura,2,2,1158,Semi Furnished,5-10 years,67.8,64882.24
chuna bhatti,3,3,1378,Semi Furnished,5-10 years,58.86,67203.27
Ratnagiri,4,3,1828,Semi Furnished,1-5 years,81.78,73056.56
Saket nagar,3,3,1456,Semi Furnished,5-10 years,95.05,102040.18
Prabhat petrol pump,1,1,494,Fully Furnished,New,29.56,34742.44
ibrahimpura,5,4,2186,Semi Furnished,5-10 years,150.32,131882.71
Prabhat petrol pump,2,2,740,Unfurnished,10+ years,47.64,52310.07
char Imli,2,2,1139,Fully Furnished,5-10 years,75.73,88402.95
Sonagiri,3,3,1202,Semi Furnished,5-10 years,59.73,69492.36
New market,1,1,549,Unfurnished,5-10 years,32.86,33093.49
char Imli,5,4,2737,Semi Furnished,10+ years,166.26,154124.55
Bittan Market,5,4,2643,Semi Furnished,New,107.26,113045.01
Barkheda,4,3,1763,Fully Furnished,1-5 years,121.97,130143.04
Bairagarh,2,2,1156,Semi Furnished,5-10 years,78.76,68896.67
Hoshangabad Road,2,2,814,Fully Furnished,New,36.52,31845.69
Hoshangabad Road,3,3,1389,Semi Furnished,5-10 years,91.83,79279.16
Lalghati,4,3,2127,Unfurnished,New,137.24,151690.49
Indrapuri,2,2,865,Fully Furnished,1-5 years,59.37,50091.05
Bittan Market,4,3,1641,Unfurnished,1-5 years,110.91,125951.39
VIP road,4,3,1964,Fully Furnished,New,120.58,113955.97
Shivaji Nagar,1,1,737,Fully Furnished,5-10 years,42.37,40706.44
Vijay nagar,4,3,1767,Fully Furnished,10+ years,73.61,73345.6
Indrapuri,5,4,2324,Semi Furnished,1-5 years,120.76,139492.29
Nizamuddin colony,3,3,1508,Unfurnished,10+ years,82.64,76230.55
Bittan Market,2,2,1119,Unfurnished,New,56.94,58046.89
Kamla Nagar,4,3,1525,Semi Furnished,1-5 years,82.14,91035.73
Bairagarh,2,2,872,Fully Furnished,1-5 years,53.26,53229.75
Gulmohar,5,4,2007,Fully Furnished,New,94.51,108319.64
chuna bhatti,5,4,2593,Fully Furnished,5-10 years,171.08,139602.53
chuna bhatti,5,4,2699,Fully Furnished,10+ years,160.31,179772.99
sultaniya road,5,4,2874,Fully Furnished,1-5 years,161.25,151715.66
Bawadiya Kalan,2,2,1173,Fully Furnished,1-5 years,74.63,82220.2
chuna bhatti,2,2,1122,Fully Furnished,1-5 years,66.54,53785.94
Vikas Nagar,5,4,2477,Unfurnished,1-5 years,156.32,127955.81
Hoshangabad Road,4,3,2052,Semi Furnished,5-10 years,131.29,144973.96
char Imli,4,3,1632,Semi Furnished,New,87.48,84923.67
Shanti Nagar,5,4,2089,Fully Furnished,5-10 years,145.58,163244.05
Arjun Nagar,3,3,1271,Semi Furnished,10+ years,85.62,102119.61
Karond,5,4,2464,Fully Furnished,New,167.95,185962.07
Lalghati,4,3,1523,Semi Furnished,10+ years,103.41,117710.75
Sonagiri,5,4,2917,Fully Furnished,10+ years,188.96,168860.27
Gulmohar,2,2,988,Unfurnished,5-10 years,50.42,47074.67
Misrod,3,3,1436,Fully Furnished,5-10 years,63.28,64267.47
Shyamla Hills,1,1,550,Semi Furnished,New,29.42,27124.4
Shivaji Nagar,5,4,2861,Fully Furnished,10+ years,153.63,165073.12
Arjun Nagar,5,4,2298,Semi Furnished,New,130.72,150515.97
Kolar Road,2,2,870,Fully Furnished,5-10 years,56.0,57595.75
Kamla Nagar,1,1,548,Fully Furnished,1-5 years,37.92,42644.04
Barkheda,4,3,1437,Semi Furnished,10+ years,76.39,66087.97
jahangirabad,2,2,820,Unfurnished,5-10 years,57.1,66799.2
Lalghati,2,2,798,Unfurnished,New,54.29,63087.35
Tajul masjid,5,4,2786,Semi Furnished,New,112.36,98806.23
Kolar hills,3,3,1585,Fully Furnished,New,99.45,115816.18
Bittan Market,2,2,713,Unfurnished,New,47.62,40332.07
char Imli,3,3,1166,Semi Furnished,10+ years,58.77,60232.74
Anand nagar,2,2,960,Unfurnished,1-5 years,55.56,60788.73
Hoshangabad Road,5,4,2251,Unfurnished,New,99.02,115712.29
Indrapuri,1,1,535,Unfurnished,10+ years,35.35,29740.0
ibrahimpura,2,2,701,Fully Furnished,New,48.56,44753.26
Anand nagar,5,4,2749,Fully Furnished,New,148.65,120050.54
Bittan Market,3,3,1238,Semi Furnished,1-5 years,57.87,54454.94
sultaniya road,5,4,2183,Semi Furnished,5-10 years,105.7,118406.98
VIP road,4,3,1911,Semi Furnished,10+ years,89.37,91944.83
Ashoka garden,3,3,1493,Unfurnished,10+ years,62.45,69208.13
Bittan Market,5,4,2385,Fully Furnished,1-5 years,102.08,84926.22
Arjun Nagar,5,4,2381,Fully Furnished,New,163.01,189512.07
Nizamuddin colony,2,2,973,Semi Furnished,New,43.78,41668.59
Gandhi nagar,5,4,2394,Fully Furnished,10+ years,142.85,115960.4
chuna bhatti,5,4,2328,Semi Furnished,1-5 years,101.42,90593.22
Arera Colony,4,3,2174,Unfurnished,1-5 years,97.37,116332.83
Tajul masjid,1,1,575,Fully Furnished,New,33.92,35902.56
Piplani,5,4,2560,Semi Furnished,5-10 years,114.04,108047.72
Govindpura,5,4,2626,Fully Furnished,5-10 years,130.35,121381.38
chuna bhatti,4,3,1604,Fully Furnished,5-10 years,66.29,59743.75
Anand nagar,5,4,2615,Unfurnished,New,121.25,122687.1
Shanti Nagar,5,4,2352,Semi Furnished,1-5 years,105.56,106485.8
Kolar Road,5,4,2839,Unfurnished,1-5 years,140.23,135584.85
Anand nagar,3,3,1589,Unfurnished,5-10 years,76.65,82290.59
Indrapuri,3,3,1064,Semi Furnished,5-10 years,57.15,62668.79
Saket nagar,5,4,2860,Fully Furnished,5-10 years,198.61,209903.38
VIP road,2,2,1007,Semi Furnished,New,46.4,47119.03
Kolar Road,5,4,2913,Unfurnished,10+ years,122.86,119175.98
Bairagarh,5,4,2435,Fully Furnished,1-5 years,137.12,135249.86
Bittan Market,3,3,1588,Semi Furnished,5-10 years,101.52,88544.22
Vikas Nagar,2,2,1016,Semi Furnished,10+ years,63.8,69217.99
Ratnagiri,2,2,1141,Unfurnished,1-5 years,56.75,65489.37
Indrapuri,2,2,789,Unfurnished,5-10 years,50.89,43316.24
Chuna Bhatti,2,2,838,Fully Furnished,New,40.49,33534.99
Prabhat petrol pump,2,2,927,Semi Furnished,5-10 years,46.99,44187.38
Lalghati,3,3,1452,Fully Furnished,1-5 years,71.65,68332.02
New market,5,4,2610,Unfurnished,10+ years,113.7,120533.39
Roshanpura,5,4,2537,Unfurnished,1-5 years,135.13,113111.74
Bairagarh,2,2,1198,Semi Furnished,1-5 years,73.16,70608.37
Bawadiya Kalan,3,3,1118,Semi Furnished,1-5 years,57.0,59456.26
Ayodhya nagar,3,3,1299,Fully Furnished,10+ years,56.71,61757.84
Tajul masjid,4,3,1405,Semi Furnished,5-10 years,83.14,87904.71
Hoshangabad Road,4,3,1875,Fully Furnished,New,129.37,144795.82
Ayodhya nagar,3,3,1093,Unfurnished,New,73.31,64686.18
Barkheda,2,2,1156,Fully Furnished,5-10 years,58.13,59052.33
Barkheda,4,3,1995,Fully Furnished,10+ years,80.47,90252.25
Misrod,2,2,804,Fully Furnished,10+ years,51.54,44995.0
Kamla Nagar,1,1,792,Unfurnished,New,48.07,46474.96
Karond,1,1,609,Unfurnished,5-10 years,26.47,29636.81
Bairagarh,1,1,649,Unfurnished,5-10 years,43.65,37120.73
Ratnagiri,3,3,1550,Fully Furnished,5-10 years,103.03,118394.68
Piplani,3,3,1114,Semi Furnished,New,57.18,65351.83
MP Nagar,2,2,1115,Semi Furnished,5-10 years,72.79,58245.06
Arjun Nagar,2,2,769,Fully Furnished,1-5 years,43.71,48888.93
Lalghati,4,3,1527,Unfurnished,10+ years,89.14,96540.78
Bittan Market,2,2,980,Unfurnished,5-10 years,52.42,60207.38
jahangirabad,2,2,721,Fully Furnished,10+ years,32.45,31060.14
Ashoka garden,4,3,2195,Semi Furnished,10+ years,135.25,151369.99
kohefiza,4,3,1542,Fully Furnished,5-10 years,76.27,88927.04
Kolar Road,2,2,869,Fully Furnished,10+ years,53.07,58388.31
Minal,3,3,1358,Fully Furnished,1-5 years,83.78,70925.71
Shivaji Nagar,4,3,2064,Semi Furnished,5-10 years,94.11,93149.83
Gandhi nagar,1,1,649,Unfurnished,10+ years,39.02,43356.96
Narela,2,2,773,Semi Furnished,1-5 years,44.95,41027.09
Shivaji Nagar,2,2,763,Fully Furnished,5-10 years,51.12,51544.0
Ayodhya bypass,1,1,425,Semi Furnished,New,19.84,19142.87
Vijay nagar,3,3,1145,Unfurnished,10+ years,49.18,47164.81
Gulmohar,3,3,1429,Semi Furnished,New,65.58,71163.68
char Imli,5,4,2028,Fully Furnished,New,91.41,75549.64
VIP road,2,2,932,Semi Furnished,5-10 years,43.75,35194.91
Avadhpuri,1,1,436,Semi Furnished,1-5 years,17.63,16534.07
Hoshangabad Road,2,2,1036,Unfurnished,New,52.4,57246.53
Tajul masjid,2,2,724,Fully Furnished,1-5 years,31.51,33452.39
Narela,1,1,480,Semi Furnished,1-5 years,22.87,21225.91
Kolar hills,1,1,488,Semi Furnished,1-5 years,33.93,31342.69
Ratnagiri,5,4,2440,Fully Furnished,10+ years,105.69,86100.21
Roshanpura,2,2,1128,Fully Furnished,10+ years,68.61,72608.82
Shyamla Hills,2,2,1141,Semi Furnished,10+ years,55.47,62305.47
Misrod,4,3,1669,Fully Furnished,10+ years,88.56,92297.48
Indrapuri,2,2,766,Fully Furnished,New,43.41,38155.89
Nizamuddin colony,1,1,489,Unfurnished,5-10 years,27.77,23849.82
eidgah hills,4,3,1842,Fully Furnished,5-10 years,87.76,71489.17
Anand nagar,2,2,812,Unfurnished,1-5 years,36.62,43152.28
Saket nagar,4,3,1615,Unfurnished,1-5 years,78.42,75262.06
Kolar hills,1,1,492,Unfurnished,New,28.68,33322.04
sultaniya road,1,1,485,Semi Furnished,5-10 years,23.22,26625.77
Chuna Bhatti,1,1,637,Fully Furnished,New,27.44,22643.5
New market,1,1,587,Semi Furnished,1-5 years,33.95,36064.21
chuna bhatti,3,3,1117,Unfurnished,New,64.77,63477.02
Kamla Nagar,3,3,1147,Unfurnished,1-5 years,49.23,45884.99
Roshanpura,3,3,1518,Fully Furnished,New,104.7,86055.33
Anand nagar,2,2,845,Unfurnished,1-5 years,59.02,48637.28
Service road,1,1,729,Fully Furnished,1-5 years,40.81,39386.96
Saket nagar,5,4,2569,Fully Furnished,New,167.35,184266.15
Avadhpuri,5,4,2419,Unfurnished,10+ years,120.43,104514.26
Narela,3,3,1507,Semi Furnished,5-10 years,98.66,98353.25
Narela,2,2,754,Unfurnished,5-10 years,30.68,24870.11
jahangirabad,4,3,1815,Unfurnished,10+ years,91.94,107145.39
Shyamla Hills,2,2,1147,Fully Furnished,10+ years,48.3,48025.2
char Imli,2,2,959,Semi Furnished,New,46.09,54661.32
Anand nagar,5,4,2520,Fully Furnished,New,176.17,160659.4
Chuna Bhatti,2,2,910,Unfurnished,10+ years,62.48,50916.32
Saket nagar,5,4,2677,Semi Furnished,1-5 years,183.16,163687.7
Nizamuddin colony,4,3,1644,Semi Furnished,1-5 years,108.03,94160.69
Piplani,5,4,2519,Fully Furnished,10+ years,145.92,148454.7
Shivaji Nagar,4,3,1657,Fully Furnished,New,108.31,88887.67
Arjun Nagar,5,4,2743,Unfurnished,5-10 years,139.44,162163.17
Nizamuddin colony,4,3,1596,Unfurnished,New,103.48,108083.17
Lalghati,3,3,1479,Fully Furnished,New,100.12,94828.64
chuna bhatti,2,2,1161,Unfurnished,10+ years,53.26,42809.97
Arjun Nagar,3,3,1396,Fully Furnished,New,83.84,80229.3
Kamla Nagar,3,3,1208,Unfurnished,10+ years,65.85,70940.53
Tajul masjid,2,2,1168,Semi Furnished,New,61.02,57126.44
Ayodhya nagar,1,1,589,Unfurnished,5-10 years,34.87,29776.22
Kolar Road,3,3,1477,Semi Furnished,New,73.83,80442.67
Service road,4,3,1771,Semi Furnished,5-10 years,88.57,104629.64
Ayodhya bypass,4,3,1525,Semi Furnished,5-10 years,92.75,95064.82
Barkheda,3,3,1498,Unfurnished,New,73.92,59927.57
Kolar Road,2,2,1072,Unfurnished,5-10 years,67.03,61627.28
Sonagiri,5,4,2526,Unfurnished,10+ years,159.73,173271.15
Service road,1,1,755,Fully Furnished,5-10 years,46.07,38712.29
Bittan Market,2,2,783,Semi Furnished,10+ years,33.33,35499.48
Shyamla Hills,1,1,424,Unfurnished,10+ years,19.56,19892.79
MP Nagar,3,3,1320,Fully Furnished,New,73.25,59379.31
kohefiza,5,4,2211,Unfurnished,New,114.36,130057.88
Kolar Road,2,2,839,Fully Furnished,5-10 years,48.56,41894.49
Ayodhya bypass,1,1,585,Fully Furnished,5-10 years,31.49,26412.95
kohefiza,3,3,1146,Unfurnished,New,66.84,63378.6
Piplani,3,3,1311,Semi Furnished,New,65.02,62988.07
Chuna Bhatti,3,3,1347,Semi Furnished,10+ years,57.2,60779.06
Bittan Market,3,3,1172,Fully Furnished,1-5 years,48.84,40531.12
chuna bhatti,1,1,743,Semi Furnished,New,41.62,38685.32
Gulmohar,3,3,1312,Unfurnished,10+ years,85.55,96746.45
Barkheda,2,2,926,Fully Furnished,New,56.99,53518.4
Roshanpura,1,1,637,Fully Furnished,1-5 years,41.19,47828.37
Gandhi nagar,1,1,797,Unfurnished,10+ years,45.96,47071.65
Ayodhya bypass,1,1,465,Unfurnished,5-10 years,19.86,21155.0
Kolar Road,4,3,1870,Unfurnished,5-10 years,85.4,79074.63
ibrahimpura,2,2,1010,Semi Furnished,1-5 years,52.34,44173.55
Bawadiya Kalan,1,1,407,Unfurnished,1-5 years,25.58,24148.1
Chuna Bhatti,5,4,2294,Fully Furnished,10+ years,151.16,172559.98
Kolar Road,3,3,1449,Semi Furnished,10+ years,58.72,68328.2
jahangirabad,2,2,1100,Unfurnished,10+ years,46.89,45523.5
Ayodhya bypass,1,1,477,Unfurnished,5-10 years,20.14,17314.31
Misrod,4,3,1544,Unfurnished,1-5 years,96.53,100874.0
Prabhat petrol pump,4,3,1811,Fully Furnished,1-5 years,105.67,106598.06
Roshanpura,5,4,2688,Semi Furnished,New,178.8,194229.1
Ayodhya bypass,1,1,552,Semi Furnished,10+ years,37.46,34171.38
Govindpura,1,1,760,Unfurnished,1-5 years,32.78,37783.86
Govindpura,1,1,494,Semi Furnished,10+ years,33.06,31105.24
chuna bhatti,4,3,1746,Fully Furnished,5-10 years,75.74,89445.56
Ayodhya nagar,1,1,694,Semi Furnished,1-5 years,34.85,38643.69
Gandhi nagar,5,4,2289,Fully Furnished,1-5 years,135.47,135178.8
Avadhpuri,4,3,1731,Unfurnished,New,77.42,63572.26
Barkheda,5,4,2304,Fully Furnished,1-5 years,115.43,121948.77
New market,5,4,2707,Unfurnished,1-5 years,162.63,149720.17
Sonagiri,1,1,511,Fully Furnished,1-5 years,27.67,27934.41
Avadhpuri,1,1,455,Semi Furnished,New,30.22,33929.3
Minal,3,3,1387,Semi Furnished,New,75.0,76548.95
Chuna Bhatti,4,3,1514,Unfurnished,10+ years,87.16,80452.33
Indrapuri,3,3,1290,Unfurnished,New,72.84,69570.73
Lalghati,4,3,1492,Semi Furnished,10+ years,97.4,84005.83
Habibganj,2,2,796,Fully Furnished,5-10 years,33.39,29431.73
Kolar hills,4,3,2188,Fully Furnished,10+ years,104.37,102303.98
Roshanpura,2,2,973,Semi Furnished,5-10 years,58.81,66058.83
Saket nagar,4,3,1908,Semi Furnished,10+ years,126.25,121900.1
sultaniya road,3,3,1251,Fully Furnished,1-5 years,70.5,59792.34
Piplani,4,3,2082,Fully Furnished,10+ years,114.07,132979.81
Prabhat petrol pump,5,4,2867,Unfurnished,New,171.51,197983.6
Kolar hills,5,4,2364,Semi Furnished,New,106.12,101138.5
New market,1,1,522,Fully Furnished,New,22.31,21442.21
Shyamla Hills,5,4,2025,Semi Furnished,New,112.65,113745.2
Sonagiri,1,1,716,Fully Furnished,10+ years,34.58,28979.48
Service road,1,1,720,Unfurnished,New,42.34,39721.27
Indrapuri,1,1,587,Unfurnished,10+ years,27.01,30146.83
New market,4,3,1964,Unfurnished,New,109.3,99119.62
jahangirabad,3,3,1454,Fully Furnished,New,65.21,57756.71
Anand nagar,3,3,1539,Semi Furnished,New,85.81,81085.55
Vijay nagar,1,1,462,Semi Furnished,5-10 years,21.62,18563.23
VIP road,5,4,2686,Fully Furnished,New,131.5,107491.23
chuna bhatti,1,1,720,Fully Furnished,1-5 years,39.79,35014.07
Narela,1,1,612,Unfurnished,10+ years,26.19,24028.33
Barkheda,5,4,2568,Unfurnished,10+ years,140.36,124476.66
Saket nagar,2,2,709,Semi Furnished,10+ years,42.09,46627.71
Lalghati,1,1,701,Unfurnished,1-5 years,29.44,26693.15
Ayodhya nagar,3,3,1478,Semi Furnished,10+ years,88.45,73203.04
Roshanpura,2,2,947,Semi Furnished,New,43.76,35998.86
Bittan Market,1,1,688,Fully Furnished,10+ years,47.5,51397.77
Shyamla Hills,4,3,1480,Semi Furnished,10+ years,73.62,67666.56
Govindpura,2,2,1096,Fully Furnished,5-10 years,63.6,66822.2
Gandhi nagar,5,4,2292,Unfurnished,1-5 years,145.36,118867.38
MP Nagar,5,4,2171,Unfurnished,5-10 years,97.76,91648.67
New market,3,3,1463,Fully Furnished,10+ years,83.17,75141.15
Narela,5,4,2443,Fully Furnished,5-10 years,105.35,105695.04
kohefiza,4,3,1958,Semi Furnished,1-5 years,117.59,103811.06
Ashoka garden,1,1,800,Unfurnished,1-5 years,35.45,38179.07
ibrahimpura,3,3,1376,Fully Furnished,10+ years,73.68,59952.67
Shanti Nagar,2,2,897,Unfurnished,10+ years,47.87,47983.36
Anand nagar,3,3,1593,Fully Furnished,1-5 years,91.04,90450.58
Ashoka garden,1,1,709,Unfurnished,1-5 years,47.62,42353.35
Piplani,5,4,2299,Unfurnished,1-5 years,132.25,153995.69
Ashoka garden,4,3,1466,Fully Furnished,5-10 years,67.24,65586.82
Kolar hills,2,2,1057,Fully Furnished,10+ years,49.75,57602.91
Arera Colony,5,4,2831,Semi Furnished,1-5 years,148.62,173456.78
Indrapuri,4,3,1676,Fully Furnished,5-10 years,113.17,120257.27
Gandhi nagar,5,4,2954,Fully Furnished,5-10 years,121.53,131362.5
ibrahimpura,3,3,1151,Fully Furnished,5-10 years,54.9,46277.21
Arera Colony,3,3,1298,Fully Furnished,1-5 years,58.65,50873.34
Anand nagar,4,3,2163,Fully Furnished,New,141.69,115838.51
Sonagiri,4,3,1477,Semi Furnished,10+ years,71.64,75851.21
Karond,3,3,1296,Fully Furnished,5-10 years,76.4,70320.57
Nizamuddin colony,3,3,1551,Semi Furnished,New,75.82,78919.6
Ashoka garden,2,2,1172,Unfurnished,10+ years,49.91,48580.95
Arera Colony,5,4,2479,Fully Furnished,5-10 years,148.29,134547.39
Sonagiri,2,2,1165,Fully Furnished,1-5 years,64.6,72171.74
Vijay nagar,3,3,1591,Semi Furnished,10+ years,78.11,67214.0
Ayodhya bypass,4,3,2022,Fully Furnished,5-10 years,120.44,97997.98
Bairagarh,1,1,463,Unfurnished,10+ years,23.62,27501.8
Ashoka garden,3,3,1178,Semi Furnished,5-10 years,76.32,69872.03
Ayodhya bypass,5,4,2515,Fully Furnished,1-5 years,133.84,125456.21
Narela,3,3,1055,Fully Furnished,1-5 years,52.77,45654.77
Vijay nagar,2,2,1013,Fully Furnished,5-10 years,60.09,57511.95
ibrahimpura,5,4,2401,Fully Furnished,New,109.44,129284.4
Hoshangabad Road,1,1,756,Unfurnished,New,36.84,39566.45
Vijay nagar,5,4,2269,Semi Furnished,10+ years,122.66,136050.28
Lalghati,3,3,1508,Unfurnished,New,96.99,82211.18
Gulmohar,4,3,1534,Semi Furnished,5-10 years,93.0,97518.17
Roshanpura,1,1,704,Fully Furnished,New,46.68,46858.34
Bairagarh,4,3,1917,Fully Furnished,1-5 years,88.59,75196.91
Barkheda,3,3,1278,Fully Furnished,1-5 years,85.92,92775.17
Service road,1,1,486,Fully Furnished,1-5 years,28.6,27654.17
Kolar Road,1,1,403,Unfurnished,5-10 years,20.2,19129.07
Shanti Nagar,2,2,872,Semi Furnished,10+ years,44.63,36435.4
Roshanpura,2,2,1026,Unfurnished,10+ years,53.19,51814.84
Anand nagar,3,3,1418,Unfurnished,New,93.36,107043.43
Service road,5,4,2416,Semi Furnished,10+ years,103.34,93370.11
Indrapuri,2,2,930,Semi Furnished,5-10 years,58.96,66311.81
kohefiza,2,2,1161,Semi Furnished,New,51.01,54865.85
Roshanpura,3,3,1282,Semi Furnished,1-5 years,71.0,77025.84
Anand nagar,5,4,2975,Unfurnished,10+ years,131.13,133810.9
Nizamuddin colony,5,4,2591,Unfurnished,New,141.72,113442.08
Shivaji Nagar,5,4,2821,Unfurnished,5-10 years,158.61,184265.78
Roshanpura,2,2,742,Unfurnished,New,40.62,40622.94
Indrapuri,1,1,780,Fully Furnished,5-10 years,46.35,46846.1
chuna bhatti,5,4,2172,Semi Furnished,10+ years,130.78,113160.04
Anand nagar,2,2,1183,Fully Furnished,New,49.07,57428.15
Chuna Bhatti,1,1,405,Unfurnished,10+ years,26.83,32105.22
Bawadiya Kalan,3,3,1399,Unfurnished,10+ years,89.07,85753.15
Anand nagar,3,3,1007,Unfurnished,10+ years,52.08,61788.41
Gulmohar,4,3,1872,Fully Furnished,10+ years,100.95,99356.02
Habibganj,5,4,2454,Unfurnished,10+ years,164.02,136612.35
Chuna Bhatti,1,1,726,Unfurnished,10+ years,31.95,36447.88
Indrapuri,3,3,1527,Fully Furnished,5-10 years,94.71,112552.04
Gandhi nagar,2,2,1026,Fully Furnished,New,52.13,61304.04
Kolar hills,1,1,597,Fully Furnished,New,40.84,38517.41
Karond,4,3,1436,Semi Furnished,10+ years,72.32,77324.31
Shyamla Hills,1,1,714,Semi Furnished,New,47.45,45031.86
Lalghati,4,3,1576,Semi Furnished,10+ years,88.21,95571.2
Shanti Nagar,3,3,1014,Fully Furnished,10+ years,68.88,78517.03
kohefiza,1,1,497,Unfurnished,5-10 years,29.05,26991.89
Shanti Nagar,2,2,887,Unfurnished,5-10 years,60.91,58306.17
Gandhi nagar,2,2,754,Unfurnished,10+ years,46.25,39296.32
Shyamla Hills,3,3,1270,Semi Furnished,1-5 years,58.95,53574.89
Ratnagiri,4,3,2087,Semi Furnished,1-5 years,123.88,106855.27
Barkheda,1,1,727,Fully Furnished,10+ years,45.43,48729.41
Bawadiya Kalan,5,4,2928,Unfurnished,10+ years,133.26,157150.49
Bairagarh,3,3,1406,Unfurnished,10+ years,85.15,88191.01
Narela,5,4,2971,Semi Furnished,10+ years,122.46,133165.47
Roshanpura,5,4,2161,Unfurnished,10+ years,106.81,102947.66
Barkheda,3,3,1317,Fully Furnished,New,66.29,57948.15
New market,2,2,810,Semi Furnished,10+ years,48.87,52611.49
Shyamla Hills,1,1,678,Fully Furnished,5-10 years,47.18,54983.14
Barkheda,5,4,2343,Unfurnished,5-10 years,118.98,122902.93
Saket nagar,1,1,727,Semi Furnished,1-5 years,44.29,41448.82
Bittan Market,3,3,1410,Fully Furnished,New,79.69,74103.09
eidgah hills,1,1,492,Unfurnished,New,20.13,19230.95
New market,1,1,741,Fully Furnished,5-10 years,31.81,26616.45
Roshanpura,1,1,417,Fully Furnished,5-10 years,24.08,22653.41
ibrahimpura,4,3,2040,Semi Furnished,New,137.34,154286.05
Vikas Nagar,3,3,1539,Semi Furnished,New,88.12,91536.98
sultaniya road,2,2,1092,Fully Furnished,New,55.66,51417.1
Avadhpuri,1,1,490,Unfurnished,10+ years,23.62,26698.52
Ayodhya nagar,2,2,1028,Semi Furnished,10+ years,45.3,50186.98
Piplani,2,2,826,Unfurnished,10+ years,48.66,51413.41
Indrapuri,4,3,1689,Semi Furnished,New,80.6,86019.87
Prabhat petrol pump,4,3,1750,Fully Furnished,1-5 years,89.61,102920.2
Prabhat petrol pump,2,2,1038,Fully Furnished,5-10 years,51.02,50065.03
Roshanpura,4,3,1686,Semi Furnished,1-5 years,70.86,57601.08
eidgah hills,5,4,2956,Semi Furnished,5-10 years,189.64,165587.43
ibrahimpura,2,2,784,Unfurnished,5-10 years,32.51,27208.91
Bawadiya Kalan,3,3,1017,Unfurnished,5-10 years,43.39,42372.76
Arera Colony,5,4,2105,Semi Furnished,New,113.07,126878.55
Hoshangabad Road,3,3,1461,Unfurnished,10+ years,82.92,66384.14
Shanti Nagar,1,1,490,Fully Furnished,10+ years,32.47,29262.89
Vikas Nagar,2,2,1025,Fully Furnished,10+ years,53.57,54629.55
Shyamla Hills,5,4,2598,Unfurnished,5-10 years,112.24,127776.54
Chuna Bhatti,5,4,2688,Semi Furnished,10+ years,134.49,108015.31
Ratnagiri,3,3,1135,Unfurnished,10+ years,55.85,54593.74
Arera Colony,3,3,1415,Semi Furnished,New,86.34,102593.86
Narela,5,4,2154,Unfurnished,1-5 years,139.87,149069.49
Habibganj,1,1,411,Fully Furnished,10+ years,17.59,14524.13
jahangirabad,2,2,835,Unfurnished,5-10 years,56.54,52494.74
New market,2,2,730,Semi Furnished,New,39.37,44083.34
Service road,1,1,701,Fully Furnished,New,44.86,44010.76
Service road,4,3,1789,Semi Furnished,10+ years,83.49,91942.84
Bittan Market,4,3,1442,Fully Furnished,1-5 years,74.31,78995.53
Anand nagar,2,2,1081,Semi Furnished,1-5 years,52.48,49070.41
Anand nagar,5,4,2285,Semi Furnished,1-5 years,119.77,108871.17
Service road,1,1,621,Unfurnished,5-10 years,39.85,47287.13
Indrapuri,1,1,481,Unfurnished,10+ years,30.34,35152.12
Shanti Nagar,1,1,658,Semi Furnished,New,27.96,26897.19
Bawadiya Kalan,3,3,1260,Unfurnished,New,51.09,49533.23
Sonagiri,1,1,783,Unfurnished,10+ years,51.86,56750.97
Narela,4,3,1533,Semi Furnished,1-5 years,103.22,110078.72
MP Nagar,3,3,1286,Unfurnished,5-10 years,81.33,86743.67
Sonagiri,3,3,1048,Semi Furnished,10+ years,62.06,70944.88
Gandhi nagar,4,3,1863,Fully Furnished,10+ years,95.99,83666.77
Ayodhya nagar,3,3,1544,Fully Furnished,1-5 years,105.82,116643.69
VIP road,4,3,2048,Unfurnished,1-5 years,130.75,141994.6
Shanti Nagar,1,1,506,Semi Furnished,5-10 years,21.67,19472.66
Sonagiri,3,3,1143,Fully Furnished,5-10 years,64.66,68671.01
Nizamuddin colony,5,4,2089,Unfurnished,10+ years,116.77,100953.84
Barkheda,2,2,1164,Fully Furnished,1-5 years,48.97,46252.17
Kolar hills,4,3,1590,Unfurnished,5-10 years,67.72,56023.47
Service road,1,1,708,Fully Furnished,5-10 years,44.42,42031.65
char Imli,3,3,1209,Semi Furnished,1-5 years,61.15,57134.1
Prabhat petrol pump,4,3,1404,Semi Furnished,10+ years,58.22,47896.24
Shanti Nagar,1,1,708,Semi Furnished,1-5 years,47.11,40507.58
MP Nagar,2,2,900,Fully Furnished,10+ years,52.79,60856.96
Ayodhya bypass,5,4,2882,Unfurnished,New,172.34,203740.87
Kolar Road,2,2,710,Semi Furnished,New,45.88,37380.55
ibrahimpura,4,3,1984,Fully Furnished,1-5 years,97.29,80848.83
Lalghati,2,2,976,Fully Furnished,10+ years,45.13,46328.5
MP Nagar,1,1,447,Semi Furnished,New,30.16,27971.82
Nizamuddin colony,2,2,1154,Fully Furnished,1-5 years,52.54,44638.89
ibrahimpura,1,1,668,Semi Furnished,1-5 years,28.55,24105.1
Misrod,3,3,1052,Unfurnished,10+ years,70.29,68740.24
Shyamla Hills,4,3,2099,Semi Furnished,10+ years,136.23,111243.75
Saket nagar,2,2,965,Unfurnished,5-10 years,38.68,43647.37
New market,5,4,2173,Unfurnished,1-5 years,112.38,133513.31
Gulmohar,1,1,577,Fully Furnished,New,37.59,38181.2
Bawadiya Kalan,5,4,2382,Fully Furnished,5-10 years,100.74,108577.61
Roshanpura,3,3,1531,Semi Furnished,10+ years,74.06,86223.93
chuna bhatti,5,4,2391,Fully Furnished,5-10 years,165.44,169273.51
Nizamuddin colony,2,2,764,Fully Furnished,10+ years,45.67,51073.55
Sonagiri,2,2,840,Unfurnished,New,40.43,39328.32
chuna bhatti,1,1,447,Unfurnished,1-5 years,30.97,27224.42
Ayodhya bypass,5,4,2014,Unfurnished,10+ years,129.65,137203.41
Ashoka garden,1,1,473,Unfurnished,10+ years,20.49,20169.79
Ayodhya nagar,5,4,2549,Fully Furnished,New,109.61,105091.82
MP Nagar,4,3,1651,Unfurnished,5-10 years,77.78,92824.79
Prabhat petrol pump,3,3,1430,Unfurnished,1-5 years,95.05,107113.71
Chuna Bhatti,1,1,695,Fully Furnished,New,35.27,41904.66
Karond,2,2,807,Fully Furnished,New,39.76,34769.89
Bairagarh,3,3,1383,Fully Furnished,10+ years,81.66,75431.69
Piplani,3,3,1142,Fully Furnished,New,53.87,46860.37
Govindpura,2,2,804,Semi Furnished,5-10 years,51.58,57160.72
Hoshangabad Road,3,3,1415,Fully Furnished,New,86.43,89262.01
Bairagarh,1,1,624,Semi Furnished,10+ years,34.24,34049.69
chuna bhatti,5,4,2179,Unfurnished,10+ years,140.38,166286.7
Shyamla Hills,5,4,2548,Fully Furnished,1-5 years,173.7,186168.44
Hoshangabad Road,4,3,1702,Unfurnished,New,73.66,76014.31
Vijay nagar,3,3,1303,Semi Furnished,1-5 years,78.17,89434.62
Vikas Nagar,5,4,2422,Semi Furnished,10+ years,161.28,183200.88
Bittan Market,4,3,1968,Fully Furnished,New,128.24,120566.55
Karond,5,4,2751,Fully Furnished,5-10 years,153.11,126032.42
eidgah hills,3,3,1483,Fully Furnished,10+ years,95.71,87455.36
Arjun Nagar,4,3,1564,Unfurnished,New,106.12,123804.72
Chuna Bhatti,1,1,691,Fully Furnished,5-10 years,36.76,40612.41
Nizamuddin colony,5,4,2533,Unfurnished,10+ years,172.58,163635.0
Barkheda,3,3,1155,Unfurnished,10+ years,58.05,68381.82
Bawadiya Kalan,5,4,2336,Semi Furnished,1-5 years,142.11,119543.74
Hoshangabad Road,5,4,2266,Fully Furnished,5-10 years,131.64,123812.67
sultaniya road,1,1,684,Fully Furnished,10+ years,45.47,53475.62
Minal,3,3,1117,Unfurnished,5-10 years,77.55,64098.87
Lalghati,3,3,1386,Fully Furnished,1-5 years,57.89,60215.07
Shanti Nagar,3,3,1197,Semi Furnished,1-5 years,68.03,71414.67
Karond,1,1,421,Unfurnished,5-10 years,17.76,15023.81
Misrod,3,3,1482,Unfurnished,1-5 years,75.2,78189.55
Piplani,5,4,2526,Unfurnished,10+ years,136.96,142307.38
Nizamuddin colony,4,3,1570,Semi Furnished,1-5 years,63.8,70697.49
Hoshangabad Road,2,2,1084,Semi Furnished,New,61.13,62342.14
Piplani,4,3,1921,Semi Furnished,1-5 years,122.36,131387.82
Shyamla Hills,5,4,2782,Fully Furnished,1-5 years,172.4,198950.39
Gulmohar,2,2,965,Fully Furnished,New,57.02,45827.73
Vijay nagar,2,2,847,Unfurnished,10+ years,38.94,34492.12
Ashoka garden,2,2,759,Fully Furnished,New,34.81,28443.19
sultaniya road,5,4,2433,Semi Furnished,1-5 years,144.88,171143.21
Ayodhya bypass,4,3,1918,Fully Furnished,New,106.76,99828.83
Ayodhya nagar,2,2,787,Fully Furnished,5-10 years,45.79,54363.99
chuna bhatti,2,2,818,Fully Furnished,New,35.3,41320.93
Gandhi nagar,5,4,2628,Semi Furnished,1-5 years,135.75,155112.36
Karond,5,4,2467,Semi Furnished,5-10 years,106.1,93230.16
Misrod,4,3,1833,Fully Furnished,10+ years,89.55,94961.91
Kolar hills,1,1,481,Fully Furnished,10+ years,19.71,19281.45
Habibganj,2,2,917,Unfurnished,10+ years,39.57,43155.24
sultaniya road,5,4,2400,Unfurnished,10+ years,137.34,153358.95
Kolar hills,3,3,1524,Fully Furnished,1-5 years,72.4,64508.85
Bairagarh,3,3,1379,Fully Furnished,10+ years,71.08,72941.82
Ayodhya bypass,1,1,577,Semi Furnished,1-5 years,34.99,28249.83
Avadhpuri,3,3,1050,Fully Furnished,5-10 years,72.06,74242.48
Karond,3,3,1115,Unfurnished,New,71.26,79377.81
Roshanpura,3,3,1226,Unfurnished,10+ years,53.69,60923.76
Kamla Nagar,3,3,1085,Semi Furnished,5-10 years,59.53,68529.93
Ayodhya bypass,4,3,1668,Semi Furnished,1-5 years,98.22,80233.76
ibrahimpura,2,2,1095,Unfurnished,New,52.98,46617.17
Tajul masjid,5,4,2071,Fully Furnished,New,103.89,110774.13
Prabhat petrol pump,2,2,720,Unfurnished,1-5 years,40.01,47016.22
Saket nagar,3,3,1313,Semi Furnished,New,81.57,69578.87
Hoshangabad Road,3,3,1405,Semi Furnished,New,57.86,49592.51
New market,1,1,542,Fully Furnished,10+ years,36.03,38476.18
Sonagiri,1,1,681,Semi Furnished,New,36.1,38340.52
char Imli,3,3,1147,Fully Furnished,10+ years,56.25,48398.43
Vikas Nagar,3,3,1290,Semi Furnished,5-10 years,77.67,92516.19
Piplani,2,2,789,Fully Furnished,1-5 years,52.92,46673.19
Bawadiya Kalan,5,4,2850,Unfurnished,5-10 years,169.95,147160.48
Kamla Nagar,1,1,409,Fully Furnished,5-10 years,18.08,15920.16
Bawadiya Kalan,5,4,2385,Unfurnished,10+ years,134.41,127835.94
Arjun Nagar,5,4,2145,Fully Furnished,1-5 years,99.3,105976.38
Gandhi nagar,2,2,1011,Unfurnished,1-5 years,59.78,65250.7
Ayodhya bypass,5,4,2671,Unfurnished,New,177.55,209429.85
Govindpura,1,1,464,Fully Furnished,New,21.87,21964.99
eidgah hills,1,1,716,Fully Furnished,5-10 years,36.9,42297.66
eidgah hills,4,3,1872,Semi Furnished,1-5 years,92.09,107359.86
MP Nagar,4,3,2114,Fully Furnished,New,114.91,96404.91
Sonagiri,3,3,1093,Fully Furnished,1-5 years,67.43,59290.16
Shanti Nagar,3,3,1577,Fully Furnished,10+ years,93.41,97216.24
Service road,1,1,479,Unfurnished,1-5 years,24.36,28721.59
New market,5,4,2799,Semi Furnished,1-5 years,193.1,192066.93
ibrahimpura,4,3,2193,Semi Furnished,New,131.26,111384.94
eidgah hills,2,2,932,Fully Furnished,New,62.19,61295.71
Arjun Nagar,4,3,1448,Unfurnished,New,100.95,120144.89
Bawadiya Kalan,4,3,1504,Fully Furnished,10+ years,69.26,62444.1
Indrapuri,2,2,1046,Unfurnished,1-5 years,59.32,68723.25
Service road,4,3,1862,Unfurnished,1-5 years,120.53,135563.95
jahangirabad,1,1,685,Unfurnished,10+ years,35.51,39105.07
Sonagiri,2,2,1100,Semi Furnished,New,76.23,70781.93
Vikas Nagar,3,3,1517,Semi Furnished,1-5 years,84.08,84113.21
Kamla Nagar,5,4,2175,Fully Furnished,1-5 years,88.35,80255.45
Hoshangabad Road,4,3,1790,Semi Furnished,10+ years,122.96,140452.63
MP Nagar,4,3,1531,Fully Furnished,New,100.82,104349.41
kohefiza,5,4,2543,Fully Furnished,1-5 years,159.82,137071.78
Avadhpuri,5,4,2761,Semi Furnished,10+ years,129.83,115967.09
Nizamuddin colony,5,4,2519,Semi Furnished,10+ years,172.58,155022.62
Tajul masjid,1,1,772,Unfurnished,5-10 years,32.99,32720.54
Bairagarh,5,4,2723,Unfurnished,5-10 years,112.11,125272.12
Shanti Nagar,1,1,630,Unfurnished,5-10 years,30.08,36011.54
Ratnagiri,2,2,1090,Fully Furnished,1-5 years,43.95,49809.5
Hoshangabad Road,4,3,2070,Fully Furnished,10+ years,131.44,133690.75
Misrod,5,4,2038,Semi Furnished,1-5 years,126.75,149739.18
chuna bhatti,4,3,1554,Unfurnished,10+ years,92.65,81694.0
New market,2,2,961,Unfurnished,1-5 years,65.3,60474.79
Bairagarh,4,3,1584,Semi Furnished,1-5 years,103.83,99652.27
Anand nagar,2,2,955,Fully Furnished,New,66.36,67373.57
MP Nagar,4,3,1809,Unfurnished,New,79.81,65871.96
Roshanpura,4,3,2191,Semi Furnished,10+ years,90.89,105246.95
Ratnagiri,1,1,508,Fully Furnished,1-5 years,28.98,26103.73
Barkheda,4,3,1858,Semi Furnished,New,99.76,117958.29
Gandhi nagar,1,1,595,Fully Furnished,5-10 years,31.0,36180.99
chuna bhatti,1,1,616,Unfurnished,10+ years,36.24,37100.29
eidgah hills,2,2,1048,Fully Furnished,New,62.0,67858.47
MP Nagar,5,4,2275,Unfurnished,1-5 years,91.59,79549.04
Piplani,5,4,2494,Semi Furnished,10+ years,102.57,118177.4
Barkheda,3,3,1580,Fully Furnished,New,92.74,98784.99
chuna bhatti,3,3,1570,Fully Furnished,New,76.96,67911.23
sultaniya road,4,3,1572,Unfurnished,1-5 years,71.79,74821.37
Hoshangabad Road,4,3,1731,Fully Furnished,10+ years,85.22,81979.52
Service road,4,3,1769,Semi Furnished,New,76.82,61997.68
Ashoka garden,2,2,1057,Fully Furnished,1-5 years,69.06,65795.08
Hoshangabad Road,1,1,775,Fully Furnished,1-5 years,32.96,38630.8
MP Nagar,3,3,1034,Fully Furnished,New,52.69,55583.11
New market,1,1,575,Unfurnished,1-5 years,36.68,33442.06
Ratnagiri,5,4,2345,Unfurnished,New,149.88,162501.68
Shyamla Hills,2,2,923,Semi Furnished,1-5 years,62.64,67813.86
Bawadiya Kalan,2,2,1088,Unfurnished,10+ years,66.44,77716.79
Ratnagiri,1,1,478,Unfurnished,5-10 years,26.9,30651.47
Piplani,2,2,1167,Fully Furnished,5-10 years,49.04,39395.83
Shanti Nagar,2,2,879,Unfurnished,5-10 years,36.71,40306.36
Ayodhya bypass,4,3,2041,Fully Furnished,1-5 years,92.02,87972.87
Nizamuddin colony,2,2,707,Unfurnished,10+ years,36.78,43405.12
Piplani,3,3,1132,Semi Furnished,New,45.81,38466.85
Shyamla Hills,3,3,1600,Fully Furnished,5-10 years,90.82,89008.18
Chuna Bhatti,5,4,2885,Fully Furnished,5-10 years,191.1,172203.61
Kamla Nagar,5,4,2430,Unfurnished,5-10 years,101.72,95791.82
eidgah hills,1,1,550,Semi Furnished,1-5 years,25.49,24176.32
Hoshangabad Road,3,3,1052,Unfurnished,1-5 years,63.61,61449.78
Minal,4,3,1859,Unfurnished,10+ years,113.23,93819.31
Habibganj,3,3,1228,Unfurnished,1-5 years,82.45,82254.48
Sonagiri,2,2,821,Semi Furnished,10+ years,35.63,41560.14
Bittan Market,4,3,1630,Fully Furnished,5-10 years,108.2,94229.4
Habibganj,4,3,1952,Fully Furnished,5-10 years,107.07,104674.34
Chuna Bhatti,1,1,400,Semi Furnished,1-5 years,22.77,26825.96
Bawadiya Kalan,3,3,1295,Unfurnished,1-5 years,88.95,97511.86
Vikas Nagar,1,1,725,Fully Furnished,5-10 years,34.98,31860.04
Hoshangabad Road,1,1,475,Fully Furnished,1-5 years,27.52,23846.65
Arjun Nagar,5,4,2205,Semi Furnished,5-10 years,130.25,117094.44
New market,4,3,2072,Semi Furnished,10+ years,131.54,152598.98
Kolar Road,3,3,1343,Unfurnished,10+ years,87.56,80579.52
Minal,1,1,652,Fully Furnished,5-10 years,36.22,34382.64
Minal,5,4,2154,Semi Furnished,5-10 years,147.84,159011.49
Barkheda,4,3,2063,Semi Furnished,5-10 years,133.37,136362.09
Gulmohar,3,3,1395,Fully Furnished,5-10 years,65.24,63305.68
Nizamuddin colony,5,4,2738,Unfurnished,New,163.08,156203.67
Vijay nagar,1,1,748,Unfurnished,1-5 years,36.56,37434.61
Misrod,5,4,2479,Semi Furnished,5-10 years,136.69,158947.78
ibrahimpura,5,4,2618,Semi Furnished,10+ years,106.23,109887.84
sultaniya road,2,2,1038,Fully Furnished,5-10 years,52.51,46810.68
Hoshangabad Road,3,3,1583,Unfurnished,1-5 years,96.49,91098.4
Anand nagar,5,4,2756,Fully Furnished,1-5 years,161.29,176761.23
Service road,1,1,579,Unfurnished,10+ years,36.04,33347.28
Roshanpura,5,4,2461,Fully Furnished,1-5 years,158.59,134250.84
ibrahimpura,4,3,1780,Unfurnished,5-10 years,109.12,94286.22
kohefiza,2,2,956,Unfurnished,5-10 years,63.71,56623.65
Gandhi nagar,3,3,1460,Unfurnished,1-5 years,98.0,108690.61
Habibganj,2,2,1055,Semi Furnished,New,68.23,77041.21
Saket nagar,5,4,2135,Semi Furnished,New,125.14,146652.54
Kolar hills,2,2,978,Unfurnished,5-10 years,50.24,57756.26
Barkheda,2,2,801,Unfurnished,10+ years,49.76,42972.62
VIP road,5,4,2073,Unfurnished,5-10 years,87.78,98526.48
Avadhpuri,2,2,841,Fully Furnished,5-10 years,51.94,50334.24
Arera Colony,5,4,2855,Semi Furnished,New,136.41,144021.77
Vikas Nagar,4,3,2060,Fully Furnished,1-5 years,140.38,121377.22
Chuna Bhatti,1,1,667,Semi Furnished,1-5 years,42.58,45375.5
Vijay nagar,2,2,1145,Fully Furnished,5-10 years,75.67,60687.19
ibrahimpura,4,3,2015,Fully Furnished,10+ years,124.81,133109.95
Ashoka garden,1,1,779,Fully Furnished,New,47.63,53111.51
ibrahimpura,1,1,763,Unfurnished,10+ years,52.57,46455.96
Roshanpura,5,4,2541,Unfurnished,5-10 years,143.99,135286.89
Gandhi nagar,5,4,2639,Semi Furnished,1-5 years,155.67,184640.53
Arjun Nagar,4,3,1667,Fully Furnished,10+ years,85.85,90780.99
Arjun Nagar,4,3,1705,Unfurnished,1-5 years,110.4,118525.46
MP Nagar,1,1,601,Fully Furnished,New,33.46,30882.87
Bairagarh,5,4,2645,Unfurnished,1-5 years,144.18,171406.84
Shivaji Nagar,2,2,793,Unfurnished,1-5 years,40.85,44514.65
MP Nagar,1,1,415,Unfurnished,5-10 years,20.16,19766.42
Roshanpura,5,4,2636,Fully Furnished,5-10 years,171.61,172761.49
Nizamuddin colony,5,4,2544,Semi Furnished,New,122.91,122268.13
Sonagiri,2,2,1057,Semi Furnished,1-5 years,64.03,58393.21
Lalghati,5,4,2989,Fully Furnished,New,138.3,146957.1
Sonagiri,4,3,2174,Semi Furnished,1-5 years,102.93,119654.59
Bawadiya Kalan,2,2,770,Semi Furnished,New,46.56,37308.0
eidgah hills,3,3,1501,Semi Furnished,New,63.42,61984.78
Narela,4,3,1872,Semi Furnished,10+ years,123.65,124566.68
sultaniya road,5,4,2302,Semi Furnished,10+ years,99.86,88987.22
New market,4,3,1641,Semi Furnished,New,85.52,101917.3
Gulmohar,4,3,1443,Semi Furnished,5-10 years,95.82,101661.13
Tajul masjid,3,3,1514,Semi Furnished,10+ years,102.66,93508.72
Indrapuri,4,3,2147,Fully Furnished,5-10 years,110.14,89053.07
Barkheda,3,3,1257,Fully Furnished,New,72.89,66603.21
Hoshangabad Road,1,1,773,Fully Furnished,10+ years,45.04,39688.13
Gandhi nagar,1,1,423,Semi Furnished,10+ years,17.72,18421.27
Avadhpuri,1,1,423,Fully Furnished,1-5 years,25.33,25123.46
Saket nagar,5,4,2768,Semi Furnished,10+ years,137.95,136200.86
Shanti Nagar,2,2,840,Unfurnished,5-10 years,40.54,35403.71
Gulmohar,4,3,1693,Fully Furnished,1-5 years,87.17,80805.41
Bairagarh,5,4,2326,Fully Furnished,New,114.03,132049.78
Habibganj,5,4,2978,Unfurnished,1-5 years,133.23,138511.36
Barkheda,2,2,1031,Fully Furnished,New,43.96,43820.44
Gandhi nagar,5,4,2078,Fully Furnished,10+ years,111.86,112129.8
chuna bhatti,3,3,1383,Semi Furnished,1-5 years,94.77,100398.32
New market,2,2,1060,Semi Furnished,1-5 years,53.47,54876.49
kohefiza,3,3,1549,Semi Furnished,5-10 years,98.41,95778.09
eidgah hills,5,4,2356,Unfurnished,10+ years,152.17,139065.73
Ayodhya nagar,5,4,2738,Semi Furnished,New,120.28,124612.18
Arjun Nagar,2,2,1183,Fully Furnished,10+ years,69.36,59382.82
Misrod,3,3,1027,Unfurnished,5-10 years,68.37,70253.61
Arjun Nagar,3,3,1178,Unfurnished,1-5 years,64.68,61362.18
ibrahimpura,4,3,1842,Fully Furnished,New,78.69,83767.22
Ayodhya bypass,3,3,1365,Semi Furnished,5-10 years,79.65,93087.43
eidgah hills,4,3,2037,Unfurnished,New,123.97,148163.32
Kolar Road,3,3,1282,Fully Furnished,5-10 years,84.08,95879.9
Saket nagar,5,4,2783,Fully Furnished,1-5 years,139.32,118911.54
Gandhi nagar,3,3,1252,Semi Furnished,5-10 years,63.41,71933.17
New market,2,2,832,Unfurnished,New,53.54,51295.41
Piplani,4,3,2171,Fully Furnished,New,103.52,102328.26
Saket nagar,3,3,1113,Fully Furnished,5-10 years,55.11,57634.14
Karond,5,4,2233,Fully Furnished,10+ years,119.18,124914.93
VIP road,1,1,508,Semi Furnished,5-10 years,25.85,27520.81
Tajul masjid,1,1,651,Semi Furnished,1-5 years,29.38,34204.42
Anand nagar,3,3,1429,Semi Furnished,1-5 years,95.69,90358.52
Nizamuddin colony,5,4,2075,Unfurnished,New,129.78,128768.17
Arera Colony,2,2,1121,Unfurnished,10+ years,66.32,67736.48
Saket nagar,4,3,2034,Unfurnished,5-10 years,121.62,122329.81
Shyamla Hills,4,3,2126,Unfurnished,10+ years,137.02,145441.37
Bittan Market,4,3,1735,Unfurnished,1-5 years,110.06,114106.44
kohefiza,3,3,1134,Semi Furnished,New,47.31,51893.25
Misrod,4,3,2182,Semi Furnished,1-5 years,112.84,97313.94
Kamla Nagar,2,2,717,Unfurnished,10+ years,37.16,38056.76
eidgah hills,2,2,1056,Fully Furnished,5-10 years,64.6,53336.23
chuna bhatti,5,4,2797,Semi Furnished,1-5 years,148.23,151900.59
Govindpura,1,1,546,Unfurnished,10+ years,31.32,27583.49
Shanti Nagar,2,2,1075,Unfurnished,1-5 years,53.12,55313.73
Chuna Bhatti,4,3,1811,Unfurnished,5-10 years,80.94,82321.91
Chuna Bhatti,1,1,658,Unfurnished,10+ years,45.77,51906.35
Arjun Nagar,4,3,1756,Semi Furnished,1-5 years,99.32,95628.21
Roshanpura,1,1,600,Unfurnished,10+ years,29.45,30605.04
Bairagarh,5,4,2645,Fully Furnished,10+ years,135.53,138915.78
Habibganj,2,2,751,Fully Furnished,New,36.95,30537.58
MP Nagar,1,1,595,Fully Furnished,5-10 years,33.16,33006.57
chuna bhatti,4,3,1836,Fully Furnished,5-10 years,80.51,87749.31
Minal,5,4,2291,Semi Furnished,5-10 years,132.8,127675.86
Bittan Market,5,4,2392,Semi Furnished,New,155.11,124681.25
Karond,4,3,1723,Fully Furnished,10+ years,92.88,97179.82
chuna bhatti,1,1,548,Unfurnished,New,31.26,33060.97
Gandhi nagar,4,3,1853,Unfurnished,5-10 years,92.64,108149.46
Arjun Nagar,5,4,2342,Unfurnished,New,110.65,99783.9
Service road,3,3,1015,Unfurnished,New,61.29,67703.07
Karond,1,1,694,Fully Furnished,5-10 years,42.82,44884.45
Karond,3,3,1107,Unfurnished,1-5 years,45.89,48192.78
Kolar hills,3,3,1460,Semi Furnished,10+ years,95.86,81507.98
Roshanpura,3,3,1223,Unfurnished,10+ years,63.01,64016.53
Gandhi nagar,2,2,1115,Semi Furnished,5-10 years,55.87,60058.84
chuna bhatti,4,3,1565,Unfurnished,10+ years,103.42,91391.79
Gandhi nagar,3,3,1280,Semi Furnished,New,73.1,74195.86
Chuna Bhatti,4,3,2032,Fully Furnished,New,131.34,129945.11
VIP road,5,4,2609,Fully Furnished,New,106.43,123931.89
Bawadiya Kalan,5,4,2206,Semi Furnished,1-5 years,106.66,127842.98
chuna bhatti,4,3,1876,Semi Furnished,10+ years,114.99,134220.47
Chuna Bhatti,4,3,1570,Semi Furnished,5-10 years,72.5,83982.42
Hoshangabad Road,2,2,1159,Unfurnished,New,71.83,75708.5
jahangirabad,1,1,576,Semi Furnished,New,40.13,35318.58
MP Nagar,3,3,1546,Semi Furnished,5-10 years,103.98,97963.67
eidgah hills,3,3,1222,Fully Furnished,New,53.39,52914.66
Roshanpura,2,2,773,Unfurnished,5-10 years,49.79,42958.74
Sonagiri,3,3,1356,Fully Furnished,5-10 years,94.48,83868.95
Kolar hills,2,2,888,Unfurnished,1-5 years,55.47,47464.17
Minal,4,3,1937,Semi Furnished,10+ years,133.8,112285.66
Habibganj,4,3,1642,Fully Furnished,10+ years,89.92,105130.78
Ayodhya bypass,5,4,2698,Unfurnished,5-10 years,129.42,136664.94
Ayodhya bypass,4,3,1684,Semi Furnished,New,83.33,78901.53
Indrapuri,3,3,1082,Fully Furnished,5-10 years,73.69,71807.68
Indrapuri,4,3,1708,Fully Furnished,10+ years,73.36,75804.18
Lalghati,2,2,1138,Fully Furnished,1-5 years,68.86,81513.86
Gulmohar,4,3,1944,Unfurnished,1-5 years,100.76,101458.81
Nizamuddin colony,3,3,1000,Semi Furnished,1-5 years,58.75,61529.35
VIP road,5,4,2595,Fully Furnished,10+ years,143.24,159012.75
Tajul masjid,1,1,765,Unfurnished,New,45.2,37161.11
Kamla Nagar,1,1,503,Fully Furnished,10+ years,33.19,34030.19
Roshanpura,3,3,1389,Fully Furnished,5-10 years,57.45,66610.42
Avadhpuri,4,3,1565,Semi Furnished,New,104.92,109308.29
Bairagarh,4,3,2191,Unfurnished,New,147.39,173159.58
MP Nagar,3,3,1516,Unfurnished,10+ years,70.63,71665.42
sultaniya road,1,1,519,Unfurnished,New,35.55,39069.9
Barkheda,2,2,798,Unfurnished,5-10 years,40.45,45049.25
Ayodhya nagar,3,3,1133,Unfurnished,5-10 years,65.87,76922.94
Chuna Bhatti,4,3,1626,Semi Furnished,New,71.43,74036.25
Lalghati,3,3,1563,Semi Furnished,New,68.17,66906.8
Bawadiya Kalan,2,2,998,Semi Furnished,10+ years,42.42,39668.81
eidgah hills,4,3,2118,Semi Furnished,New,134.51,147240.89
Habibganj,3,3,1404,Semi Furnished,10+ years,94.74,101154.54
sultaniya road,2,2,941,Fully Furnished,5-10 years,50.35,59949.14
Kolar hills,5,4,2392,Semi Furnished,10+ years,132.89,123873.33
Anand nagar,1,1,592,Unfurnished,New,28.38,28582.32
New market,1,1,685,Unfurnished,10+ years,47.15,52451.79
Govindpura,5,4,2095,Semi Furnished,5-10 years,95.96,81288.53
Chuna Bhatti,5,4,2811,Semi Furnished,10+ years,181.37,160637.86
Habibganj,3,3,1454,Unfurnished,New,85.76,79926.21
VIP road,1,1,611,Unfurnished,New,35.3,41310.71
Karond,5,4,2525,Fully Furnished,1-5 years,126.93,115109.67
MP Nagar,5,4,2449,Semi Furnished,10+ years,98.37,114333.25
Gandhi nagar,4,3,1954,Unfurnished,10+ years,126.9,144279.18
Bawadiya Kalan,3,3,1524,Unfurnished,1-5 years,102.23,100170.34
Service road,3,3,1114,Fully Furnished,1-5 years,66.36,69023.93
Ratnagiri,5,4,2898,Semi Furnished,1-5 years,128.89,104009.25
Narela,5,4,2516,Unfurnished,10+ years,164.82,183656.4
Govindpura,4,3,1865,Semi Furnished,1-5 years,128.02,122067.3
Avadhpuri,5,4,2976,Fully Furnished,New,172.22,184567.15
chuna bhatti,3,3,1558,Semi Furnished,10+ years,107.89,121032.78
Gulmohar,4,3,1604,Unfurnished,10+ years,66.62,62070.41
Roshanpura,2,2,888,Unfurnished,1-5 years,37.94,37954.32
Kolar Road,5,4,2419,Fully Furnished,New,118.44,126007.28
Lalghati,3,3,1396,Semi Furnished,1-5 years,90.2,77166.52
Kamla Nagar,2,2,1046,Fully Furnished,1-5 years,66.13,58869.01
Gandhi nagar,1,1,451,Unfurnished,5-10 years,29.7,30458.13
Hoshangabad Road,4,3,2178,Semi Furnished,5-10 years,148.36,170145.15
Misrod,4,3,2141,Fully Furnished,5-10 years,94.62,104361.11
Habibganj,5,4,2556,Fully Furnished,1-5 years,125.54,100599.93
Saket nagar,3,3,1079,Semi Furnished,10+ years,70.83,80746.74
Narela,5,4,2058,Semi Furnished,10+ years,134.78,115377.73
Lalghati,3,3,1081,Unfurnished,5-10 years,51.51,59878.98
Gandhi nagar,5,4,2903,Semi Furnished,New,136.64,140693.83
Ratnagiri,1,1,591,Unfurnished,1-5 years,31.57,25863.36
Minal,4,3,2089,Unfurnished,10+ years,85.76,85556.34
ibrahimpura,2,2,845,Fully Furnished,New,35.21,32352.01
Roshanpura,1,1,439,Unfurnished,New,27.03,32075.51
Shyamla Hills,4,3,1922,Fully Furnished,1-5 years,95.05,87624.79
Vijay nagar,3,3,1520,Fully Furnished,10+ years,87.45,77985.08
MP Nagar,2,2,702,Semi Furnished,10+ years,33.87,29396.32
Chuna Bhatti,2,2,775,Fully Furnished,New,48.91,46617.48
Misrod,4,3,1977,Unfurnished,5-10 years,129.68,121185.55
Narela,4,3,1781,Semi Furnished,5-10 years,86.89,70705.54
Bawadiya Kalan,3,3,1595,Unfurnished,5-10 years,78.56,87649.16
Saket nagar,2,2,817,Fully Furnished,New,40.06,40997.15
chuna bhatti,3,3,1182,Semi Furnished,5-10 years,82.61,95741.55
Shanti Nagar,4,3,1749,Unfurnished,5-10 years,88.04,77094.09
Karond,1,1,681,Semi Furnished,5-10 years,29.91,33132.92
sultaniya road,5,4,2873,Fully Furnished,10+ years,167.51,193140.23
Karond,2,2,859,Unfurnished,1-5 years,44.17,44022.81
Saket nagar,1,1,773,Fully Furnished,10+ years,54.01,50681.81
Shivaji Nagar,1,1,760,Fully Furnished,New,51.26,42235.96
Bittan Market,1,1,708,Semi Furnished,New,44.19,48294.88
Misrod,1,1,509,Unfurnished,5-10 years,28.49,28409.82
Chuna Bhatti,5,4,2513,Unfurnished,5-10 years,119.21,100066.12
VIP road,3,3,1224,Semi Furnished,10+ years,77.37,63202.56
Lalghati,1,1,483,Unfurnished,10+ years,30.27,28712.28
Vijay nagar,1,1,736,Semi Furnished,New,29.65,29748.81
Misrod,4,3,1599,Semi Furnished,1-5 years,74.13,72161.01
Barkheda,1,1,739,Semi Furnished,10+ years,36.01,37848.12
Arjun Nagar,1,1,441,Fully Furnished,New,22.67,26400.75
Roshanpura,5,4,2636,Fully Furnished,1-5 years,118.28,139603.79
Ashoka garden,1,1,526,Unfurnished,10+ years,30.43,32754.19
Prabhat petrol pump,3,3,1527,Fully Furnished,10+ years,101.59,90858.14
Misrod,1,1,481,Unfurnished,New,32.69,27803.96
Nizamuddin colony,1,1,743,Semi Furnished,New,51.07,46811.91
Bawadiya Kalan,4,3,1849,Unfurnished,10+ years,97.23,97969.83
Kamla Nagar,5,4,2319,Unfurnished,New,133.18,143414.43
Prabhat petrol pump,2,2,930,Unfurnished,1-5 years,47.91,52193.03
Ratnagiri,1,1,741,Fully Furnished,New,48.12,56193.95
Minal,1,1,694,Fully Furnished,10+ years,29.19,29515.32
Lalghati,3,3,1054,Unfurnished,1-5 years,42.36,36241.78
chuna bhatti,4,3,1851,Fully Furnished,10+ years,121.7,111635.41
Habibganj,4,3,2003,Fully Furnished,5-10 years,84.82,84040.54
Anand nagar,1,1,594,Unfurnished,5-10 years,34.35,37493.53
Anand nagar,2,2,1008,Unfurnished,1-5 years,41.59,42857.4
Piplani,2,2,821,Semi Furnished,10+ years,49.37,50266.7
Tajul masjid,3,3,1279,Unfurnished,5-10 years,87.0,96397.74
jahangirabad,5,4,2052,Unfurnished,10+ years,128.03,122058.37
Prabhat petrol pump,4,3,1613,Semi Furnished,1-5 years,64.96,57255.89
Anand nagar,5,4,2505,Fully Furnished,10+ years,136.69,111752.84
Shanti Nagar,2,2,1098,Fully Furnished,1-5 years,62.77,61034.33
MP Nagar,2,2,1018,Semi Furnished,10+ years,47.91,46536.85
Nizamuddin colony,3,3,1535,Fully Furnished,New,82.69,72993.5
Shyamla Hills,1,1,650,Semi Furnished,5-10 years,40.43,37338.61
Minal,1,1,539,Fully Furnished,1-5 years,36.82,29653.94
Bawadiya Kalan,5,4,2068,Unfurnished,1-5 years,127.03,132505.58
Gulmohar,2,2,829,Unfurnished,5-10 years,34.14,32966.73
Shyamla Hills,4,3,1866,Unfurnished,1-5 years,112.71,113899.53
Ashoka garden,3,3,1457,Fully Furnished,1-5 years,80.77,71108.57
Sonagiri,5,4,2570,Fully Furnished,New,126.13,131484.37
Hoshangabad Road,3,3,1037,Fully Furnished,5-10 years,45.72,48344.47
Piplani,1,1,748,Semi Furnished,1-5 years,46.66,55471.55
Minal,2,2,848,Fully Furnished,1-5 years,48.35,44312.35
Ayodhya nagar,5,4,2847,Unfurnished,New,132.0,130724.94
jahangirabad,4,3,1919,Unfurnished,1-5 years,122.47,103336.83
Arjun Nagar,1,1,543,Unfurnished,10+ years,34.97,28021.33
Arera Colony,1,1,690,Unfurnished,New,32.72,29345.36
Arjun Nagar,3,3,1404,Unfurnished,New,88.9,73397.42
Gulmohar,5,4,2829,Unfurnished,1-5 years,130.19,118094.11
Ratnagiri,5,4,2069,Unfurnished,New,91.12,86987.77
Nizamuddin colony,4,3,1520,Fully Furnished,10+ years,68.88,68086.72
Shanti Nagar,4,3,1882,Semi Furnished,5-10 years,102.82,110569.49
Shyamla Hills,4,3,1523,Fully Furnished,1-5 years,85.6,83950.21
Indrapuri,1,1,721,Unfurnished,1-5 years,47.77,38449.73
eidgah hills,2,2,770,Fully Furnished,1-5 years,41.47,49736.47
Gandhi nagar,3,3,1389,Semi Furnished,1-5 years,95.4,81527.61
char Imli,1,1,471,Unfurnished,5-10 years,22.44,22174.97
Shanti Nagar,3,3,1187,Unfurnished,1-5 years,72.08,83824.91
chuna bhatti,4,3,1610,Semi Furnished,5-10 years,103.67,119350.16
Roshanpura,4,3,2079,Semi Furnished,New,144.83,163833.42
ibrahimpura,3,3,1335,Unfurnished,1-5 years,85.11,95298.4
Misrod,1,1,439,Fully Furnished,New,20.17,21764.52
Narela,3,3,1367,Semi Furnished,New,86.71,72563.53
Sonagiri,2,2,736,Semi Furnished,5-10 years,46.01,44818.11
Narela,5,4,2659,Fully Furnished,1-5 years,149.52,153292.33
Gandhi nagar,2,2,891,Fully Furnished,New,46.24,46479.64
Ratnagiri,4,3,1717,Unfurnished,10+ years,103.93,95108.68
VIP road,1,1,564,Unfurnished,New,26.82,26617.66
kohefiza,3,3,1458,Fully Furnished,New,70.56,68623.97
ibrahimpura,1,1,590,Unfurnished,10+ years,32.38,38413.18
Govindpura,4,3,1782,Semi Furnished,New,123.34,102424.43
Karond,4,3,1834,Unfurnished,1-5 years,102.94,97094.31
Saket nagar,5,4,2297,Semi Furnished,New,113.57,92722.16
jahangirabad,2,2,894,Unfurnished,New,36.16,42088.44
Ratnagiri,5,4,2867,Fully Furnished,10+ years,199.09,178253.58
Arjun Nagar,5,4,2925,Fully Furnished,1-5 years,184.41,167061.46
jahangirabad,1,1,432,Fully Furnished,10+ years,24.21,21386.46
Habibganj,2,2,1138,Unfurnished,1-5 years,78.72,81075.76
Arera Colony,4,3,1977,Semi Furnished,5-10 years,132.67,120455.72
Gulmohar,4,3,1893,Semi Furnished,1-5 years,112.22,119790.79
chuna bhatti,3,3,1463,Semi Furnished,New,91.54,99586.82
Sonagiri,1,1,493,Fully Furnished,New,20.01,17483.21
Avadhpuri,4,3,1528,Semi Furnished,5-10 years,66.59,72853.81
Sonagiri,4,3,2172,Semi Furnished,5-10 years,104.0,93430.49
Bawadiya Kalan,3,3,1102,Semi Furnished,New,49.7,40790.44
Arera Colony,4,3,2100,Unfurnished,1-5 years,104.06,113254.75
Avadhpuri,4,3,1653,Unfurnished,1-5 years,72.82,86875.56
Shivaji Nagar,3,3,1576,Unfurnished,10+ years,92.75,74657.94
Bawadiya Kalan,5,4,2616,Semi Furnished,5-10 years,115.0,101350.17
Kolar Road,5,4,2664,Fully Furnished,New,120.22,100783.85
Tajul masjid,5,4,2372,Fully Furnished,1-5 years,131.15,141656.95
Saket nagar,5,4,2142,Unfurnished,10+ years,135.11,133517.08
Anand nagar,4,3,1757,Fully Furnished,New,89.05,98008.21
Bairagarh,5,4,2114,Unfurnished,10+ years,89.0,97889.08
Kamla Nagar,5,4,2461,Semi Furnished,1-5 years,164.05,186775.25
Roshanpura,2,2,713,Fully Furnished,New,40.52,44581.54
Kolar Road,4,3,2186,Fully Furnished,10+ years,142.0,132745.33
Gulmohar,4,3,1858,Unfurnished,1-5 years,97.77,101870.21
Arjun Nagar,1,1,691,Unfurnished,1-5 years,48.11,42401.09
VIP road,1,1,462,Unfurnished,1-5 years,18.62,21648.3
Barkheda,4,3,1556,Fully Furnished,5-10 years,106.24,86120.75
Shanti Nagar,2,2,1094,Unfurnished,1-5 years,50.37,59989.02
Arera Colony,2,2,1173,Unfurnished,10+ years,48.21,57404.77
Ayodhya bypass,3,3,1067,Semi Furnished,10+ years,69.75,73182.29
Bairagarh,1,1,622,Fully Furnished,10+ years,33.81,31944.48
Narela,3,3,1542,Unfurnished,1-5 years,99.87,113007.48
Vijay nagar,5,4,2123,Semi Furnished,5-10 years,137.65,148125.55
Barkheda,5,4,2265,Unfurnished,10+ years,138.72,164385.07
Nizamuddin colony,2,2,895,Semi Furnished,5-10 years,45.61,46711.3
ibrahimpura,1,1,554,Semi Furnished,New,30.75,25449.85
Arera Colony,5,4,2650,Unfurnished,1-5 years,178.13,178627.8
New market,5,4,2684,Unfurnished,New,140.67,157143.07
Arera Colony,4,3,1470,Semi Furnished,1-5 years,83.69,73335.25
Prabhat petrol pump,4,3,1933,Semi Furnished,1-5 years,107.92,98798.25
Misrod,1,1,437,Semi Furnished,5-10 years,27.38,23430.19
Piplani,2,2,832,Unfurnished,1-5 years,54.82,57050.33
Avadhpuri,5,4,2988,Semi Furnished,10+ years,146.33,121149.85
Anand nagar,5,4,2079,Unfurnished,New,111.35,115516.19
Govindpura,1,1,653,Semi Furnished,10+ years,28.25,24880.69
New market,5,4,2922,Fully Furnished,1-5 years,131.34,112720.58
Indrapuri,1,1,582,Fully Furnished,5-10 years,23.49,25836.85
Vikas Nagar,3,3,1482,Fully Furnished,10+ years,87.11,70318.29
Ashoka garden,3,3,1299,Semi Furnished,1-5 years,88.56,79675.66
char Imli,3,3,1211,Unfurnished,New,67.69,59236.99
Service road,1,1,795,Unfurnished,New,54.56,58370.53
jahangirabad,4,3,1714,Fully Furnished,10+ years,71.27,84587.81
Saket nagar,3,3,1328,Fully Furnished,10+ years,90.16,107682.91
Gulmohar,5,4,2539,Fully Furnished,5-10 years,102.32,94095.35
Habibganj,2,2,1188,Unfurnished,New,81.23,74923.78
Misrod,2,2,767,Fully Furnished,5-10 years,38.51,35198.96
VIP road,2,2,1005,Semi Furnished,5-10 years,61.74,51971.47
Sonagiri,4,3,1745,Fully Furnished,5-10 years,104.5,115346.71
Barkheda,5,4,2669,Fully Furnished,5-10 years,170.78,203084.54
Hoshangabad Road,4,3,1924,Semi Furnished,5-10 years,126.06,123947.29
chuna bhatti,5,4,2493,Unfurnished,10+ years,140.67,137538.34
eidgah hills,1,1,601,Semi Furnished,5-10 years,38.36,36557.78
Kamla Nagar,4,3,2000,Fully Furnished,New,94.75,111573.68
Shanti Nagar,1,1,781,Fully Furnished,New,39.29,44523.81
Shanti Nagar,2,2,757,Fully Furnished,New,45.01,48985.86
Hoshangabad Road,2,2,1177,Unfurnished,5-10 years,51.4,55395.26
Habibganj,2,2,992,Unfurnished,New,47.77,56509.06
Nizamuddin colony,4,3,1791,Unfurnished,1-5 years,120.51,114174.14
VIP road,1,1,800,Semi Furnished,10+ years,49.35,47240.22
eidgah hills,5,4,2366,Fully Furnished,10+ years,139.27,122956.09
Misrod,2,2,836,Fully Furnished,New,56.08,67128.29
Arera Colony,3,3,1546,Semi Furnished,5-10 years,75.56,78346.24
Piplani,3,3,1238,Unfurnished,5-10 years,67.95,66999.29
Vikas Nagar,4,3,1535,Fully Furnished,5-10 years,87.67,92453.37
Indrapuri,2,2,851,Fully Furnished,1-5 years,44.01,44634.94
Piplani,4,3,2004,Unfurnished,5-10 years,84.95,69326.21
Roshanpura,2,2,924,Unfurnished,5-10 years,42.83,38494.84
Habibganj,5,4,2439,Unfurnished,New,133.14,149657.19
Arjun Nagar,5,4,2589,Unfurnished,10+ years,109.76,121210.22
Saket nagar,4,3,2189,Semi Furnished,New,148.19,153828.15
New market,2,2,973,Semi Furnished,5-10 years,56.98,55973.14
Bawadiya Kalan,2,2,806,Fully Furnished,1-5 years,53.72,52212.24
Avadhpuri,4,3,1798,Fully Furnished,5-10 years,90.11,78505.19
Tajul masjid,4,3,1779,Unfurnished,10+ years,98.85,106884.69
Narela,5,4,2191,Semi Furnished,5-10 years,130.72,135141.2
Service road,5,4,2349,Fully Furnished,1-5 years,122.39,137083.27
kohefiza,3,3,1201,Unfurnished,1-5 years,57.07,52107.74
jahangirabad,2,2,1025,Fully Furnished,5-10 years,41.58,38723.37
Narela,2,2,785,Semi Furnished,10+ years,46.1,49645.92
sultaniya road,3,3,1501,Unfurnished,New,95.82,87916.41
Vikas Nagar,4,3,1714,Fully Furnished,New,118.22,113291.21
Ayodhya bypass,1,1,469,Fully Furnished,5-10 years,29.41,30643.63
MP Nagar,2,2,1101,Unfurnished,5-10 years,64.39,74891.66
Bawadiya Kalan,4,3,2026,Semi Furnished,New,116.41,131917.2
Ayodhya nagar,2,2,1087,Semi Furnished,New,50.25,60214.59
Hoshangabad Road,5,4,2989,Semi Furnished,1-5 years,208.61,207267.53
Roshanpura,4,3,2103,Semi Furnished,5-10 years,106.93,99783.37
Hoshangabad Road,5,4,2872,Fully Furnished,10+ years,136.62,152648.58
MP Nagar,1,1,741,Semi Furnished,New,30.02,30884.55
VIP road,2,2,1147,Semi Furnished,5-10 years,79.62,76834.01
Avadhpuri,4,3,2101,Semi Furnished,10+ years,108.78,116286.53
Tajul masjid,4,3,1732,Unfurnished,5-10 years,114.66,116016.85
MP Nagar,4,3,2013,Semi Furnished,1-5 years,102.16,91856.87
Barkheda,5,4,2792,Fully Furnished,New,186.65,166717.82
ibrahimpura,3,3,1524,Fully Furnished,1-5 years,88.15,85851.76
Service road,1,1,572,Fully Furnished,5-10 years,23.49,27938.37
Shivaji Nagar,2,2,832,Semi Furnished,1-5 years,48.68,44250.16
Shanti Nagar,1,1,755,Unfurnished,10+ years,49.28,55420.87
ibrahimpura,2,2,984,Semi Furnished,10+ years,55.41,58839.07
Habibganj,5,4,2765,Semi Furnished,10+ years,144.34,141850.63
Govindpura,5,4,2202,Semi Furnished,1-5 years,141.44,117445.15
Bittan Market,2,2,755,Fully Furnished,5-10 years,43.59,39656.63
Gandhi nagar,5,4,2931,Fully Furnished,10+ years,135.92,146660.46
Vikas Nagar,3,3,1473,Semi Furnished,10+ years,78.87,72614.92
Ratnagiri,5,4,2401,Unfurnished,New,127.2,113800.15
VIP road,3,3,1000,Fully Furnished,5-10 years,67.45,61641.03
Nizamuddin colony,4,3,1714,Semi Furnished,5-10 years,92.11,88046.93
Service road,4,3,2161,Fully Furnished,New,142.74,137542.45
Barkheda,5,4,2620,Unfurnished,1-5 years,119.97,132371.4
Narela,5,4,2113,Fully Furnished,1-5 years,136.23,112370.6
Ratnagiri,5,4,2217,Fully Furnished,5-10 years,108.29,88259.01
Gulmohar,2,2,1189,Semi Furnished,5-10 years,51.76,41920.54
Gandhi nagar,1,1,436,Fully Furnished,10+ years,23.52,21644.92
Chuna Bhatti,3,3,1262,Semi Furnished,10+ years,64.52,75124.57
Indrapuri,5,4,2471,Semi Furnished,5-10 years,119.1,111705.23
Prabhat petrol pump,3,3,1541,Semi Furnished,New,106.55,91567.8
kohefiza,5,4,2563,Unfurnished,5-10 years,103.62,85730.8
Gulmohar,4,3,2036,Fully Furnished,5-10 years,96.35,109038.99
Chuna Bhatti,5,4,2731,Unfurnished,New,134.13,107811.62
eidgah hills,1,1,680,Unfurnished,10+ years,44.14,49349.0
Vijay nagar,4,3,1795,Semi Furnished,5-10 years,113.45,93996.04
Prabhat petrol pump,1,1,663,Semi Furnished,10+ years,32.39,34293.87
Habibganj,5,4,2029,Unfurnished,10+ years,123.49,118174.78
Avadhpuri,4,3,1672,Unfurnished,New,80.77,87783.95
Bittan Market,3,3,1133,Fully Furnished,1-5 years,70.05,64317.42
Indrapuri,1,1,546,Unfurnished,New,26.83,23041.69
Shivaji Nagar,3,3,1238,Semi Furnished,1-5 years,80.25,78427.0
Avadhpuri,4,3,1414,Unfurnished,10+ years,83.39,98184.05
Misrod,2,2,846,Semi Furnished,10+ years,44.86,45677.43
Barkheda,2,2,714,Fully Furnished,10+ years,41.46,43185.28
Arjun Nagar,1,1,493,Fully Furnished,1-5 years,25.77,21720.37
Karond,3,3,1131,Semi Furnished,10+ years,74.55,88629.66
Ratnagiri,3,3,1600,Unfurnished,5-10 years,83.41,88726.27
Barkheda,2,2,835,Semi Furnished,5-10 years,36.65,41079.12
jahangirabad,3,3,1050,Fully Furnished,New,59.43,50679.18
Ratnagiri,5,4,2278,Semi Furnished,10+ years,113.36,123650.91
MP Nagar,5,4,2130,Unfurnished,1-5 years,102.09,114094.22
Ayodhya nagar,2,2,1129,Unfurnished,New,72.32,66687.12
eidgah hills,1,1,669,Unfurnished,5-10 years,30.25,30469.91
Indrapuri,5,4,2954,Unfurnished,5-10 years,151.21,152534.94
Lalghati,5,4,2738,Semi Furnished,1-5 years,159.11,135563.85
Barkheda,3,3,1177,Unfurnished,5-10 years,53.6,51646.86
Arjun Nagar,4,3,2078,Fully Furnished,5-10 years,134.17,127776.54
Ayodhya nagar,3,3,1206,Unfurnished,10+ years,50.13,42073.24
Kolar Road,4,3,2012,Unfurnished,New,95.11,100374.64
Ayodhya nagar,4,3,1533,Semi Furnished,10+ years,98.11,95988.27
New market,3,3,1128,Unfurnished,10+ years,61.01,66524.09
chuna bhatti,1,1,640,Fully Furnished,1-5 years,44.11,46681.32
Arera Colony,5,4,2775,Fully Furnished,1-5 years,193.83,176401.66
Bittan Market,3,3,1352,Unfurnished,5-10 years,86.34,101498.23
New market,5,4,2101,Unfurnished,1-5 years,122.41,115985.53
Habibganj,2,2,1195,Semi Furnished,5-10 years,66.8,71581.4
Prabhat petrol pump,5,4,2823,Fully Furnished,5-10 years,150.46,153689.18
MP Nagar,5,4,2453,Unfurnished,10+ years,110.36,117022.24
New market,5,4,2955,Semi Furnished,5-10 years,206.25,169495.38
Vijay nagar,4,3,1633,Fully Furnished,New,94.67,100947.47
Shivaji Nagar,4,3,1656,Fully Furnished,10+ years,72.63,77928.88
Piplani,5,4,2989,Fully Furnished,1-5 years,152.39,150908.85
Piplani,3,3,1301,Semi Furnished,10+ years,83.61,87269.85
Avadhpuri,5,4,2095,Semi Furnished,New,95.44,103125.29
Saket nagar,2,2,924,Semi Furnished,New,61.73,54052.44
Chuna Bhatti,5,4,2290,Semi Furnished,1-5 years,92.52,92955.17
Prabhat petrol pump,5,4,2406,Unfurnished,5-10 years,96.32,105445.74
jahangirabad,4,3,1814,Unfurnished,1-5 years,101.67,81432.95
Saket nagar,1,1,728,Semi Furnished,1-5 years,31.29,34623.24
Govindpura,3,3,1536,Fully Furnished,5-10 years,107.04,105962.97
Hoshangabad Road,5,4,2888,Fully Furnished,1-5 years,173.19,176157.39
kohefiza,4,3,1580,Fully Furnished,10+ years,68.17,78767.07
Indrapuri,1,1,668,Unfurnished,10+ years,44.15,37646.7
Karond,2,2,1007,Unfurnished,1-5 years,48.22,39778.09
Prabhat petrol pump,4,3,2075,Unfurnished,New,86.9,75052.42
Gulmohar,5,4,2352,Fully Furnished,10+ years,105.04,103604.17
Hoshangabad Road,1,1,525,Semi Furnished,5-10 years,35.58,28820.92
Minal,4,3,1732,Fully Furnished,New,106.15,87456.55
VIP road,4,3,1908,Semi Furnished,10+ years,109.94,126776.14
ibrahimpura,3,3,1079,Unfurnished,New,46.25,44517.95
Shanti Nagar,5,4,2097,Semi Furnished,1-5 years,143.32,160750.83
Gandhi nagar,5,4,2031,Semi Furnished,1-5 years,120.76,125822.34
Misrod,2,2,1079,Fully Furnished,1-5 years,44.46,49500.09
ibrahimpura,5,4,2118,Fully Furnished,10+ years,125.87,140857.64
Ayodhya bypass,2,2,1199,Fully Furnished,New,49.53,45722.35
char Imli,1,1,604,Fully Furnished,New,29.64,26604.95
Arera Colony,5,4,2869,Unfurnished,5-10 years,175.77,157833.9
Tajul masjid,4,3,1696,Semi Furnished,1-5 years,95.83,110811.94
Ashoka garden,1,1,558,Fully Furnished,1-5 years,30.93,34815.54
Avadhpuri,5,4,2464,Unfurnished,New,139.81,132775.51
kohefiza,2,2,820,Unfurnished,10+ years,34.63,35893.87
Habibganj,5,4,2982,Fully Furnished,1-5 years,160.2,162198.91
Ratnagiri,3,3,1286,Fully Furnished,10+ years,83.01,98469.92
Karond,2,2,1178,Fully Furnished,1-5 years,72.21,61680.3
Habibganj,2,2,813,Unfurnished,5-10 years,46.39,48576.55
sultaniya road,5,4,2295,Semi Furnished,1-5 years,145.3,133098.31
sultaniya road,5,4,2201,Semi Furnished,10+ years,96.22,90849.11
Sonagiri,4,3,1967,Fully Furnished,5-10 years,129.75,136813.35
Vijay nagar,3,3,1056,Fully Furnished,New,69.24,70987.9
Gandhi nagar,3,3,1045,Semi Furnished,New,69.66,78371.6
VIP road,5,4,2898,Unfurnished,10+ years,155.31,152401.1
New market,3,3,1106,Fully Furnished,1-5 years,53.57,63134.65
Indrapuri,4,3,1425,Semi Furnished,1-5 years,69.21,64392.27
Shyamla Hills,5,4,2631,Unfurnished,10+ years,166.75,144544.8
Ayodhya nagar,2,2,871,Fully Furnished,5-10 years,39.87,35253.54
Saket nagar,4,3,1406,Fully Furnished,5-10 years,66.36,74479.76
Vijay nagar,3,3,1573,Fully Furnished,New,104.36,100790.67
Chuna Bhatti,5,4,2474,Unfurnished,1-5 years,123.35,118723.29
Tajul masjid,3,3,1241,Fully Furnished,5-10 years,82.65,95016.13
Habibganj,3,3,1172,Semi Furnished,10+ years,63.25,56935.52
Bawadiya Kalan,4,3,2125,Semi Furnished,1-5 years,123.01,106381.72
Arjun Nagar,3,3,1223,Unfurnished,New,67.3,55647.24
Service road,4,3,1494,Fully Furnished,New,81.27,79537.75
New market,1,1,514,Semi Furnished,5-10 years,35.42,37908.99
Barkheda,3,3,1421,Fully Furnished,New,95.66,82338.19
Bawadiya Kalan,3,3,1150,Semi Furnished,1-5 years,66.98,80030.15
Avadhpuri,1,1,643,Semi Furnished,New,43.77,36836.32
Ayodhya nagar,4,3,1539,Semi Furnished,10+ years,96.95,96725.33
VIP road,2,2,1000,Unfurnished,10+ years,57.2,61655.43
eidgah hills,2,2,833,Unfurnished,10+ years,43.78,44450.94
Kamla Nagar,3,3,1402,Unfurnished,1-5 years,62.97,63775.04
Vijay nagar,4,3,1780,Fully Furnished,New,71.36,70610.01
Bairagarh,5,4,2462,Fully Furnished,1-5 years,150.27,160419.09
Shivaji Nagar,4,3,1578,Unfurnished,1-5 years,75.76,89138.18
Habibganj,1,1,638,Fully Furnished,10+ years,40.83,34934.98
Ayodhya bypass,5,4,2230,Unfurnished,1-5 years,109.29,116762.47
Avadhpuri,4,3,1804,Semi Furnished,1-5 years,99.21,100541.56
Indrapuri,4,3,2120,Unfurnished,5-10 years,126.29,140732.75
Ayodhya nagar,3,3,1176,Semi Furnished,10+ years,71.44,69619.27
Gandhi nagar,4,3,1567,Unfurnished,1-5 years,92.12,91763.49
Minal,2,2,1111,Semi Furnished,10+ years,66.89,69294.99
Vijay nagar,1,1,627,Semi Furnished,New,35.09,31901.19
New market,5,4,2904,Unfurnished,New,195.86,194753.18
VIP road,2,2,910,Semi Furnished,1-5 years,60.76,66930.8
char Imli,1,1,452,Unfurnished,New,27.4,25968.68
Shyamla Hills,5,4,2825,Semi Furnished,10+ years,176.54,185679.44
Vikas Nagar,2,2,905,Unfurnished,New,45.2,53828.78
Indrapuri,2,2,1057,Unfurnished,5-10 years,72.11,60981.03
chuna bhatti,3,3,1516,Semi Furnished,1-5 years,80.19,73296.01
Saket nagar,3,3,1289,Fully Furnished,1-5 years,86.82,92272.69
Karond,2,2,950,Unfurnished,1-5 years,48.89,42214.33
Karond,5,4,2974,Semi Furnished,5-10 years,141.85,157158.46
Arjun Nagar,2,2,728,Fully Furnished,1-5 years,40.1,35716.32
Ratnagiri,5,4,2564,Fully Furnished,New,122.88,122112.95
Avadhpuri,3,3,1107,Unfurnished,1-5 years,68.4,74278.34
Bairagarh,4,3,1870,Unfurnished,New,115.24,126270.46
Bittan Market,2,2,814,Semi Furnished,5-10 years,46.19,52241.19
ibrahimpura,3,3,1073,Unfurnished,New,73.58,79599.46
Govindpura,1,1,493,Fully Furnished,1-5 years,30.41,29874.76
eidgah hills,4,3,1628,Semi Furnished,New,70.52,64990.3
Nizamuddin colony,3,3,1087,Unfurnished,New,50.51,48461.91
Arera Colony,3,3,1513,Fully Furnished,New,69.47,75594.26
MP Nagar,3,3,1485,Semi Furnished,New,81.97,83864.27
Vijay nagar,4,3,1645,Fully Furnished,New,68.15,80690.19
Bairagarh,3,3,1075,Semi Furnished,New,72.34,65411.15
sultaniya road,1,1,785,Fully Furnished,1-5 years,39.62,32925.79
Vijay nagar,5,4,2647,Unfurnished,New,114.12,106088.63
Minal,2,2,1010,Semi Furnished,5-10 years,51.68,57763.69
Sonagiri,4,3,1508,Semi Furnished,1-5 years,91.96,107307.91
Kolar hills,1,1,468,Semi Furnished,New,28.92,26460.0
Ratnagiri,2,2,709,Semi Furnished,10+ years,29.11,23669.84
Bairagarh,1,1,469,Unfurnished,10+ years,21.25,23085.15
Hoshangabad Road,2,2,824,Semi Furnished,New,41.98,43532.92
Gandhi nagar,5,4,2583,Fully Furnished,10+ years,111.97,107992.81
Shanti Nagar,2,2,1050,Semi Furnished,New,62.22,69752.29
eidgah hills,2,2,921,Semi Furnished,5-10 years,46.47,52083.28
Gandhi nagar,2,2,870,Fully Furnished,New,46.08,37596.32
Habibganj,5,4,2721,Semi Furnished,10+ years,111.0,127847.05
Ashoka garden,5,4,2543,Fully Furnished,1-5 years,151.75,132815.18
Kamla Nagar,1,1,500,Fully Furnished,10+ years,27.13,27895.56
Avadhpuri,1,1,550,Fully Furnished,1-5 years,30.27,27920.84
Ayodhya nagar,1,1,456,Semi Furnished,New,31.31,30765.32
Prabhat petrol pump,1,1,405,Semi Furnished,10+ years,22.59,26459.41
Shivaji Nagar,3,3,1579,Semi Furnished,5-10 years,93.71,108631.09
Nizamuddin colony,4,3,1646,Semi Furnished,1-5 years,74.83,87146.32
jahangirabad,1,1,783,Unfurnished,5-10 years,44.9,45547.2
Shanti Nagar,5,4,2377,Semi Furnished,New,156.08,135143.37
New market,2,2,913,Fully Furnished,10+ years,63.68,73566.82
Ratnagiri,4,3,1991,Unfurnished,New,119.43,104592.15
Gandhi nagar,1,1,549,Unfurnished,New,26.58,23603.64
jahangirabad,3,3,1050,Fully Furnished,5-10 years,42.36,40217.29
Arjun Nagar,2,2,916,Semi Furnished,1-5 years,61.21,61148.83
Service road,1,1,669,Semi Furnished,5-10 years,41.42,37229.16
Ayodhya nagar,2,2,963,Semi Furnished,New,40.57,37051.73
Arjun Nagar,1,1,403,Fully Furnished,New,25.23,29088.54
Ratnagiri,1,1,560,Unfurnished,1-5 years,32.15,32872.94
Vijay nagar,1,1,482,Unfurnished,5-10 years,22.35,19826.21
Shanti Nagar,5,4,2989,Unfurnished,10+ years,178.14,194403.49
Misrod,2,2,1018,Semi Furnished,10+ years,46.03,39446.16
Service road,4,3,1441,Semi Furnished,1-5 years,89.51,78832.0
Avadhpuri,5,4,2755,Fully Furnished,New,110.4,132366.97
jahangirabad,4,3,1400,Unfurnished,New,87.3,72256.59
Saket nagar,3,3,1370,Fully Furnished,1-5 years,83.26,90049.59
eidgah hills,3,3,1000,Fully Furnished,10+ years,45.5,51975.5
Indrapuri,5,4,2070,Semi Furnished,5-10 years,128.38,132730.36
Nizamuddin colony,3,3,1158,Fully Furnished,5-10 years,46.97,40405.71
Lalghati,2,2,1144,Semi Furnished,10+ years,58.14,61819.24
Shyamla Hills,5,4,2910,Semi Furnished,1-5 years,130.2,139044.31
New market,1,1,407,Unfurnished,1-5 years,17.53,20460.1
New market,2,2,727,Unfurnished,5-10 years,42.33,48188.53
Habibganj,3,3,1458,Unfurnished,5-10 years,78.45,80425.12
Kamla Nagar,2,2,825,Fully Furnished,New,49.98,49773.62
Shyamla Hills,2,2,809,Fully Furnished,10+ years,42.25,41065.0
Bairagarh,2,2,836,Unfurnished,1-5 years,45.61,44071.39
Hoshangabad Road,5,4,2142,Semi Furnished,New,121.25,136928.91
Indrapuri,1,1,637,Fully Furnished,New,27.12,23321.3
Chuna Bhatti,3,3,1396,Fully Furnished,1-5 years,95.98,94677.97
Nizamuddin colony,2,2,1142,Semi Furnished,10+ years,49.61,56955.42
Ayodhya bypass,3,3,1600,Unfurnished,10+ years,83.76,89313.11
Karond,4,3,1413,Unfurnished,New,74.36,64546.32
Chuna Bhatti,3,3,1393,Unfurnished,5-10 years,83.93,70848.63
Chuna Bhatti,3,3,1451,Fully Furnished,1-5 years,86.49,79054.08
New market,3,3,1102,Fully Furnished,New,57.12,57793.09
Prabhat petrol pump,3,3,1157,Semi Furnished,1-5 years,56.23,64229.24
Service road,4,3,1944,Fully Furnished,5-10 years,94.13,76376.51
Arjun Nagar,1,1,584,Semi Furnished,New,38.67,31308.78
Bittan Market,4,3,2199,Fully Furnished,1-5 years,102.4,98555.45
Arera Colony,5,4,2529,Semi Furnished,1-5 years,131.08,154140.32
Saket nagar,2,2,823,Fully Furnished,5-10 years,48.47,56572.87
Saket nagar,3,3,1325,Unfurnished,5-10 years,81.03,92761.73
Gulmohar,5,4,2236,Fully Furnished,5-10 years,140.75,157985.07
Govindpura,2,2,948,Fully Furnished,5-10 years,61.78,56220.06
Service road,4,3,2198,Unfurnished,5-10 years,101.21,88826.53
eidgah hills,2,2,738,Semi Furnished,New,36.39,35858.5
Bawadiya Kalan,4,3,1829,Fully Furnished,New,90.51,87771.07
jahangirabad,3,3,1002,Unfurnished,10+ years,64.31,72162.99
chuna bhatti,2,2,706,Unfurnished,New,42.46,40379.39
Narela,4,3,1920,Fully Furnished,1-5 years,118.23,141592.79
Hoshangabad Road,3,3,1558,Fully Furnished,5-10 years,75.88,62531.71
Nizamuddin colony,4,3,2065,Semi Furnished,5-10 years,103.17,108316.82
Piplani,4,3,2197,Unfurnished,1-5 years,89.1,72501.73
Tajul masjid,3,3,1086,Semi Furnished,1-5 years,60.81,56984.98
Tajul masjid,5,4,2770,Fully Furnished,10+ years,134.54,114903.92
Kolar hills,2,2,938,Unfurnished,1-5 years,63.47,63442.7
Arjun Nagar,2,2,1136,Semi Furnished,1-5 years,69.43,55714.77
New market,2,2,1121,Semi Furnished,10+ years,68.53,68835.22
Shivaji Nagar,1,1,690,Fully Furnished,1-5 years,39.96,32855.25
Shivaji Nagar,4,3,1751,Unfurnished,10+ years,78.25,84501.34
Lalghati,2,2,840,Fully Furnished,New,53.92,55262.56
New market,5,4,2178,Fully Furnished,10+ years,88.81,90924.2
Misrod,5,4,2775,Semi Furnished,1-5 years,174.22,139942.21
sultaniya road,2,2,858,Semi Furnished,New,43.26,36794.65
Prabhat petrol pump,4,3,2077,Semi Furnished,10+ years,88.26,74844.35
Kolar Road,2,2,1195,Fully Furnished,1-5 years,81.77,90266.44
chuna bhatti,5,4,2880,Fully Furnished,1-5 years,201.57,233576.07
ibrahimpura,2,2,1147,Unfurnished,1-5 years,52.22,42688.1
Indrapuri,2,2,996,Fully Furnished,5-10 years,55.95,64155.23
Kamla Nagar,5,4,2978,Semi Furnished,5-10 years,168.66,159763.16
Bairagarh,5,4,2308,Fully Furnished,New,111.41,126250.96
chuna bhatti,4,3,2161,Fully Furnished,10+ years,146.07,138737.77
VIP road,2,2,718,Unfurnished,1-5 years,46.65,45853.53
Arjun Nagar,5,4,2262,Fully Furnished,10+ years,111.42,114249.09
MP Nagar,3,3,1062,Unfurnished,5-10 years,52.85,45291.62
Ashoka garden,2,2,808,Fully Furnished,5-10 years,45.8,41459.97
New market,1,1,631,Unfurnished,1-5 years,41.95,34085.41
Ayodhya nagar,4,3,2089,Fully Furnished,New,141.59,129660.39
eidgah hills,3,3,1340,Semi Furnished,New,62.48,50508.5
Lalghati,5,4,2647,Unfurnished,New,114.69,100462.63
Ayodhya nagar,4,3,1428,Fully Furnished,10+ years,89.78,99889.56
Ashoka garden,5,4,2011,Unfurnished,1-5 years,132.41,125859.2
Nizamuddin colony,1,1,748,Fully Furnished,1-5 years,48.43,49612.09
VIP road,3,3,1292,Unfurnished,10+ years,54.58,55415.33
Gulmohar,3,3,1314,Fully Furnished,5-10 years,63.87,73969.91
Sonagiri,3,3,1278,Fully Furnished,1-5 years,68.99,57910.69
Govindpura,4,3,1860,Unfurnished,New,102.93,91833.32
Ayodhya bypass,5,4,2174,Unfurnished,1-5 years,152.1,137956.79
Vikas Nagar,5,4,2854,Fully Furnished,1-5 years,151.31,132325.78
Shivaji Nagar,1,1,443,Fully Furnished,5-10 years,28.5,25503.92
Saket nagar,2,2,1009,Unfurnished,5-10 years,43.95,35805.68
Arera Colony,1,1,559,Unfurnished,New,37.83,38392.92
New market,1,1,592,Fully Furnished,10+ years,27.23,28795.16
Ratnagiri,2,2,832,Fully Furnished,New,53.89,51774.43
Avadhpuri,3,3,1161,Semi Furnished,10+ years,57.34,58380.9
Ayodhya bypass,3,3,1157,Fully Furnished,New,71.08,81420.97
Gandhi nagar,3,3,1022,Fully Furnished,5-10 years,63.6,58221.37
Ratnagiri,1,1,571,Semi Furnished,1-5 years,36.73,29883.06
Nizamuddin colony,2,2,1196,Unfurnished,1-5 years,49.14,46776.89
Vijay nagar,1,1,798,Fully Furnished,5-10 years,35.08,31463.17
Roshanpura,1,1,495,Fully Furnished,1-5 years,24.03,28390.51
Ayodhya nagar,5,4,2842,Semi Furnished,1-5 years,141.77,138011.64
Kamla Nagar,2,2,792,Semi Furnished,10+ years,38.09,43665.01
Gandhi nagar,3,3,1078,Semi Furnished,1-5 years,71.3,82240.05
jahangirabad,3,3,1159,Fully Furnished,New,64.71,72734.29
Nizamuddin colony,3,3,1304,Semi Furnished,New,82.04,77814.1
Kolar Road,1,1,430,Unfurnished,10+ years,25.76,22135.3
Narela,4,3,2126,Fully Furnished,5-10 years,122.57,137546.58
Govindpura,4,3,2100,Semi Furnished,10+ years,96.25,106980.38
Nizamuddin colony,4,3,1534,Unfurnished,New,94.07,77474.28
MP Nagar,1,1,519,Semi Furnished,10+ years,21.26,22100.76
Kolar hills,1,1,480,Semi Furnished,10+ years,25.24,28472.64
Ratnagiri,3,3,1579,Unfurnished,5-10 years,90.48,101909.5
Ayodhya nagar,2,2,1089,Unfurnished,1-5 years,68.44,70868.82
Hoshangabad Road,4,3,1470,Fully Furnished,New,60.58,50482.34
Bairagarh,3,3,1024,Fully Furnished,New,55.48,63895.75
Habibganj,1,1,752,Unfurnished,1-5 years,47.47,43432.15
Sonagiri,1,1,562,Semi Furnished,New,34.26,30378.14
chuna bhatti,1,1,638,Unfurnished,1-5 years,27.09,30130.08
Piplani,2,2,987,Fully Furnished,10+ years,67.16,69716.99
Govindpura,3,3,1087,Semi Furnished,10+ years,56.89,57264.19
chuna bhatti,1,1,743,Unfurnished,1-5 years,50.46,45316.24
jahangirabad,5,4,2591,Fully Furnished,1-5 years,160.95,165470.01
Ratnagiri,4,3,1520,Unfurnished,1-5 years,65.39,56754.96
kohefiza,2,2,773,Unfurnished,5-10 years,32.3,28935.39
Vikas Nagar,5,4,2312,Semi Furnished,New,109.86,108993.25
Indrapuri,1,1,455,Fully Furnished,5-10 years,25.26,20807.8
Kamla Nagar,1,1,590,Unfurnished,5-10 years,39.72,46734.93
Gulmohar,3,3,1185,Semi Furnished,New,48.63,57163.97
eidgah hills,3,3,1145,Fully Furnished,New,51.82,58453.09
Ashoka garden,5,4,2679,Fully Furnished,1-5 years,130.63,119295.81
Ratnagiri,4,3,1950,Semi Furnished,10+ years,97.94,112816.05
Ashoka garden,1,1,491,Semi Furnished,1-5 years,20.8,16993.23
eidgah hills,4,3,1473,Semi Furnished,1-5 years,72.03,66495.09
Arera Colony,2,2,769,Semi Furnished,New,53.55,52876.08
Ayodhya bypass,3,3,1086,Semi Furnished,New,71.27,78512.41
Arjun Nagar,1,1,756,Semi Furnished,10+ years,34.98,38172.11
Prabhat petrol pump,2,2,745,Unfurnished,10+ years,50.78,46988.05
Vijay nagar,5,4,2887,Unfurnished,10+ years,195.21,189724.76
Bittan Market,3,3,1423,Semi Furnished,10+ years,93.42,97981.62
Ayodhya nagar,5,4,2068,Unfurnished,5-10 years,118.14,99532.16
Tajul masjid,1,1,529,Semi Furnished,1-5 years,30.07,35086.19
Piplani,4,3,1793,Semi Furnished,5-10 years,91.07,88320.28
Govindpura,4,3,1479,Unfurnished,New,73.28,68304.71
Anand nagar,1,1,583,Semi Furnished,5-10 years,29.4,27017.49
chuna bhatti,4,3,2028,Unfurnished,10+ years,97.54,101743.52
New market,1,1,524,Semi Furnished,1-5 years,33.4,34678.9
Gulmohar,1,1,749,Semi Furnished,New,52.07,46882.35
VIP road,3,3,1453,Fully Furnished,New,67.89,69754.68
Vijay nagar,4,3,1501,Fully Furnished,10+ years,103.74,92078.68
Hoshangabad Road,5,4,2360,Unfurnished,New,133.22,118434.36
kohefiza,1,1,500,Semi Furnished,5-10 years,29.72,33204.67
Habibganj,1,1,432,Fully Furnished,New,20.63,24750.05
Kamla Nagar,1,1,681,Unfurnished,5-10 years,44.91,45924.42
kohefiza,1,1,542,Fully Furnished,10+ years,22.42,20463.28
Anand nagar,2,2,741,Unfurnished,New,32.11,29067.04
Lalghati,4,3,1970,Fully Furnished,10+ years,85.58,69924.08
Saket nagar,5,4,2932,Unfurnished,5-10 years,190.88,176851.86
ibrahimpura,1,1,504,Unfurnished,10+ years,28.29,26155.52
Ratnagiri,1,1,540,Fully Furnished,1-5 years,34.19,29861.37
VIP road,1,1,510,Semi Furnished,New,30.93,25747.33
Shivaji Nagar,4,3,1491,Unfurnished,5-10 years,70.81,72366.33
Vijay nagar,1,1,793,Semi Furnished,New,53.65,61808.17
Prabhat petrol pump,4,3,1603,Semi Furnished,1-5 years,84.52,76761.06
Arera Colony,4,3,1574,Semi Furnished,New,84.73,93873.35
Shivaji Nagar,4,3,1710,Fully Furnished,New,72.68,79965.4
char Imli,1,1,788,Semi Furnished,1-5 years,52.93,56907.55
Bawadiya Kalan,2,2,1003,Unfurnished,5-10 years,42.31,44731.12
Bawadiya Kalan,2,2,755,Unfurnished,New,50.84,52155.17
Piplani,1,1,564,Unfurnished,1-5 years,28.91,32894.63
Barkheda,5,4,2923,Fully Furnished,1-5 years,144.86,163553.82
Govindpura,1,1,730,Semi Furnished,10+ years,46.92,55699.11
Shivaji Nagar,4,3,1557,Fully Furnished,10+ years,79.79,76990.44
ibrahimpura,3,3,1225,Fully Furnished,5-10 years,49.64,52467.41
Karond,3,3,1307,Unfurnished,1-5 years,77.0,65363.46
Habibganj,3,3,1230,Semi Furnished,10+ years,82.31,68057.43
Misrod,3,3,1322,Semi Furnished,5-10 years,52.88,56925.08
Chuna Bhatti,1,1,553,Fully Furnished,10+ years,35.38,36029.62
Vikas Nagar,1,1,503,Fully Furnished,5-10 years,29.15,25609.49
jahangirabad,1,1,613,Semi Furnished,1-5 years,25.9,24011.15
Tajul masjid,5,4,2770,Semi Furnished,10+ years,136.89,152016.22
Govindpura,1,1,669,Unfurnished,1-5 years,28.21,32505.9
Vikas Nagar,1,1,586,Fully Furnished,5-10 years,35.45,28902.32
Govindpura,4,3,1443,Semi Furnished,1-5 years,73.54,73419.54
Narela,1,1,793,Fully Furnished,1-5 years,38.71,33435.22
Vikas Nagar,4,3,2061,Semi Furnished,1-5 years,133.65,138548.72
Lalghati,5,4,2109,Unfurnished,New,118.09,118723.49
Kamla Nagar,3,3,1572,Fully Furnished,1-5 years,98.94,97034.28
Roshanpura,2,2,1199,Fully Furnished,5-10 years,75.98,89513.18
Saket nagar,3,3,1575,Semi Furnished,1-5 years,69.63,82441.03
Bawadiya Kalan,3,3,1238,Semi Furnished,New,86.4,78735.15
jahangirabad,1,1,548,Fully Furnished,1-5 years,22.84,23002.02
VIP road,5,4,2219,Semi Furnished,5-10 years,94.33,94901.24
Avadhpuri,5,4,2524,Semi Furnished,5-10 years,129.83,147155.88
Habibganj,3,3,1115,Unfurnished,5-10 years,75.6,66706.0
Barkheda,4,3,2146,Fully Furnished,10+ years,120.4,108314.34
Gandhi nagar,3,3,1231,Unfurnished,10+ years,77.33,67495.21
Prabhat petrol pump,5,4,2712,Semi Furnished,5-10 years,173.19,176074.66
Ashoka garden,4,3,1434,Fully Furnished,10+ years,81.76,84670.72
Kamla Nagar,1,1,703,Fully Furnished,10+ years,35.64,32527.91
Gandhi nagar,1,1,736,Fully Furnished,New,42.99,40945.64
Bawadiya Kalan,3,3,1072,Unfurnished,New,73.64,66993.14
Kolar Road,5,4,2883,Fully Furnished,10+ years,169.05,154568.67
Bawadiya Kalan,3,3,1435,Fully Furnished,1-5 years,81.31,83766.18
Ayodhya nagar,3,3,1137,Fully Furnished,New,57.7,47923.42
Karond,4,3,1649,Fully Furnished,1-5 years,91.5,76032.49
Sonagiri,2,2,826,Semi Furnished,New,40.87,41429.86
Kolar hills,1,1,618,Semi Furnished,1-5 years,26.7,28699.07
Misrod,3,3,1334,Fully Furnished,10+ years,89.82,79651.08
Vikas Nagar,4,3,1515,Fully Furnished,New,61.19,63553.65
kohefiza,4,3,1939,Fully Furnished,1-5 years,113.54,120538.97
Minal,1,1,641,Semi Furnished,1-5 years,37.48,34757.83
Chuna Bhatti,1,1,715,Fully Furnished,10+ years,33.2,27696.42
Shanti Nagar,2,2,1044,Fully Furnished,5-10 years,68.97,64990.08
Misrod,3,3,1591,Unfurnished,5-10 years,74.94,73002.3
jahangirabad,2,2,811,Fully Furnished,10+ years,46.6,49403.86
Sonagiri,2,2,949,Semi Furnished,5-10 years,65.72,73149.45
Piplani,1,1,775,Unfurnished,1-5 years,41.57,35348.67
Shyamla Hills,5,4,2290,Unfurnished,10+ years,123.09,117553.1
Arjun Nagar,2,2,957,Semi Furnished,10+ years,40.64,32640.17
Shivaji Nagar,4,3,1732,Fully Furnished,New,115.86,102578.07
New market,5,4,2906,Fully Furnished,10+ years,144.34,128899.23
Kolar Road,2,2,702,Unfurnished,New,44.54,42830.72
chuna bhatti,2,2,1031,Fully Furnished,5-10 years,65.48,57098.05
Indrapuri,4,3,1876,Fully Furnished,5-10 years,107.59,121384.61
Service road,4,3,2135,Unfurnished,1-5 years,120.61,117417.12
Vikas Nagar,5,4,2345,Unfurnished,10+ years,107.32,97073.17
Gandhi nagar,5,4,2737,Semi Furnished,5-10 years,187.25,214330.02
Ratnagiri,1,1,488,Fully Furnished,New,33.33,30349.62
Arera Colony,4,3,1488,Fully Furnished,1-5 years,89.36,90152.46
Ratnagiri,5,4,2509,Unfurnished,1-5 years,163.68,178517.97
Roshanpura,3,3,1301,Semi Furnished,New,58.84,50676.95
Bittan Market,4,3,1852,Unfurnished,1-5 years,125.86,124314.62
Narela,5,4,2374,Semi Furnished,5-10 years,122.28,132958.93
Prabhat petrol pump,1,1,735,Unfurnished,1-5 years,39.38,46480.85
Lalghati,1,1,568,Fully Furnished,10+ years,32.26,25820.16
Hoshangabad Road,5,4,2872,Semi Furnished,1-5 years,125.7,138353.65
Kolar hills,3,3,1444,Unfurnished,New,96.41,79075.33
jahangirabad,4,3,1478,Unfurnished,New,59.24,69691.27
Prabhat petrol pump,1,1,546,Fully Furnished,1-5 years,24.14,19578.31
Ashoka garden,5,4,2995,Fully Furnished,5-10 years,139.97,132386.05
Prabhat petrol pump,4,3,1788,Semi Furnished,1-5 years,109.59,101509.06
Minal,2,2,1040,Fully Furnished,10+ years,67.06,62398.57
VIP road,1,1,426,Fully Furnished,10+ years,26.37,21179.49
Kamla Nagar,4,3,1967,Semi Furnished,10+ years,115.16,128501.41
Habibganj,4,3,1541,Semi Furnished,10+ years,83.64,75774.78
Narela,2,2,810,Unfurnished,5-10 years,53.59,44016.87
Shanti Nagar,3,3,1207,Fully Furnished,5-10 years,70.73,63400.88
Anand nagar,3,3,1129,Unfurnished,1-5 years,59.75,61955.57
Lalghati,1,1,400,Unfurnished,New,25.63,22006.01
Chuna Bhatti,3,3,1379,Semi Furnished,5-10 years,79.91,66639.55
Kamla Nagar,3,3,1526,Unfurnished,1-5 years,73.29,72739.63
Narela,5,4,2043,Unfurnished,New,125.23,119806.61
Shyamla Hills,4,3,1704,Semi Furnished,New,87.19,76608.19
New market,5,4,2783,Fully Furnished,10+ years,160.56,186735.55
Bairagarh,3,3,1289,Semi Furnished,5-10 years,77.1,64868.16
Ayodhya bypass,3,3,1064,Fully Furnished,10+ years,67.71,67231.7
ibrahimpura,3,3,1437,Fully Furnished,1-5 years,77.96,80265.99
Hoshangabad Road,2,2,1043,Unfurnished,New,69.92,68666.96
Shyamla Hills,2,2,703,Unfurnished,1-5 years,38.48,43582.48
Hoshangabad Road,5,4,2074,Semi Furnished,1-5 years,91.22,83167.83
Sonagiri,3,3,1059,Fully Furnished,5-10 years,51.83,44689.33
Saket nagar,1,1,510,Unfurnished,5-10 years,20.55,16615.98
Arjun Nagar,3,3,1256,Semi Furnished,10+ years,78.54,64777.49
Vijay nagar,1,1,562,Unfurnished,5-10 years,29.38,34953.12
MP Nagar,2,2,779,Fully Furnished,5-10 years,34.06,31921.71
Shivaji Nagar,5,4,2164,Unfurnished,1-5 years,126.09,150269.67
Chuna Bhatti,5,4,2114,Semi Furnished,5-10 years,88.17,71703.12
Arera Colony,4,3,1473,Fully Furnished,10+ years,92.66,93771.56
Bittan Market,3,3,1477,Unfurnished,5-10 years,83.4,83438.75
jahangirabad,1,1,523,Fully Furnished,5-10 years,26.37,27794.52
Govindpura,3,3,1290,Unfurnished,10+ years,67.4,67537.26
Avadhpuri,3,3,1382,Unfurnished,New,71.22,82935.38
Sonagiri,2,2,1075,Semi Furnished,1-5 years,50.43,60268.13
Shyamla Hills,1,1,554,Unfurnished,5-10 years,36.27,32885.28
Karond,3,3,1203,Unfurnished,10+ years,78.2,63502.14
Sonagiri,4,3,1926,Fully Furnished,10+ years,132.64,143846.67
chuna bhatti,3,3,1172,Semi Furnished,5-10 years,75.14,89525.71
Arjun Nagar,5,4,2074,Unfurnished,10+ years,140.78,134647.4
MP Nagar,5,4,2080,Fully Furnished,10+ years,105.56,106655.93
Ayodhya bypass,5,4,2069,Unfurnished,1-5 years,84.39,99918.34
Lalghati,4,3,1721,Semi Furnished,New,92.23,78428.33
Ayodhya nagar,1,1,448,Semi Furnished,1-5 years,21.58,19264.58
sultaniya road,3,3,1303,Unfurnished,1-5 years,86.47,77642.38
Roshanpura,1,1,768,Fully Furnished,New,46.36,52083.56
Service road,3,3,1393,Unfurnished,New,84.25,74579.65
Kolar hills,1,1,641,Fully Furnished,10+ years,38.51,42709.25
Misrod,2,2,1134,Unfurnished,10+ years,59.24,49824.07
Indrapuri,4,3,1569,Unfurnished,New,92.53,82977.96
Sonagiri,1,1,671,Semi Furnished,5-10 years,30.33,24462.12
Ayodhya nagar,1,1,657,Semi Furnished,10+ years,32.85,38179.61
Bawadiya Kalan,5,4,2389,Fully Furnished,1-5 years,153.53,126905.53
Shivaji Nagar,2,2,996,Fully Furnished,1-5 years,47.06,50072.84
Narela,4,3,1796,Semi Furnished,10+ years,94.55,97725.69
Vikas Nagar,3,3,1024,Fully Furnished,10+ years,67.96,57432.51
Minal,1,1,559,Fully Furnished,5-10 years,29.78,25884.83
Gandhi nagar,2,2,796,Semi Furnished,10+ years,55.36,56910.5
ibrahimpura,3,3,1361,Fully Furnished,10+ years,82.51,88742.2
VIP road,1,1,737,Semi Furnished,1-5 years,47.38,44054.36
Narela,2,2,991,Unfurnished,New,44.74,52968.48
MP Nagar,1,1,639,Fully Furnished,New,38.47,34494.22
eidgah hills,2,2,937,Semi Furnished,10+ years,59.05,55712.3
Vijay nagar,1,1,432,Unfurnished,1-5 years,23.67,25390.26
Shanti Nagar,1,1,655,Unfurnished,10+ years,38.58,38065.81
eidgah hills,5,4,2313,Semi Furnished,5-10 years,96.71,94465.42
Govindpura,5,4,2274,Semi Furnished,5-10 years,91.46,83269.58
Piplani,3,3,1579,Semi Furnished,New,66.2,78889.97
Kolar Road,4,3,1740,Unfurnished,1-5 years,114.79,132132.92
Kolar Road,3,3,1288,Semi Furnished,10+ years,58.22,50077.38
Service road,3,3,1416,Fully Furnished,New,61.89,60271.97
Narela,5,4,2909,Unfurnished,New,157.42,174506.15
Karond,2,2,1024,Unfurnished,10+ years,66.67,67501.59
Nizamuddin colony,3,3,1497,Fully Furnished,1-5 years,78.95,87994.19
Shanti Nagar,5,4,2388,Semi Furnished,5-10 years,119.49,127246.07
Tajul masjid,3,3,1119,Fully Furnished,10+ years,51.0,55788.67
Tajul masjid,2,2,1034,Unfurnished,1-5 years,43.37,46108.49
Narela,3,3,1530,Semi Furnished,1-5 years,106.75,116773.86
Saket nagar,3,3,1140,Unfurnished,New,75.22,81536.68
Kamla Nagar,2,2,1125,Unfurnished,New,60.21,58387.05
Minal,2,2,1128,Unfurnished,New,63.35,53816.84
Roshanpura,3,3,1122,Fully Furnished,New,57.32,54133.0
Bittan Market,3,3,1507,Unfurnished,5-10 years,103.27,108532.55
Bittan Market,5,4,2068,Semi Furnished,1-5 years,89.36,103991.54
Bairagarh,3,3,1294,Fully Furnished,New,54.98,56313.81
Ashoka garden,2,2,903,Unfurnished,1-5 years,37.78,44883.4
Sonagiri,2,2,747,Fully Furnished,10+ years,30.41,28507.28
Shivaji Nagar,3,3,1387,Fully Furnished,10+ years,57.7,55052.47
Kolar hills,5,4,2417,Fully Furnished,5-10 years,137.77,164173.96
Ratnagiri,3,3,1427,Unfurnished,1-5 years,82.27,80996.0
Sonagiri,5,4,2522,Fully Furnished,5-10 years,158.76,129017.16
Minal,4,3,1817,Semi Furnished,5-10 years,111.12,120878.11
Arera Colony,2,2,993,Unfurnished,10+ years,58.35,47882.64
Gulmohar,4,3,2037,Unfurnished,New,121.96,98370.64
Avadhpuri,1,1,636,Fully Furnished,10+ years,28.06,27101.32
Vikas Nagar,5,4,2262,Unfurnished,New,139.23,139671.13
Shanti Nagar,2,2,726,Semi Furnished,New,36.07,41613.35
Nizamuddin colony,5,4,2708,Fully Furnished,New,165.0,193685.59
Minal,3,3,1186,Fully Furnished,10+ years,80.7,90346.59
Bawadiya Kalan,2,2,1090,Fully Furnished,5-10 years,57.3,47079.0
Service road,2,2,981,Fully Furnished,New,49.66,52642.3
eidgah hills,5,4,2473,Unfurnished,New,146.25,118513.23
Bairagarh,4,3,1544,Fully Furnished,10+ years,82.47,94291.41
Vijay nagar,3,3,1161,Semi Furnished,10+ years,65.11,73814.45
Tajul masjid,3,3,1015,Unfurnished,1-5 years,63.68,65453.9
Gulmohar,5,4,2128,Semi Furnished,5-10 years,87.77,71218.66
Ratnagiri,2,2,1159,Semi Furnished,1-5 years,74.84,80701.01
MP Nagar,2,2,705,Semi Furnished,5-10 years,42.6,34141.77
New market,1,1,439,Fully Furnished,New,17.79,18912.18
Hoshangabad Road,4,3,1960,Fully Furnished,10+ years,122.49,121304.95
Minal,5,4,2184,Unfurnished,1-5 years,131.78,142492.77
Ratnagiri,3,3,1237,Semi Furnished,10+ years,64.43,74980.38
Sonagiri,1,1,547,Fully Furnished,5-10 years,24.39,26615.98
Tajul masjid,2,2,1149,Semi Furnished,New,69.09,72541.15
Ayodhya bypass,2,2,1083,Semi Furnished,10+ years,66.79,58835.18
Ayodhya bypass,4,3,1651,Semi Furnished,5-10 years,113.95,96517.59
Shyamla Hills,3,3,1444,Unfurnished,New,76.41,91180.07
Sonagiri,2,2,1189,Semi Furnished,5-10 years,57.8,60096.67
Bawadiya Kalan,4,3,1481,Semi Furnished,10+ years,81.74,85794.56
char Imli,1,1,574,Fully Furnished,1-5 years,29.01,30058.01
Service road,5,4,2848,Unfurnished,1-5 years,185.19,200545.09
Vikas Nagar,3,3,1325,Fully Furnished,1-5 years,87.25,73791.55
Hoshangabad Road,5,4,2576,Unfurnished,1-5 years,171.86,184214.37
Indrapuri,4,3,1557,Fully Furnished,1-5 years,86.46,70605.92
Avadhpuri,2,2,948,Semi Furnished,New,53.84,48404.3
chuna bhatti,3,3,1345,Unfurnished,New,73.8,68695.02
Karond,1,1,698,Fully Furnished,New,39.51,34970.33
eidgah hills,3,3,1053,Fully Furnished,5-10 years,49.36,53528.74
Arjun Nagar,5,4,2301,Unfurnished,5-10 years,102.84,116994.31
Bairagarh,1,1,559,Unfurnished,1-5 years,28.72,25542.67
Shanti Nagar,4,3,1646,Unfurnished,1-5 years,85.71,69616.76
Tajul masjid,5,4,2672,Semi Furnished,1-5 years,132.83,150982.65
Bittan Market,2,2,1148,Semi Furnished,1-5 years,71.94,71081.43
Roshanpura,1,1,739,Fully Furnished,1-5 years,47.65,56558.97
MP Nagar,2,2,882,Unfurnished,New,59.66,52889.69
Roshanpura,4,3,1800,Semi Furnished,New,74.1,69421.7
Shyamla Hills,4,3,1652,Fully Furnished,10+ years,111.16,121270.0
Kolar Road,4,3,1558,Unfurnished,5-10 years,101.97,103432.12
Service road,2,2,987,Semi Furnished,New,55.37,57716.53
Piplani,5,4,2591,Fully Furnished,5-10 years,169.66,193853.99
Piplani,4,3,2024,Unfurnished,1-5 years,107.25,122355.85
Govindpura,3,3,1469,Unfurnished,5-10 years,86.25,93436.39
jahangirabad,5,4,2303,Fully Furnished,1-5 years,132.95,137074.82
eidgah hills,5,4,2938,Semi Furnished,1-5 years,154.81,141546.97
Ayodhya nagar,4,3,2176,Semi Furnished,5-10 years,144.54,116811.83
Arjun Nagar,4,3,1842,Fully Furnished,New,86.31,77585.15
Ashoka garden,2,2,991,Fully Furnished,10+ years,40.75,46181.86
Kamla Nagar,1,1,655,Semi Furnished,10+ years,29.03,33065.32
chuna bhatti,2,2,1064,Unfurnished,1-5 years,59.73,55056.76
MP Nagar,2,2,821,Semi Furnished,10+ years,32.88,31140.75
Vijay nagar,5,4,2517,Unfurnished,1-5 years,145.26,124929.94
Piplani,3,3,1565,Fully Furnished,5-10 years,77.53,69146.55
Vikas Nagar,3,3,1283,Unfurnished,5-10 years,65.04,56642.17
Vijay nagar,3,3,1543,Fully Furnished,New,99.54,86413.03
Indrapuri,4,3,1604,Semi Furnished,10+ years,96.1,100513.62
Kolar hills,5,4,2319,Unfurnished,5-10 years,145.54,163818.5
Service road,1,1,506,Semi Furnished,10+ years,29.57,34079.7
Bairagarh,2,2,753,Unfurnished,New,46.31,47370.42
jahangirabad,5,4,2962,Semi Furnished,10+ years,127.57,146032.86
Kolar Road,2,2,705,Semi Furnished,10+ years,38.84,34986.96
Ashoka garden,3,3,1085,Fully Furnished,1-5 years,67.41,79035.52
MP Nagar,5,4,2123,Fully Furnished,1-5 years,133.82,133437.98
Saket nagar,2,2,726,Fully Furnished,10+ years,31.82,35975.4
Sonagiri,1,1,590,Semi Furnished,1-5 years,38.8,45251.98
Minal,3,3,1283,Fully Furnished,New,83.33,67432.91
Hoshangabad Road,5,4,2770,Fully Furnished,New,180.4,210482.75
Narela,3,3,1341,Fully Furnished,New,58.38,63070.73
Shivaji Nagar,3,3,1330,Fully Furnished,New,58.58,57802.52
chuna bhatti,3,3,1422,Unfurnished,New,74.59,70689.42
Barkheda,5,4,2200,Fully Furnished,5-10 years,89.05,76229.17
Service road,1,1,795,Fully Furnished,5-10 years,50.82,60171.47
MP Nagar,4,3,1906,Unfurnished,1-5 years,115.84,132422.7
Gandhi nagar,5,4,2300,Fully Furnished,1-5 years,122.26,113816.92
Karond,1,1,575,Fully Furnished,10+ years,34.39,34447.07
sultaniya road,5,4,2906,Semi Furnished,5-10 years,168.16,186879.13
Govindpura,3,3,1253,Semi Furnished,1-5 years,69.67,69542.54
MP Nagar,4,3,1581,Semi Furnished,5-10 years,87.53,86369.99
Chuna Bhatti,5,4,2211,Semi Furnished,New,102.29,120525.02
ibrahimpura,2,2,801,Unfurnished,5-10 years,41.15,39092.75
Misrod,2,2,751,Semi Furnished,5-10 years,49.05,55011.98
Kolar hills,4,3,2097,Semi Furnished,1-5 years,140.73,168434.81
Prabhat petrol pump,3,3,1332,Unfurnished,1-5 years,68.49,74045.66
Ayodhya bypass,5,4,2895,Unfurnished,5-10 years,202.51,212862.83
Tajul masjid,2,2,910,Fully Furnished,New,51.61,52563.12
Ratnagiri,5,4,2970,Unfurnished,10+ years,184.55,153824.12
Avadhpuri,1,1,554,Semi Furnished,1-5 years,27.65,31216.94
Avadhpuri,4,3,1440,Semi Furnished,1-5 years,83.9,95370.48
New market,5,4,2823,Fully Furnished,1-5 years,158.77,183430.44
Bawadiya Kalan,3,3,1377,Unfurnished,10+ years,84.9,77806.69
Prabhat petrol pump,3,3,1006,Semi Furnished,5-10 years,66.01,59515.64
Ashoka garden,3,3,1330,Semi Furnished,New,67.99,57009.56
Arera Colony,3,3,1177,Fully Furnished,5-10 years,80.39,65651.02
Barkheda,3,3,1279,Unfurnished,10+ years,73.82,71624.25
jahangirabad,1,1,617,Semi Furnished,1-5 years,26.69,23336.38
Barkheda,1,1,430,Semi Furnished,New,27.13,31570.66
chuna bhatti,4,3,1611,Semi Furnished,New,73.74,87884.84
Ratnagiri,5,4,2893,Unfurnished,10+ years,120.73,116455.71
eidgah hills,2,2,993,Fully Furnished,New,49.6,44879.94
Karond,5,4,2536,Semi Furnished,1-5 years,121.06,115061.51
Shivaji Nagar,5,4,2191,Semi Furnished,10+ years,138.95,114275.41
Ashoka garden,2,2,791,Fully Furnished,1-5 years,49.18,52736.72
Shanti Nagar,3,3,1190,Semi Furnished,New,70.77,67410.99
char Imli,5,4,2557,Fully Furnished,1-5 years,109.22,114022.89
Minal,3,3,1278,Fully Furnished,5-10 years,69.17,62794.89
New market,5,4,2714,Semi Furnished,5-10 years,178.6,151941.38
Sonagiri,5,4,2758,Semi Furnished,10+ years,153.92,179400.74
VIP road,5,4,2031,Fully Furnished,10+ years,92.73,79613.94
Ayodhya bypass,2,2,1158,Semi Furnished,1-5 years,50.42,49783.15
Shivaji Nagar,2,2,722,Fully Furnished,New,50.51,55082.18
Roshanpura,5,4,2706,Unfurnished,5-10 years,140.79,121299.3
Kamla Nagar,5,4,2586,Semi Furnished,5-10 years,177.86,152609.42
Govindpura,1,1,543,Fully Furnished,New,37.22,33890.94
Avadhpuri,3,3,1303,Fully Furnished,5-10 years,78.12,91853.95
Karond,3,3,1508,Unfurnished,10+ years,105.44,113966.22
ibrahimpura,5,4,2581,Fully Furnished,New,136.01,129408.41
Ashoka garden,2,2,887,Fully Furnished,10+ years,36.76,29798.23
ibrahimpura,5,4,2987,Semi Furnished,10+ years,142.5,116377.36
Kolar hills,4,3,2035,Semi Furnished,5-10 years,113.13,92156.7
chuna bhatti,2,2,1137,Semi Furnished,5-10 years,79.03,63490.99
Nizamuddin colony,1,1,472,Unfurnished,New,24.47,24515.56
Kamla Nagar,3,3,1447,Fully Furnished,10+ years,72.49,64671.18
Chuna Bhatti,3,3,1300,Unfurnished,1-5 years,59.3,62033.98
Saket nagar,4,3,1577,Unfurnished,5-10 years,109.93,108450.03
Ratnagiri,4,3,1733,Fully Furnished,5-10 years,113.6,118673.16
Shanti Nagar,4,3,1419,Fully Furnished,5-10 years,72.26,84758.54
Chuna Bhatti,3,3,1156,Semi Furnished,New,79.68,85445.63
Habibganj,2,2,1141,Fully Furnished,1-5 years,73.24,77534.82
Bittan Market,5,4,2369,Unfurnished,1-5 years,114.05,128997.76
Avadhpuri,4,3,1943,Unfurnished,1-5 years,97.4,96261.88
Narela,1,1,414,Semi Furnished,5-10 years,24.54,21676.53
Kamla Nagar,1,1,648,Unfurnished,1-5 years,42.81,48065.65
Karond,3,3,1118,Semi Furnished,5-10 years,65.33,75495.73
Barkheda,2,2,845,Semi Furnished,5-10 years,52.35,55286.46
New market,2,2,1140,Unfurnished,10+ years,48.41,47484.54
Ratnagiri,3,3,1437,Fully Furnished,10+ years,65.79,66123.18
Piplani,2,2,851,Unfurnished,New,42.38,45125.21
Lalghati,2,2,926,Fully Furnished,10+ years,41.67,46701.04
Ayodhya bypass,4,3,1494,Unfurnished,1-5 years,93.11,94409.04
Govindpura,2,2,793,Unfurnished,1-5 years,53.61,60629.14
char Imli,1,1,773,Semi Furnished,10+ years,37.57,42458.08
Bairagarh,5,4,2120,Fully Furnished,10+ years,116.4,96623.34
Narela,3,3,1390,Semi Furnished,New,67.31,65212.81
sultaniya road,5,4,2938,Semi Furnished,1-5 years,198.84,187203.89
Habibganj,3,3,1027,Unfurnished,1-5 years,68.06,57175.62
Service road,4,3,1484,Fully Furnished,5-10 years,91.3,101622.15
Barkheda,2,2,948,Unfurnished,5-10 years,39.34,39208.23
VIP road,5,4,2394,Fully Furnished,New,137.79,139874.01
Tajul masjid,4,3,2018,Fully Furnished,5-10 years,119.0,113439.19
Piplani,3,3,1129,Unfurnished,New,49.98,47520.61
Bairagarh,5,4,2446,Semi Furnished,1-5 years,134.29,146764.58
Shanti Nagar,5,4,2400,Semi Furnished,10+ years,150.07,134661.45
Ayodhya nagar,5,4,2105,Unfurnished,1-5 years,139.1,143966.61
Shivaji Nagar,2,2,1033,Fully Furnished,New,52.98,61922.8
Barkheda,3,3,1592,Fully Furnished,10+ years,72.96,67900.41
Ayodhya nagar,5,4,2402,Unfurnished,1-5 years,158.51,150544.94
Arjun Nagar,4,3,2129,Fully Furnished,10+ years,92.9,92454.24
Bairagarh,4,3,1942,Fully Furnished,5-10 years,116.51,93643.53
Nizamuddin colony,5,4,2278,Unfurnished,10+ years,151.15,158578.86
kohefiza,1,1,599,Unfurnished,10+ years,41.01,44510.47
ibrahimpura,1,1,655,Fully Furnished,New,34.26,28528.82
Shyamla Hills,2,2,780,Semi Furnished,10+ years,48.82,48283.56
Kolar Road,2,2,860,Unfurnished,10+ years,50.29,42747.15
Indrapuri,4,3,1486,Unfurnished,10+ years,97.29,79008.72
Ashoka garden,2,2,992,Fully Furnished,5-10 years,43.45,51327.44
Indrapuri,4,3,2058,Unfurnished,5-10 years,100.53,92173.96
Bawadiya Kalan,3,3,1404,Semi Furnished,10+ years,75.52,68010.05
Karond,2,2,1192,Fully Furnished,New,76.31,89923.75
chuna bhatti,5,4,2989,Unfurnished,10+ years,171.87,141707.02
New market,4,3,1434,Fully Furnished,New,57.58,54383.13
Ashoka garden,3,3,1546,Unfurnished,1-5 years,68.5,57178.37
Gandhi nagar,3,3,1042,Unfurnished,New,52.98,62469.28
Ayodhya nagar,2,2,1116,Unfurnished,New,67.74,69413.25
Narela,1,1,622,Fully Furnished,New,32.52,26245.05
Vikas Nagar,3,3,1393,Unfurnished,1-5 years,96.54,99167.46
Kolar hills,2,2,860,Fully Furnished,10+ years,58.21,54539.26
Kolar hills,3,3,1598,Unfurnished,1-5 years,74.45,85528.64
Vikas Nagar,1,1,740,Unfurnished,5-10 years,31.07,31181.22
MP Nagar,5,4,2171,Unfurnished,10+ years,148.97,127901.26
Vijay nagar,3,3,1193,Fully Furnished,10+ years,55.48,57289.3
char Imli,5,4,2666,Fully Furnished,New,133.18,126163.17
Service road,4,3,1590,Fully Furnished,5-10 years,77.87,91031.47
Roshanpura,2,2,1154,Fully Furnished,10+ years,51.79,48372.66
char Imli,1,1,733,Semi Furnished,1-5 years,47.32,50960.16
Arera Colony,1,1,600,Fully Furnished,New,34.67,31330.52
Saket nagar,2,2,941,Semi Furnished,New,56.93,51063.19
Hoshangabad Road,2,2,1060,Semi Furnished,10+ years,49.52,48883.16
eidgah hills,4,3,1583,Semi Furnished,1-5 years,102.72,92410.97
Gandhi nagar,5,4,2118,Fully Furnished,1-5 years,139.25,166423.33
Gandhi nagar,2,2,1090,Unfurnished,10+ years,44.35,49579.03
Govindpura,1,1,778,Fully Furnished,1-5 years,38.26,41507.81
eidgah hills,1,1,478,Fully Furnished,New,28.1,29565.54
char Imli,5,4,2380,Fully Furnished,5-10 years,122.73,125382.64
Habibganj,3,3,1240,Semi Furnished,10+ years,56.85,51223.6
ibrahimpura,5,4,2823,Semi Furnished,New,152.5,168984.12
MP Nagar,4,3,1633,Fully Furnished,1-5 years,73.97,77396.85
Ashoka garden,3,3,1346,Unfurnished,5-10 years,57.86,47563.15
Minal,3,3,1484,Fully Furnished,5-10 years,72.41,61904.59
Bairagarh,2,2,906,Unfurnished,New,52.1,52364.34
Misrod,4,3,2026,Semi Furnished,1-5 years,133.49,120665.64
Roshanpura,4,3,1485,Semi Furnished,5-10 years,103.63,107343.43
Saket nagar,1,1,778,Fully Furnished,New,53.29,51654.72
Anand nagar,3,3,1457,Unfurnished,New,91.76,91371.52
Misrod,5,4,2851,Semi Furnished,New,179.44,204932.7
Service road,2,2,831,Semi Furnished,10+ years,50.59,60672.78
Karond,2,2,779,Fully Furnished,5-10 years,31.81,29994.64
Hoshangabad Road,3,3,1303,Fully Furnished,10+ years,58.78,59901.29
Service road,4,3,1760,Semi Furnished,New,111.89,109433.21
Misrod,5,4,2646,Semi Furnished,1-5 years,170.86,188267.72
char Imli,4,3,1626,Fully Furnished,10+ years,71.34,81886.09
Habibganj,4,3,1464,Fully Furnished,New,95.28,105132.26
Service road,3,3,1395,Unfurnished,10+ years,62.74,62450.05
Saket nagar,3,3,1232,Semi Furnished,5-10 years,79.46,68104.18
char Imli,4,3,2047,Unfurnished,10+ years,108.93,113518.34
Shanti Nagar,5,4,2425,Unfurnished,New,166.69,192980.69
New market,4,3,1788,Fully Furnished,New,111.37,113736.91
MP Nagar,4,3,1577,Fully Furnished,10+ years,67.72,72226.83
Prabhat petrol pump,1,1,650,Semi Furnished,5-10 years,34.98,31791.17
Bawadiya Kalan,4,3,1510,Fully Furnished,10+ years,71.71,80044.97
Arera Colony,5,4,2640,Fully Furnished,5-10 years,118.06,121092.44
Tajul masjid,2,2,832,Unfurnished,5-10 years,42.55,46698.8
chuna bhatti,4,3,1723,Fully Furnished,5-10 years,74.61,86510.43
Minal,3,3,1204,Unfurnished,5-10 years,77.82,65879.03
Chuna Bhatti,5,4,2212,Fully Furnished,New,144.21,133843.0
Ayodhya nagar,1,1,688,Fully Furnished,10+ years,44.63,36644.83
Service road,5,4,2186,Fully Furnished,1-5 years,91.75,91614.9
Saket nagar,2,2,1175,Unfurnished,1-5 years,66.96,56004.17
Misrod,2,2,879,Semi Furnished,10+ years,55.87,47900.64
Barkheda,5,4,2610,Semi Furnished,10+ years,152.73,134093.49
Nizamuddin colony,2,2,871,Unfurnished,10+ years,56.24,46055.34
eidgah hills,1,1,752,Fully Furnished,10+ years,36.66,35596.32
Vijay nagar,5,4,2956,Unfurnished,10+ years,125.23,138090.9
Bairagarh,4,3,1846,Unfurnished,New,89.85,105091.48
Vikas Nagar,1,1,579,Semi Furnished,New,24.01,22183.68
Ratnagiri,5,4,2670,Unfurnished,5-10 years,123.79,116741.21
New market,5,4,2427,Unfurnished,1-5 years,157.99,176426.57
Saket nagar,4,3,2101,Semi Furnished,1-5 years,140.92,165559.16
ibrahimpura,2,2,901,Semi Furnished,5-10 years,49.96,54352.51
Barkheda,3,3,1395,Semi Furnished,5-10 years,78.31,68466.96
Ayodhya bypass,4,3,1885,Unfurnished,5-10 years,76.2,85521.74
MP Nagar,2,2,1006,Fully Furnished,10+ years,61.13,55694.97
Bittan Market,4,3,1440,Fully Furnished,10+ years,79.71,82830.66
Vijay nagar,3,3,1325,Semi Furnished,5-10 years,53.48,60677.02
chuna bhatti,2,2,901,Fully Furnished,1-5 years,57.34,54078.08
Hoshangabad Road,3,3,1487,Unfurnished,10+ years,101.04,103887.09
Bairagarh,4,3,1461,Semi Furnished,1-5 years,101.63,103730.29
Chuna Bhatti,5,4,2699,Unfurnished,5-10 years,186.23,203200.96
Vijay nagar,2,2,986,Semi Furnished,New,66.65,60090.5
Ashoka garden,4,3,1826,Semi Furnished,5-10 years,99.58,93977.57
Nizamuddin colony,4,3,1508,Semi Furnished,10+ years,98.52,101144.46
Gulmohar,3,3,1194,Semi Furnished,5-10 years,74.02,76789.65
Service road,3,3,1416,Unfurnished,New,79.88,65072.36
sultaniya road,3,3,1343,Semi Furnished,1-5 years,72.52,63168.27
Hoshangabad Road,5,4,2154,Fully Furnished,10+ years,104.61,120975.83
Ratnagiri,4,3,1792,Semi Furnished,New,106.27,126587.48
Shanti Nagar,5,4,2265,Fully Furnished,New,107.02,101701.49
Ayodhya nagar,1,1,649,Unfurnished,New,28.28,27189.8
Sonagiri,4,3,1473,Semi Furnished,5-10 years,95.42,87066.57
char Imli,2,2,795,Semi Furnished,1-5 years,48.83,57722.46
Bittan Market,5,4,2972,Semi Furnished,1-5 years,152.92,122609.47
Ashoka garden,3,3,1094,Semi Furnished,1-5 years,65.85,53889.27
Shanti Nagar,2,2,1079,Unfurnished,1-5 years,47.36,39761.13
Habibganj,4,3,1973,Fully Furnished,1-5 years,92.6,100517.05
Misrod,4,3,1617,Unfurnished,10+ years,79.68,84651.04
Tajul masjid,1,1,629,Semi Furnished,10+ years,27.46,28702.59
Roshanpura,5,4,2293,Unfurnished,1-5 years,135.65,158979.35
ibrahimpura,1,1,543,Semi Furnished,5-10 years,32.05,38138.11
Bittan Market,4,3,1406,Semi Furnished,1-5 years,63.01,70921.66
Indrapuri,3,3,1440,Semi Furnished,1-5 years,72.73,86794.29
Karond,1,1,763,Semi Furnished,10+ years,52.99,59800.07
Roshanpura,1,1,414,Fully Furnished,New,16.71,18294.59
ibrahimpura,4,3,1458,Fully Furnished,New,92.02,78196.18
Minal,4,3,1819,Semi Furnished,1-5 years,85.5,69517.54
Shanti Nagar,2,2,890,Unfurnished,5-10 years,40.71,34414.97
Arera Colony,2,2,776,Semi Furnished,10+ years,34.11,37442.26
Service road,3,3,1139,Unfurnished,5-10 years,71.57,62636.09
Prabhat petrol pump,4,3,1773,Fully Furnished,1-5 years,83.46,75231.17
Narela,1,1,689,Semi Furnished,New,46.47,38869.1
Narela,4,3,1600,Fully Furnished,10+ years,71.01,71196.55
Ashoka garden,1,1,528,Unfurnished,1-5 years,30.83,29082.83
New market,5,4,2661,Semi Furnished,1-5 years,122.61,117285.6
Shyamla Hills,2,2,835,Unfurnished,New,37.46,30812.56
Arjun Nagar,4,3,1551,Fully Furnished,10+ years,92.67,84914.58
Arjun Nagar,3,3,1549,Fully Furnished,1-5 years,108.28,89657.88
Bawadiya Kalan,2,2,878,Semi Furnished,10+ years,40.8,47316.67
Service road,4,3,1417,Semi Furnished,New,87.22,79521.75
Indrapuri,1,1,668,Fully Furnished,10+ years,31.89,31889.08
Ayodhya bypass,1,1,593,Semi Furnished,1-5 years,28.54,30437.33
Piplani,4,3,1639,Unfurnished,1-5 years,100.53,99717.17
Prabhat petrol pump,1,1,428,Unfurnished,1-5 years,25.54,24912.22
Service road,2,2,1199,Semi Furnished,5-10 years,70.87,67282.69
VIP road,5,4,2890,Semi Furnished,New,181.46,156807.12
Kamla Nagar,1,1,552,Fully Furnished,5-10 years,24.86,22921.06
Tajul masjid,5,4,2188,Unfurnished,New,91.49,101473.04
Hoshangabad Road,4,3,2180,Semi Furnished,5-10 years,91.91,96245.55
Minal,4,3,1588,Fully Furnished,1-5 years,73.77,60202.26
Piplani,2,2,720,Unfurnished,5-10 years,39.39,45296.14
Chuna Bhatti,4,3,1694,Unfurnished,New,78.15,69499.09
Arjun Nagar,4,3,1500,Unfurnished,10+ years,77.59,90054.16
Roshanpura,3,3,1469,Unfurnished,10+ years,95.9,90438.71
Gandhi nagar,1,1,503,Semi Furnished,New,23.81,20640.48
VIP road,5,4,2435,Semi Furnished,1-5 years,122.71,132194.88
eidgah hills,4,3,2074,Semi Furnished,10+ years,124.11,119874.2
Bairagarh,4,3,1542,Unfurnished,New,71.31,68740.72
Chuna Bhatti,3,3,1068,Unfurnished,1-5 years,64.62,59806.94
Shanti Nagar,4,3,1728,Fully Furnished,New,93.78,100287.37
Shanti Nagar,2,2,793,Semi Furnished,5-10 years,40.73,39602.93
Barkheda,5,4,2805,Fully Furnished,10+ years,143.92,169674.68
Piplani,4,3,2003,Unfurnished,New,101.01,104530.22
MP Nagar,2,2,1170,Semi Furnished,New,63.58,71288.59
chuna bhatti,3,3,1134,Fully Furnished,10+ years,48.61,41432.29
Avadhpuri,2,2,794,Semi Furnished,1-5 years,33.43,28218.99
Bittan Market,2,2,747,Fully Furnished,5-10 years,38.5,39119.72
New market,5,4,2203,Semi Furnished,1-5 years,151.82,156203.79
Bawadiya Kalan,3,3,1274,Unfurnished,5-10 years,70.32,57321.59
Karond,2,2,764,Semi Furnished,10+ years,40.54,32877.17
eidgah hills,4,3,1429,Semi Furnished,New,94.98,97768.04
sultaniya road,3,3,1310,Semi Furnished,5-10 years,85.32,81589.46
Sonagiri,1,1,723,Fully Furnished,10+ years,37.9,33465.71
jahangirabad,5,4,2055,Semi Furnished,1-5 years,135.6,160807.66
Sonagiri,2,2,1100,Fully Furnished,1-5 years,66.34,63944.74
Habibganj,2,2,826,Semi Furnished,10+ years,57.61,49273.89
Ayodhya nagar,5,4,2744,Semi Furnished,10+ years,146.49,146521.0
Lalghati,3,3,1124,Semi Furnished,1-5 years,72.55,76995.48
Govindpura,4,3,1953,Fully Furnished,5-10 years,90.5,103960.37
Barkheda,2,2,743,Fully Furnished,5-10 years,30.95,29244.97
Nizamuddin colony,3,3,1077,Fully Furnished,10+ years,58.45,54967.7
Barkheda,1,1,751,Fully Furnished,New,45.7,48070.99
Narela,2,2,1199,Unfurnished,5-10 years,52.33,56507.21
Saket nagar,5,4,2892,Semi Furnished,10+ years,130.14,117299.62
ibrahimpura,1,1,474,Semi Furnished,1-5 years,29.88,24042.11
Bawadiya Kalan,5,4,2926,Fully Furnished,10+ years,172.57,180441.24
Saket nagar,5,4,2264,Unfurnished,5-10 years,126.94,131204.21
eidgah hills,3,3,1354,Fully Furnished,10+ years,84.05,93770.88
Chuna Bhatti,3,3,1469,Fully Furnished,10+ years,74.56,64263.59
Anand nagar,1,1,402,Unfurnished,5-10 years,17.82,14767.52
kohefiza,1,1,410,Fully Furnished,10+ years,16.84,15855.51
Narela,4,3,1475,Unfurnished,5-10 years,98.3,113155.85
Karond,5,4,2583,Fully Furnished,10+ years,103.8,83283.42
Kolar Road,5,4,2423,Fully Furnished,10+ years,114.31,128369.02
Prabhat petrol pump,5,4,2090,Semi Furnished,1-5 years,91.21,86232.48
char Imli,4,3,2078,Fully Furnished,10+ years,93.22,83524.75
Shivaji Nagar,2,2,1117,Semi Furnished,1-5 years,44.9,43595.42
Hoshangabad Road,5,4,2497,Unfurnished,5-10 years,149.95,124096.58
Gandhi nagar,3,3,1237,Fully Furnished,New,54.89,46559.5
Misrod,5,4,2799,Unfurnished,10+ years,192.23,206657.44
Govindpura,4,3,2057,Fully Furnished,5-10 years,121.68,128360.07
New market,4,3,1707,Fully Furnished,5-10 years,100.56,90627.65
Gulmohar,4,3,2086,Fully Furnished,New,112.9,107621.73
Chuna Bhatti,3,3,1450,Semi Furnished,New,97.95,109610.0
Bairagarh,1,1,463,Semi Furnished,1-5 years,28.54,29930.98
Shivaji Nagar,3,3,1451,Unfurnished,New,82.89,83402.93
Narela,1,1,459,Semi Furnished,New,19.26,16802.35
Nizamuddin colony,1,1,748,Unfurnished,New,44.01,39279.89
Shanti Nagar,4,3,1633,Fully Furnished,1-5 years,105.94,108286.56
Barkheda,1,1,685,Unfurnished,5-10 years,44.93,50569.85
Ratnagiri,4,3,2123,Fully Furnished,5-10 years,96.0,108574.79
Hoshangabad Road,5,4,2686,Unfurnished,New,172.5,145842.1
Roshanpura,3,3,1277,Fully Furnished,5-10 years,53.21,49386.13
Arera Colony,1,1,505,Unfurnished,1-5 years,30.93,31623.59
Barkheda,1,1,600,Unfurnished,1-5 years,28.27,25023.47
Kolar hills,3,3,1380,Semi Furnished,10+ years,91.81,90218.03
Indrapuri,1,1,783,Unfurnished,New,35.46,34960.59
Gulmohar,3,3,1047,Semi Furnished,10+ years,46.92,45135.37
Piplani,1,1,447,Fully Furnished,New,27.02,27209.98
Arjun Nagar,4,3,1586,Semi Furnished,New,78.95,72074.83
sultaniya road,3,3,1105,Fully Furnished,10+ years,69.37,77600.23
char Imli,2,2,1074,Unfurnished,5-10 years,74.32,64049.53
Misrod,4,3,1629,Fully Furnished,5-10 years,101.84,98939.5
Karond,1,1,550,Unfurnished,10+ years,27.62,25429.19
Saket nagar,5,4,2735,Unfurnished,1-5 years,134.3,146883.35
char Imli,5,4,2849,Semi Furnished,10+ years,174.21,186428.05
Ratnagiri,1,1,594,Unfurnished,New,37.29,41436.58
Vikas Nagar,2,2,807,Fully Furnished,1-5 years,47.06,51263.26
Barkheda,5,4,2646,Unfurnished,1-5 years,160.78,182159.37
Piplani,2,2,902,Semi Furnished,10+ years,60.3,67489.06
New market,5,4,2914,Semi Furnished,1-5 years,187.93,152411.67
ibrahimpura,1,1,470,Unfurnished,10+ years,30.58,26632.79
Hoshangabad Road,2,2,943,Unfurnished,5-10 years,51.13,41338.47
Indrapuri,3,3,1279,Semi Furnished,5-10 years,60.35,57885.2
Narela,2,2,743,Unfurnished,5-10 years,39.55,31743.17
Chuna Bhatti,2,2,1049,Fully Furnished,10+ years,55.95,58793.08
Govindpura,2,2,726,Semi Furnished,New,49.84,47613.26
chuna bhatti,3,3,1139,Semi Furnished,1-5 years,70.84,76585.32
Chuna Bhatti,1,1,512,Unfurnished,5-10 years,34.94,31098.69
jahangirabad,1,1,542,Fully Furnished,10+ years,30.21,29687.31
Ratnagiri,5,4,2661,Unfurnished,10+ years,128.95,124100.87
Piplani,1,1,658,Unfurnished,New,39.44,38016.47
Saket nagar,5,4,2002,Semi Furnished,1-5 years,94.28,84195.58
Arjun Nagar,5,4,2659,Semi Furnished,5-10 years,124.06,105382.35
Nizamuddin colony,1,1,486,Semi Furnished,5-10 years,23.01,25912.87
Shyamla Hills,5,4,2936,Unfurnished,New,187.31,156660.79
Karond,1,1,471,Unfurnished,1-5 years,30.97,27811.51
kohefiza,2,2,932,Semi Furnished,1-5 years,41.2,42182.72
Kamla Nagar,3,3,1310,Semi Furnished,10+ years,59.63,51066.26
Chuna Bhatti,1,1,581,Fully Furnished,New,28.29,28920.96
Vijay nagar,4,3,1860,Unfurnished,5-10 years,76.57,83765.52
Govindpura,3,3,1182,Fully Furnished,5-10 years,59.22,65754.08
Shivaji Nagar,4,3,1532,Fully Furnished,5-10 years,99.76,87340.73
Anand nagar,2,2,1016,Fully Furnished,New,54.6,58347.72
VIP road,5,4,2558,Unfurnished,5-10 years,123.35,108126.96
New market,3,3,1505,Fully Furnished,10+ years,94.0,84594.28
jahangirabad,2,2,887,Unfurnished,1-5 years,42.95,49500.12
ibrahimpura,3,3,1524,Fully Furnished,1-5 years,100.16,95290.61
Ayodhya nagar,4,3,2176,Unfurnished,New,89.66,97575.49
Prabhat petrol pump,5,4,2309,Fully Furnished,1-5 years,122.63,129369.86
eidgah hills,4,3,1651,Semi Furnished,10+ years,94.4,103083.03
Sonagiri,3,3,1458,Unfurnished,5-10 years,61.82,69850.61
Shivaji Nagar,5,4,2241,Semi Furnished,5-10 years,107.08,94470.79
Saket nagar,2,2,782,Fully Furnished,5-10 years,41.82,48143.29
Gandhi nagar,4,3,1721,Semi Furnished,5-10 years,75.65,69847.1
Vikas Nagar,4,3,1753,Fully Furnished,10+ years,97.91,80719.02
New market,3,3,1375,Unfurnished,5-10 years,82.79,90229.98
Chuna Bhatti,1,1,755,Semi Furnished,1-5 years,35.21,33181.08
VIP road,1,1,492,Unfurnished,5-10 years,24.45,21918.11
Ayodhya nagar,5,4,2097,Unfurnished,New,92.52,99017.3
Nizamuddin colony,5,4,2984,Semi Furnished,New,175.88,166600.57
chuna bhatti,4,3,1937,Unfurnished,10+ years,133.04,121276.94
Service road,3,3,1302,Fully Furnished,New,68.85,62142.18
Service road,2,2,747,Unfurnished,1-5 years,30.14,31331.56
Sonagiri,2,2,788,Unfurnished,10+ years,34.64,30229.48
kohefiza,4,3,2063,Fully Furnished,10+ years,127.24,130179.62
New market,4,3,1693,Semi Furnished,New,98.21,112829.83
Ayodhya bypass,5,4,2381,Fully Furnished,New,157.51,133416.98
Vikas Nagar,1,1,549,Unfurnished,New,25.49,23651.68
Bawadiya Kalan,3,3,1071,Unfurnished,1-5 years,62.74,66957.37
Avadhpuri,5,4,2419,Fully Furnished,New,144.61,172588.31
MP Nagar,5,4,2755,Unfurnished,5-10 years,170.99,176573.74
Shivaji Nagar,4,3,2057,Semi Furnished,10+ years,99.72,91917.08
Barkheda,5,4,2374,Semi Furnished,10+ years,140.46,141481.79
Gulmohar,5,4,2389,Fully Furnished,1-5 years,141.84,161754.33
Sonagiri,1,1,762,Unfurnished,1-5 years,41.08,33796.44
Avadhpuri,4,3,2077,Fully Furnished,New,100.15,100714.49
Saket nagar,1,1,479,Semi Furnished,5-10 years,21.98,24450.52
sultaniya road,5,4,2997,Semi Furnished,1-5 years,159.08,176971.86
Service road,2,2,904,Semi Furnished,5-10 years,44.2,45282.79
Anand nagar,4,3,1597,Semi Furnished,New,89.0,83813.28
Anand nagar,5,4,2223,Semi Furnished,New,137.55,139232.22
kohefiza,2,2,1031,Fully Furnished,5-10 years,42.18,39224.8
Narela,3,3,1351,Unfurnished,5-10 years,59.72,62849.2
Indrapuri,5,4,2876,Semi Furnished,New,140.39,163094.7
Prabhat petrol pump,5,4,2040,Unfurnished,New,117.84,128653.81
Service road,2,2,1126,Unfurnished,New,59.87,63682.97
chuna bhatti,4,3,1854,Unfurnished,5-10 years,89.44,88785.94
Habibganj,5,4,2065,Fully Furnished,New,104.01,113853.45
Karond,4,3,1926,Fully Furnished,10+ years,95.95,100804.77
Ayodhya bypass,4,3,2193,Semi Furnished,10+ years,138.74,129245.27
Tajul masjid,2,2,1112,Fully Furnished,10+ years,76.13,65430.18
Lalghati,4,3,2165,Fully Furnished,10+ years,118.63,126610.06
Barkheda,5,4,2002,Fully Furnished,1-5 years,99.01,105322.3
Bittan Market,5,4,2693,Unfurnished,10+ years,184.78,217474.07
Gulmohar,2,2,1056,Unfurnished,5-10 years,62.9,63220.53
Gandhi nagar,3,3,1491,Unfurnished,1-5 years,101.52,87613.93
Bawadiya Kalan,2,2,1085,Fully Furnished,1-5 years,66.01,55032.78
Vijay nagar,2,2,1035,Unfurnished,New,42.95,46210.7
Narela,1,1,679,Fully Furnished,New,34.44,32191.88
MP Nagar,4,3,2121,Fully Furnished,New,142.08,141338.66
sultaniya road,3,3,1508,Semi Furnished,New,67.52,64990.19
Indrapuri,3,3,1578,Semi Furnished,1-5 years,106.16,114525.33
Gulmohar,4,3,1888,Fully Furnished,1-5 years,87.94,78190.17
char Imli,3,3,1540,Semi Furnished,5-10 years,80.01,64177.48
Karond,4,3,1539,Fully Furnished,1-5 years,104.16,93969.57
Nizamuddin colony,3,3,1419,Unfurnished,1-5 years,83.97,68875.45
Hoshangabad Road,3,3,1125,Unfurnished,10+ years,74.29,80884.88
kohefiza,1,1,624,Semi Furnished,5-10 years,35.82,31608.51
chuna bhatti,5,4,2672,Fully Furnished,1-5 years,108.77,102278.96
Shanti Nagar,2,2,979,Semi Furnished,5-10 years,64.08,54763.85
sultaniya road,2,2,1068,Semi Furnished,New,63.27,65912.35
Ashoka garden,4,3,2142,Semi Furnished,5-10 years,108.0,123222.22
Gulmohar,3,3,1357,Semi Furnished,5-10 years,90.67,78535.21
chuna bhatti,3,3,1189,Semi Furnished,1-5 years,74.68,85189.4
Bittan Market,2,2,1088,Semi Furnished,1-5 years,51.22,42274.67
Kamla Nagar,2,2,738,Unfurnished,5-10 years,45.33,42929.12
VIP road,3,3,1172,Fully Furnished,10+ years,48.35,43164.24
kohefiza,5,4,2117,Unfurnished,1-5 years,138.21,139302.17
Misrod,4,3,2194,Unfurnished,New,110.2,91821.78
VIP road,3,3,1209,Unfurnished,1-5 years,83.56,78390.19
Kolar Road,4,3,1529,Unfurnished,New,80.17,71384.91
Piplani,4,3,1917,Fully Furnished,1-5 years,79.33,77115.71
Kolar hills,3,3,1158,Fully Furnished,New,58.78,54496.02
Gulmohar,1,1,734,Unfurnished,1-5 years,45.79,44248.69
Gandhi nagar,1,1,650,Fully Furnished,5-10 years,43.91,39559.46
Minal,4,3,1850,Unfurnished,10+ years,124.27,144440.42
Shanti Nagar,4,3,2089,Unfurnished,New,104.37,107593.53
Bittan Market,2,2,1163,Fully Furnished,1-5 years,75.35,74152.78
sultaniya road,1,1,546,Semi Furnished,1-5 years,27.37,25388.18
Arera Colony,4,3,1599,Fully Furnished,New,81.08,90935.3
Minal,3,3,1045,Unfurnished,5-10 years,47.96,39031.84
Minal,5,4,2517,Semi Furnished,New,123.93,136118.2
Vijay nagar,4,3,1673,Unfurnished,1-5 years,99.15,86331.5
Vijay nagar,3,3,1358,Unfurnished,New,58.21,52123.85
Arjun Nagar,5,4,2011,Semi Furnished,1-5 years,130.06,124422.48
chuna bhatti,1,1,567,Semi Furnished,10+ years,31.43,34522.39
Shyamla Hills,1,1,646,Semi Furnished,5-10 years,41.83,46233.71
Vikas Nagar,1,1,680,Unfurnished,1-5 years,46.57,38753.3
ibrahimpura,3,3,1525,Semi Furnished,New,65.19,71575.54
Ashoka garden,5,4,2121,Semi Furnished,New,113.44,124827.63
Indrapuri,1,1,665,Unfurnished,New,34.67,32475.47
Ratnagiri,2,2,824,Semi Furnished,10+ years,35.56,28821.28
New market,5,4,2334,Unfurnished,1-5 years,156.43,185966.37
Bittan Market,4,3,1811,Unfurnished,1-5 years,88.68,81585.7
sultaniya road,2,2,1028,Fully Furnished,5-10 years,69.79,82162.68
Ashoka garden,4,3,1604,Semi Furnished,10+ years,91.26,74430.03
MP Nagar,5,4,2844,Fully Furnished,1-5 years,174.77,149571.42
Ashoka garden,1,1,441,Fully Furnished,5-10 years,23.22,19754.91
Gandhi nagar,4,3,1637,Semi Furnished,10+ years,84.72,97099.35
Shivaji Nagar,5,4,2211,Semi Furnished,New,88.47,92583.89
Avadhpuri,2,2,813,Semi Furnished,1-5 years,44.44,36975.64
Ashoka garden,5,4,2571,Fully Furnished,5-10 years,153.46,150754.98
Gulmohar,5,4,2229,Semi Furnished,New,97.04,106086.85
Chuna Bhatti,3,3,1247,Unfurnished,5-10 years,82.11,86032.6
Govindpura,1,1,439,Fully Furnished,10+ years,18.36,16529.52
Govindpura,3,3,1463,Unfurnished,New,98.06,111556.96
chuna bhatti,5,4,2931,Fully Furnished,5-10 years,161.55,172660.55
MP Nagar,4,3,2013,Semi Furnished,10+ years,122.9,133686.21
Bawadiya Kalan,2,2,804,Semi Furnished,10+ years,42.66,48758.9
MP Nagar,5,4,2068,Unfurnished,New,99.31,90432.19
Ratnagiri,2,2,901,Semi Furnished,1-5 years,56.62,46668.47
Anand nagar,2,2,727,Unfurnished,New,29.83,25828.92
Shyamla Hills,1,1,426,Fully Furnished,5-10 years,21.42,19637.15
Gandhi nagar,1,1,660,Fully Furnished,New,35.07,33213.01
Narela,3,3,1487,Semi Furnished,New,99.1,80548.5
Bittan Market,2,2,865,Semi Furnished,1-5 years,46.12,48122.98
Prabhat petrol pump,5,4,2543,Semi Furnished,10+ years,114.7,92787.9
Roshanpura,5,4,2120,Unfurnished,5-10 years,107.38,127819.81
Bawadiya Kalan,2,2,788,Fully Furnished,5-10 years,35.59,35455.42
chuna bhatti,5,4,2194,Unfurnished,10+ years,93.88,95591.46
Shivaji Nagar,3,3,1016,Unfurnished,1-5 years,50.73,41298.9
Lalghati,3,3,1551,Unfurnished,5-10 years,95.54,113031.32
Gulmohar,5,4,2824,Fully Furnished,10+ years,170.9,155648.98
New market,3,3,1431,Fully Furnished,5-10 years,63.14,51763.45
Roshanpura,1,1,711,Semi Furnished,10+ years,48.88,49496.45
Lalghati,2,2,747,Semi Furnished,New,45.32,41765.43
Narela,2,2,796,Semi Furnished,10+ years,37.13,30152.03
Tajul masjid,1,1,735,Unfurnished,5-10 years,47.13,56183.61
Vikas Nagar,1,1,641,Semi Furnished,New,37.17,37843.08
Hoshangabad Road,1,1,605,Fully Furnished,1-5 years,33.73,30566.05
Piplani,3,3,1173,Semi Furnished,New,64.5,61623.64
Habibganj,5,4,2569,Fully Furnished,5-10 years,122.42,120706.94
Ayodhya bypass,4,3,2111,Fully Furnished,New,89.85,79119.34
Ayodhya nagar,5,4,2521,Unfurnished,1-5 years,149.5,148277.25
Chuna Bhatti,3,3,1483,Unfurnished,10+ years,73.37,62494.23
Indrapuri,5,4,2159,Unfurnished,New,130.03,154618.36
Misrod,2,2,1049,Semi Furnished,New,49.11,50022.96
Vijay nagar,4,3,2124,Semi Furnished,1-5 years,110.77,98899.13
Indrapuri,5,4,2512,Unfurnished,New,111.56,125194.14
Ashoka garden,5,4,2870,Unfurnished,5-10 years,124.46,138528.1
Govindpura,3,3,1431,Unfurnished,1-5 years,91.66,85215.08
Anand nagar,3,3,1458,Unfurnished,5-10 years,88.4,76314.9
Bittan Market,2,2,1133,Fully Furnished,New,61.15,52247.96
kohefiza,1,1,610,Semi Furnished,5-10 years,38.79,33838.24
Prabhat petrol pump,1,1,786,Fully Furnished,1-5 years,42.97,40565.8
Bittan Market,2,2,1043,Semi Furnished,1-5 years,44.38,41338.37
Govindpura,1,1,587,Fully Furnished,5-10 years,40.23,36409.3
Misrod,3,3,1315,Fully Furnished,5-10 years,90.9,101594.47
Service road,3,3,1328,Semi Furnished,5-10 years,76.14,77998.77
Habibganj,4,3,2189,Fully Furnished,10+ years,101.1,113992.11
Bittan Market,5,4,2749,Fully Furnished,5-10 years,180.41,207054.52
Service road,5,4,2514,Fully Furnished,5-10 years,159.83,169356.2
Karond,4,3,1941,Unfurnished,1-5 years,133.85,110386.66
Shivaji Nagar,1,1,433,Semi Furnished,New,23.96,26089.97
Bawadiya Kalan,2,2,1124,Unfurnished,10+ years,58.96,64391.41
Bairagarh,1,1,753,Semi Furnished,1-5 years,41.49,44760.55
Vikas Nagar,4,3,1849,Unfurnished,10+ years,80.32,83187.13
Lalghati,3,3,1139,Semi Furnished,1-5 years,57.1,58736.43
New market,3,3,1432,Semi Furnished,New,83.37,84097.76
sultaniya road,3,3,1600,Semi Furnished,1-5 years,89.11,78683.04
New market,4,3,1900,Semi Furnished,10+ years,116.87,93567.15
Avadhpuri,3,3,1324,Unfurnished,New,90.77,91434.23
Shanti Nagar,5,4,2899,Fully Furnished,5-10 years,147.55,160788.28
Piplani,5,4,2472,Fully Furnished,1-5 years,111.81,90992.91
Bairagarh,3,3,1267,Fully Furnished,5-10 years,78.66,74600.21
Kolar Road,1,1,716,Unfurnished,1-5 years,46.51,54429.33
Minal,3,3,1400,Unfurnished,1-5 years,97.07,108265.92
Kolar Road,2,2,816,Fully Furnished,5-10 years,51.54,46517.37
ibrahimpura,3,3,1335,Semi Furnished,5-10 years,66.26,79274.4
char Imli,5,4,2895,Fully Furnished,New,186.57,167660.62
Misrod,4,3,2178,Fully Furnished,New,105.55,92135.22
Misrod,5,4,2416,Semi Furnished,5-10 years,123.26,129579.93
Narela,1,1,521,Semi Furnished,New,33.19,27530.93
ibrahimpura,1,1,613,Unfurnished,10+ years,30.11,30532.39
Piplani,2,2,744,Unfurnished,5-10 years,47.75,45599.18
Bairagarh,4,3,1686,Fully Furnished,5-10 years,98.42,104913.97
Tajul masjid,4,3,1827,Fully Furnished,10+ years,121.37,118822.83
Piplani,1,1,774,Fully Furnished,10+ years,31.23,31847.45
Indrapuri,3,3,1103,Fully Furnished,5-10 years,44.53,38864.94
Ratnagiri,2,2,798,Semi Furnished,10+ years,37.41,44274.49
Bawadiya Kalan,2,2,1115,Fully Furnished,5-10 years,64.56,60272.26
Bawadiya Kalan,3,3,1443,Fully Furnished,5-10 years,98.43,84465.08
Arera Colony,3,3,1397,Unfurnished,10+ years,72.46,63367.7
Bawadiya Kalan,2,2,966,Fully Furnished,1-5 years,57.7,48600.74
Piplani,1,1,589,Semi Furnished,1-5 years,24.44,25946.47
Habibganj,4,3,1492,Fully Furnished,1-5 years,64.88,70863.59
Kolar Road,4,3,2036,Fully Furnished,5-10 years,92.0,77757.04
Kolar hills,2,2,799,Semi Furnished,10+ years,50.68,55262.64
Tajul masjid,2,2,815,Semi Furnished,10+ years,45.58,38902.69
Govindpura,3,3,1261,Unfurnished,5-10 years,72.56,62956.01
Gandhi nagar,3,3,1194,Unfurnished,New,55.02,59948.26
Shanti Nagar,4,3,2150,Semi Furnished,New,138.83,138610.62
Ayodhya bypass,1,1,778,Semi Furnished,New,33.83,38922.2
Bittan Market,2,2,744,Fully Furnished,1-5 years,46.56,38725.75
chuna bhatti,1,1,499,Unfurnished,New,27.68,32239.9
Minal,5,4,2409,Unfurnished,5-10 years,126.73,137901.92
ibrahimpura,2,2,838,Unfurnished,10+ years,37.24,31347.54
Lalghati,2,2,1048,Fully Furnished,10+ years,50.13,59365.91
kohefiza,5,4,2344,Unfurnished,New,109.54,122228.15
Shivaji Nagar,1,1,411,Semi Furnished,5-10 years,18.82,15338.56
Ayodhya bypass,5,4,2343,Fully Furnished,New,161.48,165305.46
Piplani,2,2,764,Semi Furnished,New,44.03,47923.27
Govindpura,4,3,1778,Fully Furnished,10+ years,86.09,94293.05
Arera Colony,1,1,798,Semi Furnished,10+ years,49.48,49377.37
Ashoka garden,4,3,1759,Fully Furnished,1-5 years,92.79,100884.3
Piplani,2,2,853,Unfurnished,10+ years,40.32,39630.59
Ayodhya nagar,1,1,587,Semi Furnished,5-10 years,35.74,39276.89
Barkheda,4,3,1705,Semi Furnished,1-5 years,116.6,131197.48
Ayodhya bypass,2,2,954,Unfurnished,1-5 years,53.43,51819.88
VIP road,3,3,1386,Unfurnished,5-10 years,65.91,53269.06
Shyamla Hills,3,3,1410,Fully Furnished,New,82.99,70533.93
Ashoka garden,2,2,1183,Fully Furnished,10+ years,49.9,46835.31
VIP road,5,4,2320,Fully Furnished,1-5 years,150.77,169992.19
Hoshangabad Road,1,1,588,Semi Furnished,New,37.81,35211.7
Shyamla Hills,1,1,636,Fully Furnished,New,38.45,35471.48
Kolar hills,4,3,1579,Semi Furnished,10+ years,98.35,102165.1
eidgah hills,2,2,827,Semi Furnished,10+ years,55.16,64001.07
Service road,2,2,831,Semi Furnished,1-5 years,51.34,61363.22
Barkheda,4,3,1679,Fully Furnished,1-5 years,83.02,90469.95
sultaniya road,2,2,1149,Fully Furnished,5-10 years,49.42,54731.39
Tajul masjid,4,3,2197,Fully Furnished,5-10 years,104.08,108757.65
Narela,4,3,1797,Unfurnished,New,114.14,112271.31
Shanti Nagar,1,1,644,Fully Furnished,10+ years,36.88,38907.33
sultaniya road,5,4,2902,Unfurnished,5-10 years,199.99,181975.71
Roshanpura,3,3,1101,Semi Furnished,5-10 years,68.61,56515.25
Kolar hills,3,3,1454,Fully Furnished,New,89.93,101647.64
Karond,2,2,1146,Unfurnished,New,51.59,51286.29
Tajul masjid,1,1,705,Semi Furnished,New,36.44,33624.83
Roshanpura,1,1,412,Unfurnished,1-5 years,19.31,16146.91
Shyamla Hills,2,2,907,Fully Furnished,New,42.88,39988.06
Roshanpura,5,4,2729,Unfurnished,1-5 years,154.24,152628.58
Vikas Nagar,3,3,1345,Unfurnished,5-10 years,67.15,68866.45
Prabhat petrol pump,4,3,2186,Semi Furnished,1-5 years,120.0,98297.09
Gulmohar,1,1,429,Unfurnished,10+ years,21.76,22473.44
sultaniya road,3,3,1166,Fully Furnished,10+ years,57.53,65531.96
Gandhi nagar,1,1,584,Semi Furnished,5-10 years,33.98,38209.47
Tajul masjid,3,3,1576,Fully Furnished,5-10 years,95.27,95549.91
Prabhat petrol pump,1,1,554,Fully Furnished,5-10 years,24.74,26677.38
Ayodhya bypass,3,3,1469,Semi Furnished,1-5 years,77.95,88948.64
Minal,3,3,1429,Semi Furnished,10+ years,64.01,66984.41
Ayodhya bypass,4,3,1547,Unfurnished,New,100.07,80057.76
MP Nagar,1,1,473,Semi Furnished,5-10 years,21.5,18444.53
Indrapuri,1,1,489,Fully Furnished,10+ years,23.41,27355.26
Ayodhya nagar,5,4,2673,Semi Furnished,10+ years,147.06,147084.89
eidgah hills,2,2,975,Fully Furnished,5-10 years,67.36,64587.05
Indrapuri,1,1,650,Fully Furnished,New,42.32,42429.25
Anand nagar,3,3,1056,Semi Furnished,1-5 years,46.75,39754.78
Govindpura,1,1,739,Semi Furnished,10+ years,45.07,53324.04
Avadhpuri,2,2,1159,Semi Furnished,1-5 years,74.49,80710.97
VIP road,2,2,790,Unfurnished,1-5 years,36.27,33800.57
Kolar Road,5,4,2144,Unfurnished,1-5 years,136.22,161103.12
Govindpura,2,2,709,Semi Furnished,10+ years,47.51,48515.86
Vikas Nagar,1,1,597,Unfurnished,5-10 years,40.29,46909.7
Misrod,1,1,600,Semi Furnished,1-5 years,24.55,24796.74
ibrahimpura,1,1,634,Semi Furnished,1-5 years,30.9,34080.11
Ayodhya bypass,2,2,852,Semi Furnished,New,41.51,44985.21
Chuna Bhatti,5,4,2657,Unfurnished,5-10 years,121.36,129706.13
Vikas Nagar,4,3,1425,Unfurnished,10+ years,75.95,76913.32
eidgah hills,4,3,1973,Fully Furnished,New,127.79,126257.35
Kolar hills,2,2,799,Fully Furnished,1-5 years,38.86,37402.59
Minal,2,2,952,Semi Furnished,5-10 years,58.22,62679.94
New market,2,2,938,Unfurnished,1-5 years,42.03,46376.51
Service road,1,1,647,Fully Furnished,1-5 years,43.27,42889.69
Roshanpura,2,2,927,Fully Furnished,New,50.88,47075.12
Saket nagar,5,4,2731,Semi Furnished,New,111.86,110830.06
Kolar hills,1,1,686,Fully Furnished,10+ years,39.42,45162.92
Gulmohar,1,1,610,Unfurnished,5-10 years,32.45,38815.67
Ayodhya nagar,5,4,2420,Fully Furnished,New,130.87,112848.47
chuna bhatti,3,3,1510,Unfurnished,10+ years,79.31,76934.59
Vikas Nagar,3,3,1451,Semi Furnished,New,96.35,85296.28
jahangirabad,3,3,1520,Unfurnished,New,86.02,102924.24
Ashoka garden,1,1,432,Fully Furnished,1-5 years,28.35,32889.91
chuna bhatti,2,2,835,Semi Furnished,New,53.88,44063.85
Narela,1,1,493,Semi Furnished,New,33.71,33317.52
Prabhat petrol pump,3,3,1014,Unfurnished,5-10 years,44.22,47173.54
Bairagarh,5,4,2051,Semi Furnished,New,115.15,125885.21
sultaniya road,2,2,1047,Unfurnished,1-5 years,50.0,40222.35
jahangirabad,4,3,2152,Semi Furnished,10+ years,126.13,135671.26
Bittan Market,2,2,796,Semi Furnished,5-10 years,55.62,63566.25
Bawadiya Kalan,5,4,2423,Fully Furnished,1-5 years,139.6,146820.48
Bittan Market,2,2,1020,Unfurnished,10+ years,43.99,47644.44
Prabhat petrol pump,3,3,1287,Semi Furnished,10+ years,72.68,75649.58
Prabhat petrol pump,3,3,1391,Unfurnished,1-5 years,87.7,102846.22
Indrapuri,5,4,2795,Fully Furnished,5-10 years,174.97,150376.17
Barkheda,3,3,1012,Unfurnished,1-5 years,55.8,57539.76
Avadhpuri,4,3,1533,Fully Furnished,5-10 years,80.97,87262.16
Prabhat petrol pump,5,4,2670,Fully Furnished,1-5 years,114.48,127299.78
eidgah hills,5,4,2153,Semi Furnished,1-5 years,133.21,122771.09
Shivaji Nagar,3,3,1393,Semi Furnished,5-10 years,64.28,66011.26
Chuna Bhatti,3,3,1107,Fully Furnished,1-5 years,60.86,59722.76
Indrapuri,2,2,1058,Unfurnished,1-5 years,48.64,39072.74
Vikas Nagar,4,3,1640,Semi Furnished,New,96.97,83038.56
Shanti Nagar,5,4,2141,Fully Furnished,5-10 years,85.89,89424.91
Piplani,1,1,579,Semi Furnished,New,34.96,29414.54
Anand nagar,5,4,2682,Fully Furnished,1-5 years,176.27,148365.18
Sonagiri,2,2,751,Semi Furnished,1-5 years,44.34,47724.15
Gulmohar,3,3,1258,Fully Furnished,New,84.73,97031.12
Arjun Nagar,2,2,803,Unfurnished,1-5 years,41.37,42234.33
Ashoka garden,4,3,1822,Fully Furnished,5-10 years,77.66,80073.17
jahangirabad,1,1,518,Fully Furnished,New,25.19,24201.6
Ashoka garden,2,2,988,Unfurnished,10+ years,58.75,55709.24
Arera Colony,1,1,582,Fully Furnished,New,32.44,33775.13
Lalghati,4,3,2137,Unfurnished,New,147.05,151050.59
eidgah hills,1,1,552,Fully Furnished,New,24.09,19951.37
Anand nagar,1,1,604,Fully Furnished,1-5 years,25.78,23746.46
sultaniya road,2,2,797,Fully Furnished,1-5 years,42.55,43899.4
Bairagarh,2,2,887,Fully Furnished,1-5 years,46.23,41273.6
Lalghati,3,3,1193,Unfurnished,New,55.24,48403.5
Hoshangabad Road,4,3,1883,Semi Furnished,5-10 years,114.34,97466.61
Narela,4,3,2055,Unfurnished,5-10 years,137.58,129213.42
char Imli,5,4,2466,Semi Furnished,10+ years,104.67,101106.64
Lalghati,1,1,697,Unfurnished,10+ years,45.96,43046.21
Lalghati,2,2,891,Unfurnished,10+ years,55.73,54582.5
Barkheda,1,1,578,Semi Furnished,New,37.5,32156.89
Minal,3,3,1433,Semi Furnished,5-10 years,97.93,114600.05
Gandhi nagar,3,3,1541,Fully Furnished,New,100.11,87774.43
Gandhi nagar,4,3,1962,Unfurnished,1-5 years,101.58,101697.88
Vikas Nagar,5,4,2216,Semi Furnished,New,122.05,146193.72
Kamla Nagar,1,1,408,Semi Furnished,5-10 years,23.2,24727.27
Saket nagar,3,3,1363,Unfurnished,New,91.16,98144.8
Tajul masjid,1,1,633,Fully Furnished,1-5 years,37.38,39973.65
MP Nagar,1,1,729,Unfurnished,New,30.52,31499.2
Barkheda,3,3,1036,Fully Furnished,1-5 years,69.82,79388.83
Kolar hills,4,3,1463,Semi Furnished,New,75.89,78264.53
jahangirabad,4,3,1545,Fully Furnished,5-10 years,93.36,84559.15
Shyamla Hills,4,3,1727,Fully Furnished,New,92.34,110332.52
Tajul masjid,3,3,1516,Semi Furnished,10+ years,95.14,102255.37
sultaniya road,5,4,2144,Unfurnished,New,114.39,134049.54
chuna bhatti,5,4,2892,Unfurnished,5-10 years,128.59,131828.64
Arera Colony,1,1,732,Fully Furnished,New,44.43,39702.24
Karond,5,4,2623,Unfurnished,1-5 years,182.26,171534.18
Vikas Nagar,1,1,784,Fully Furnished,New,37.71,30438.02
chuna bhatti,1,1,685,Fully Furnished,1-5 years,43.61,43079.57
char Imli,1,1,777,Fully Furnished,New,37.22,35650.07
VIP road,5,4,2928,Fully Furnished,5-10 years,191.23,204840.64
Ayodhya nagar,5,4,2010,Unfurnished,10+ years,122.31,116848.84
Misrod,4,3,1466,Fully Furnished,5-10 years,91.29,95764.38
MP Nagar,1,1,658,Fully Furnished,New,30.04,30485.0
Roshanpura,5,4,2635,Semi Furnished,10+ years,181.02,212637.88
Shyamla Hills,3,3,1006,Fully Furnished,1-5 years,70.23,76940.87
Ratnagiri,2,2,1169,Unfurnished,New,55.19,45451.22
Ratnagiri,3,3,1464,Semi Furnished,10+ years,86.59,101096.48
Ratnagiri,5,4,2354,Semi Furnished,5-10 years,117.99,131763.35
Misrod,4,3,2010,Fully Furnished,New,127.06,111816.95
Bairagarh,2,2,903,Unfurnished,10+ years,59.37,68287.32
Shyamla Hills,5,4,2951,Semi Furnished,1-5 years,187.31,208689.46
New market,4,3,1867,Semi Furnished,1-5 years,102.91,86576.13
Narela,1,1,525,Fully Furnished,1-5 years,24.84,24713.69
eidgah hills,2,2,797,Semi Furnished,1-5 years,55.23,46618.56
Tajul masjid,2,2,991,Semi Furnished,5-10 years,46.94,38774.46
Kolar hills,5,4,2336,Fully Furnished,New,94.27,80432.63
Shivaji Nagar,3,3,1383,Unfurnished,10+ years,68.95,67216.64
sultaniya road,4,3,1862,Fully Furnished,New,102.44,110767.71
VIP road,2,2,934,Semi Furnished,5-10 years,47.95,39432.53
kohefiza,5,4,2327,Unfurnished,New,137.89,129376.87
Kolar Road,2,2,1007,Semi Furnished,New,65.37,56293.73
Ayodhya nagar,1,1,477,Unfurnished,New,31.15,28247.17
Misrod,4,3,1860,Unfurnished,1-5 years,75.23,64981.32
Prabhat petrol pump,4,3,2000,Unfurnished,10+ years,91.36,76540.27
chuna bhatti,2,2,715,Unfurnished,10+ years,32.29,26517.53
Barkheda,1,1,663,Fully Furnished,5-10 years,42.06,34671.96
Bairagarh,5,4,2455,Semi Furnished,1-5 years,130.71,118832.5
Service road,3,3,1228,Fully Furnished,10+ years,64.63,58132.25
ibrahimpura,5,4,2997,Semi Furnished,New,159.45,166626.54
Bawadiya Kalan,5,4,2732,Unfurnished,10+ years,177.01,182918.76
jahangirabad,5,4,2370,Semi Furnished,10+ years,139.4,124664.05
Shyamla Hills,1,1,689,Unfurnished,10+ years,32.75,35232.43
Karond,3,3,1245,Unfurnished,New,78.74,68004.61
Shyamla Hills,1,1,666,Semi Furnished,5-10 years,41.96,38276.45
Gulmohar,5,4,2641,Semi Furnished,5-10 years,116.26,133051.34
Bawadiya Kalan,3,3,1017,Fully Furnished,10+ years,41.7,37270.36
Avadhpuri,5,4,2829,Unfurnished,New,142.1,156748.23
Vikas Nagar,5,4,2038,Semi Furnished,New,112.48,100538.13
Vikas Nagar,3,3,1576,Unfurnished,1-5 years,101.13,112262.19
Bawadiya Kalan,1,1,488,Unfurnished,New,25.35,24490.13
Shanti Nagar,5,4,2530,Fully Furnished,10+ years,171.85,202202.46
jahangirabad,2,2,1072,Fully Furnished,5-10 years,54.99,48643.2
Shanti Nagar,1,1,769,Fully Furnished,1-5 years,47.95,44867.48
Lalghati,1,1,574,Unfurnished,10+ years,23.21,25972.81
Narela,4,3,1477,Unfurnished,5-10 years,75.18,90004.6
Lalghati,2,2,883,Unfurnished,10+ years,60.34,65899.37
Avadhpuri,5,4,2230,Unfurnished,10+ years,104.72,96002.23
Anand nagar,2,2,972,Unfurnished,1-5 years,60.2,57324.82
Anand nagar,2,2,930,Semi Furnished,1-5 years,46.95,43549.92
Gulmohar,5,4,2697,Unfurnished,10+ years,157.64,135558.66
Kolar Road,4,3,2135,Semi Furnished,5-10 years,141.69,142375.03
Sonagiri,5,4,2858,Semi Furnished,10+ years,175.2,170828.38
Ratnagiri,3,3,1212,Fully Furnished,New,72.29,62589.8
Shyamla Hills,3,3,1555,Unfurnished,1-5 years,99.17,96642.01
Minal,4,3,2030,Fully Furnished,10+ years,93.08,94815.36
Hoshangabad Road,4,3,2036,Unfurnished,1-5 years,140.72,168601.84
MP Nagar,4,3,1999,Fully Furnished,1-5 years,137.42,115213.3
ibrahimpura,4,3,1565,Unfurnished,10+ years,80.86,85274.81
Nizamuddin colony,1,1,623,Fully Furnished,1-5 years,39.98,35622.02
Lalghati,1,1,403,Fully Furnished,10+ years,16.41,17270.1
Narela,3,3,1049,Fully Furnished,5-10 years,64.4,74704.73
Gulmohar,5,4,2804,Unfurnished,5-10 years,115.9,123922.79
ibrahimpura,2,2,1123,Semi Furnished,New,70.88,59018.36
kohefiza,3,3,1390,Unfurnished,New,76.29,82715.22
Bairagarh,3,3,1271,Fully Furnished,New,88.16,89053.37
Hoshangabad Road,3,3,1172,Unfurnished,1-5 years,47.76,48731.32
Narela,2,2,1097,Semi Furnished,1-5 years,48.3,41282.01
jahangirabad,3,3,1594,Fully Furnished,10+ years,108.74,88863.37
Lalghati,2,2,989,Fully Furnished,5-10 years,62.37,62171.15
Ashoka garden,5,4,2370,Unfurnished,1-5 years,163.47,151722.93
Gandhi nagar,5,4,2734,Semi Furnished,1-5 years,182.49,151503.39
sultaniya road,4,3,1893,Unfurnished,5-10 years,80.48,87690.08
Minal,3,3,1186,Fully Furnished,1-5 years,48.84,53266.05
Chuna Bhatti,4,3,1856,Unfurnished,1-5 years,80.32,85557.45
Shyamla Hills,3,3,1577,Fully Furnished,1-5 years,76.34,62106.18
Govindpura,2,2,1146,Fully Furnished,New,51.2,57281.14
Ratnagiri,5,4,2150,Fully Furnished,10+ years,130.21,129711.27
jahangirabad,4,3,1986,Fully Furnished,10+ years,112.8,92971.88
Bittan Market,3,3,1085,Semi Furnished,1-5 years,55.47,51833.49
Bawadiya Kalan,5,4,2254,Unfurnished,New,145.88,140195.61
Arera Colony,4,3,1573,Semi Furnished,New,73.28,75890.87
Gandhi nagar,1,1,712,Fully Furnished,5-10 years,30.11,34002.3
Shyamla Hills,1,1,655,Fully Furnished,10+ years,39.38,45272.83
Lalghati,4,3,2068,Fully Furnished,New,127.08,138994.15
Anand nagar,3,3,1127,Semi Furnished,5-10 years,48.61,53471.39
Anand nagar,2,2,1031,Semi Furnished,New,56.68,51677.62
Bittan Market,1,1,423,Semi Furnished,New,18.9,17059.33
Barkheda,1,1,475,Fully Furnished,10+ years,23.51,22588.36
Bairagarh,3,3,1386,Unfurnished,10+ years,88.41,82766.84
ibrahimpura,4,3,1701,Fully Furnished,New,103.65,94053.36
Roshanpura,3,3,1395,Fully Furnished,10+ years,88.5,102675.03
Kolar hills,2,2,775,Fully Furnished,1-5 years,32.41,32400.02
Karond,4,3,1961,Fully Furnished,10+ years,123.33,129519.09
Barkheda,4,3,2103,Unfurnished,New,102.9,99706.69
Bawadiya Kalan,1,1,786,Semi Furnished,1-5 years,45.32,38975.05
jahangirabad,5,4,2224,Unfurnished,10+ years,126.84,126548.74
Narela,2,2,991,Fully Furnished,1-5 years,60.96,49316.03
Lalghati,1,1,461,Fully Furnished,10+ years,27.92,29807.96
Service road,1,1,630,Semi Furnished,5-10 years,33.43,36299.74
Sonagiri,4,3,2084,Fully Furnished,1-5 years,134.03,156463.95
MP Nagar,5,4,2175,Unfurnished,10+ years,112.82,118764.06
Chuna Bhatti,5,4,2372,Unfurnished,5-10 years,162.64,174471.64
Shyamla Hills,2,2,943,Semi Furnished,1-5 years,43.96,52345.45
Kolar Road,4,3,1681,Semi Furnished,5-10 years,111.76,107197.85
Indrapuri,2,2,1154,Semi Furnished,1-5 years,74.24,66270.6
Vikas Nagar,2,2,890,Semi Furnished,New,41.78,39862.92
Ashoka garden,5,4,2174,Semi Furnished,10+ years,118.59,113633.43
Gandhi nagar,3,3,1048,Unfurnished,1-5 years,53.18,60227.6
Shanti Nagar,4,3,1575,Semi Furnished,New,100.51,93676.67
jahangirabad,3,3,1571,Semi Furnished,10+ years,92.8,82837.02
Ayodhya nagar,3,3,1141,Fully Furnished,10+ years,59.44,53032.65
Bawadiya Kalan,5,4,2215,Fully Furnished,10+ years,135.02,161537.11
eidgah hills,4,3,1455,Semi Furnished,10+ years,79.47,95024.43
Govindpura,1,1,658,Fully Furnished,5-10 years,36.0,30963.11
Bawadiya Kalan,5,4,2759,Semi Furnished,5-10 years,134.14,122683.21
Bittan Market,3,3,1118,Semi Furnished,5-10 years,65.93,62028.97
Minal,4,3,1660,Unfurnished,1-5 years,79.02,91756.65
Shanti Nagar,5,4,2349,Fully Furnished,5-10 years,123.57,129247.07
Kamla Nagar,1,1,533,Semi Furnished,5-10 years,22.51,26966.32
Ayodhya bypass,5,4,2675,Unfurnished,10+ years,118.88,130818.39
Saket nagar,5,4,2186,Unfurnished,10+ years,97.07,112361.51
Hoshangabad Road,1,1,589,Unfurnished,5-10 years,33.37,29770.43
Saket nagar,2,2,977,Unfurnished,10+ years,59.33,60894.96
Barkheda,1,1,499,Unfurnished,New,29.8,29953.38
sultaniya road,4,3,1833,Fully Furnished,10+ years,105.77,104077.57
Hoshangabad Road,2,2,960,Fully Furnished,10+ years,51.13,52796.41
MP Nagar,5,4,2302,Fully Furnished,10+ years,120.04,104844.44
Vijay nagar,4,3,1910,Unfurnished,New,113.38,107217.27
Bairagarh,5,4,2169,Unfurnished,5-10 years,110.78,117511.78
Gulmohar,3,3,1352,Fully Furnished,5-10 years,73.98,80583.03
eidgah hills,5,4,2773,Semi Furnished,1-5 years,142.32,159046.13
Ayodhya nagar,2,2,851,Unfurnished,1-5 years,51.19,53547.62
Bittan Market,1,1,574,Fully Furnished,5-10 years,32.53,28555.83
Ratnagiri,3,3,1197,Unfurnished,10+ years,82.92,69814.76
Kamla Nagar,1,1,648,Fully Furnished,10+ years,29.12,24430.33
kohefiza,4,3,1652,Semi Furnished,New,113.44,120556.94
New market,2,2,888,Fully Furnished,New,60.58,49310.4
Anand nagar,3,3,1479,Semi Furnished,1-5 years,88.92,79862.22
Shyamla Hills,1,1,573,Fully Furnished,5-10 years,28.22,27814.58
Nizamuddin colony,4,3,1617,Fully Furnished,New,87.53,96099.0
MP Nagar,1,1,747,Semi Furnished,10+ years,30.5,34051.31
Service road,2,2,1062,Semi Furnished,10+ years,46.8,48718.74
kohefiza,4,3,1830,Unfurnished,10+ years,78.81,69192.98
eidgah hills,3,3,1581,Semi Furnished,New,90.42,95669.84
jahangirabad,5,4,2348,Unfurnished,1-5 years,98.95,98451.89
Ashoka garden,2,2,837,Fully Furnished,1-5 years,49.03,57857.2
Karond,5,4,2097,Unfurnished,5-10 years,95.58,107668.98
Barkheda,4,3,1632,Unfurnished,10+ years,101.79,106359.69
ibrahimpura,3,3,1232,Unfurnished,1-5 years,52.37,47893.38
Prabhat petrol pump,2,2,920,Unfurnished,1-5 years,54.51,56478.42
Lalghati,5,4,2853,Semi Furnished,New,149.04,162003.26
Ayodhya nagar,5,4,2362,Fully Furnished,1-5 years,157.4,169248.86
Arjun Nagar,2,2,830,Semi Furnished,New,45.41,43707.43
Avadhpuri,3,3,1333,Semi Furnished,10+ years,53.64,63872.16
Shyamla Hills,2,2,836,Semi Furnished,5-10 years,39.54,32896.42
Shivaji Nagar,5,4,2292,Fully Furnished,New,158.24,139125.45
Gandhi nagar,1,1,622,Fully Furnished,5-10 years,27.36,27016.48
ibrahimpura,3,3,1237,Semi Furnished,5-10 years,69.23,81080.91
chuna bhatti,4,3,2015,Fully Furnished,1-5 years,99.21,118405.32
Anand nagar,5,4,2942,Fully Furnished,New,120.16,135790.91
Govindpura,2,2,1028,Fully Furnished,5-10 years,42.97,38871.8
Chuna Bhatti,1,1,711,Semi Furnished,New,41.36,43150.5
Sonagiri,3,3,1457,Semi Furnished,5-10 years,81.75,75274.85
Shanti Nagar,1,1,773,Semi Furnished,10+ years,32.94,30222.52
Misrod,4,3,2181,Semi Furnished,1-5 years,116.0,127529.65
Narela,5,4,2895,Unfurnished,10+ years,120.22,134177.91
Chuna Bhatti,3,3,1407,Semi Furnished,New,60.73,61837.81
New market,5,4,2555,Semi Furnished,1-5 years,169.25,192932.88
Misrod,3,3,1085,Unfurnished,New,58.33,57608.38
Hoshangabad Road,4,3,1407,Fully Furnished,1-5 years,72.92,65750.07
Prabhat petrol pump,5,4,2028,Unfurnished,5-10 years,123.3,110034.72
chuna bhatti,5,4,2149,Semi Furnished,5-10 years,148.02,129869.21
Karond,4,3,1844,Unfurnished,New,120.96,123170.68
Hoshangabad Road,3,3,1352,Fully Furnished,New,74.73,80761.51
Bairagarh,3,3,1062,Semi Furnished,5-10 years,49.24,52938.33
Gandhi nagar,4,3,1569,Semi Furnished,1-5 years,94.67,103670.75
Govindpura,1,1,507,Fully Furnished,1-5 years,22.56,27015.46
Shivaji Nagar,1,1,435,Fully Furnished,5-10 years,19.75,23535.19
Kamla Nagar,2,2,1073,Fully Furnished,New,51.11,45854.49
Ayodhya bypass,5,4,2830,Unfurnished,5-10 years,190.23,220737.81
Ayodhya nagar,4,3,1599,Semi Furnished,5-10 years,70.32,67711.48
Govindpura,2,2,1163,Semi Furnished,5-10 years,80.93,78896.39
Roshanpura,3,3,1331,Semi Furnished,New,53.66,52678.63
Kolar Road,1,1,538,Fully Furnished,New,32.89,36144.03
Lalghati,1,1,454,Fully Furnished,5-10 years,27.8,26143.73
Sonagiri,4,3,2062,Unfurnished,5-10 years,121.33,120976.99
Govindpura,2,2,726,Semi Furnished,5-10 years,41.18,40319.58
Piplani,3,3,1384,Unfurnished,10+ years,90.81,102581.4
Kolar Road,4,3,2190,Fully Furnished,1-5 years,135.71,131006.09
Habibganj,1,1,448,Fully Furnished,1-5 years,27.32,29559.09
Karond,3,3,1237,Semi Furnished,New,86.2,94325.74
Roshanpura,4,3,1666,Fully Furnished,10+ years,85.85,70846.12
Indrapuri,5,4,2258,Semi Furnished,New,123.91,148274.31
Sonagiri,5,4,2192,Unfurnished,New,143.6,146600.0
eidgah hills,2,2,812,Fully Furnished,New,48.32,49950.97
jahangirabad,5,4,2228,Fully Furnished,10+ years,153.39,174607.17
Hoshangabad Road,5,4,2257,Unfurnished,5-10 years,145.89,167687.29
Vikas Nagar,2,2,1079,Fully Furnished,5-10 years,63.6,54192.01
chuna bhatti,2,2,923,Fully Furnished,New,41.51,36963.55
New market,2,2,744,Fully Furnished,10+ years,37.32,37492.85
Hoshangabad Road,3,3,1384,Fully Furnished,New,62.43,51016.25
Kolar Road,4,3,2172,Semi Furnished,10+ years,149.6,133576.81
Barkheda,2,2,973,Unfurnished,1-5 years,67.98,65860.25
Piplani,1,1,752,Unfurnished,1-5 years,49.41,47243.04
Avadhpuri,5,4,2445,Fully Furnished,New,133.06,134149.1
Govindpura,3,3,1055,Fully Furnished,5-10 years,73.49,69674.47
MP Nagar,3,3,1203,Unfurnished,10+ years,81.94,84490.13
Lalghati,4,3,1986,Fully Furnished,New,85.78,72859.08
chuna bhatti,2,2,1150,Semi Furnished,1-5 years,77.93,84345.9
New market,2,2,1062,Unfurnished,5-10 years,59.42,48092.73
Misrod,3,3,1349,Unfurnished,New,80.49,94565.47
jahangirabad,2,2,1124,Fully Furnished,1-5 years,64.51,69653.83
Habibganj,3,3,1538,Semi Furnished,5-10 years,80.01,95106.77
jahangirabad,2,2,1087,Fully Furnished,New,56.45,57440.27
Saket nagar,1,1,504,Fully Furnished,5-10 years,30.07,30779.86
Karond,4,3,1590,Semi Furnished,5-10 years,85.41,96262.29
Bairagarh,3,3,1357,Unfurnished,1-5 years,68.13,78110.29
jahangirabad,1,1,672,Fully Furnished,New,28.39,26888.28
jahangirabad,2,2,1139,Fully Furnished,5-10 years,56.15,45497.71
Piplani,5,4,2695,Unfurnished,10+ years,122.72,122289.95
Shivaji Nagar,5,4,2793,Semi Furnished,New,188.86,225837.07
Bittan Market,4,3,2021,Fully Furnished,10+ years,85.4,89894.13
Ashoka garden,2,2,1156,Semi Furnished,10+ years,70.57,75220.42
Bairagarh,4,3,2108,Semi Furnished,1-5 years,122.96,114182.66
Kamla Nagar,4,3,1426,Fully Furnished,1-5 years,60.14,54086.55
Service road,4,3,2071,Unfurnished,1-5 years,137.28,146364.68
MP Nagar,5,4,2972,Unfurnished,5-10 years,182.09,200550.92
Avadhpuri,5,4,2803,Fully Furnished,New,142.67,116459.62
Kolar Road,1,1,697,Unfurnished,5-10 years,34.43,35099.15
Bawadiya Kalan,1,1,506,Semi Furnished,New,22.86,22446.99
Ashoka garden,4,3,2012,Fully Furnished,5-10 years,121.84,116171.86
Kolar Road,1,1,510,Unfurnished,10+ years,34.27,40964.11
Minal,4,3,1605,Semi Furnished,10+ years,81.17,82347.96
ibrahimpura,4,3,1615,Unfurnished,New,67.5,65688.66
Indrapuri,1,1,634,Fully Furnished,1-5 years,42.05,37311.59
Hoshangabad Road,5,4,2425,Fully Furnished,10+ years,100.84,116843.88
Saket nagar,2,2,1021,Unfurnished,New,63.73,53669.01
Service road,5,4,2175,Unfurnished,1-5 years,109.37,126669.27
Piplani,4,3,1975,Fully Furnished,New,118.58,112359.45
Arjun Nagar,1,1,709,Fully Furnished,5-10 years,46.32,51642.49
char Imli,2,2,1004,Fully Furnished,10+ years,44.12,42738.29
Sonagiri,2,2,1125,Fully Furnished,New,76.65,75452.82
sultaniya road,1,1,470,Fully Furnished,1-5 years,27.33,22694.58
Shanti Nagar,5,4,2351,Fully Furnished,10+ years,147.34,138989.05
Arera Colony,1,1,757,Fully Furnished,New,36.46,36965.09
Avadhpuri,2,2,1122,Fully Furnished,New,61.59,59703.0
kohefiza,1,1,723,Unfurnished,10+ years,37.67,41492.51
Karond,3,3,1022,Unfurnished,10+ years,65.91,78712.97
Piplani,2,2,712,Unfurnished,5-10 years,36.19,32669.35
Karond,2,2,1155,Unfurnished,5-10 years,58.42,62262.19
Ashoka garden,3,3,1032,Unfurnished,1-5 years,70.33,66420.26
sultaniya road,3,3,1273,Unfurnished,5-10 years,62.1,63478.31
Indrapuri,4,3,1447,Semi Furnished,10+ years,66.56,60001.26
Roshanpura,1,1,666,Fully Furnished,10+ years,28.81,28991.49
Avadhpuri,2,2,1016,Semi Furnished,5-10 years,51.1,55876.64
Shivaji Nagar,4,3,1486,Unfurnished,New,94.89,113432.7
eidgah hills,3,3,1270,Unfurnished,5-10 years,79.55,77922.41
Tajul masjid,5,4,2955,Fully Furnished,New,148.8,140378.13
Ayodhya bypass,1,1,532,Semi Furnished,5-10 years,33.98,29315.35
Nizamuddin colony,2,2,824,Fully Furnished,1-5 years,45.08,40287.88
Shanti Nagar,1,1,684,Semi Furnished,New,41.25,44029.94
jahangirabad,1,1,788,Fully Furnished,5-10 years,38.78,31768.37
Shyamla Hills,4,3,1425,Fully Furnished,1-5 years,71.84,70745.07
Minal,4,3,1589,Unfurnished,New,88.07,85089.95
Hoshangabad Road,3,3,1587,Semi Furnished,5-10 years,101.48,85945.2
char Imli,4,3,1675,Semi Furnished,10+ years,94.89,97134.16
Ayodhya bypass,4,3,2058,Fully Furnished,5-10 years,87.11,69942.52
Chuna Bhatti,3,3,1210,Semi Furnished,10+ years,71.16,74419.03
Chuna Bhatti,4,3,1910,Unfurnished,5-10 years,103.4,83256.51
Narela,2,2,1089,Fully Furnished,1-5 years,64.8,76607.89
char Imli,2,2,1199,Fully Furnished,1-5 years,52.85,48544.87
Shyamla Hills,2,2,900,Semi Furnished,5-10 years,60.91,63089.19
Gandhi nagar,1,1,704,Semi Furnished,10+ years,38.84,44561.23
Avadhpuri,2,2,989,Fully Furnished,New,67.22,78602.16
char Imli,2,2,1149,Semi Furnished,1-5 years,79.32,74003.57
chuna bhatti,1,1,507,Unfurnished,10+ years,25.75,21628.25
Bawadiya Kalan,3,3,1305,Fully Furnished,10+ years,81.13,86212.03
Lalghati,5,4,2316,Unfurnished,New,148.33,174022.89
Arera Colony,1,1,649,Fully Furnished,10+ years,31.89,30945.9
char Imli,1,1,473,Semi Furnished,1-5 years,22.89,22802.8
Barkheda,2,2,803,Semi Furnished,5-10 years,32.65,27538.68
Barkheda,4,3,1635,Unfurnished,1-5 years,92.44,103484.72
Ratnagiri,2,2,719,Semi Furnished,New,34.54,34266.6
sultaniya road,1,1,444,Unfurnished,10+ years,24.48,22551.19
Shivaji Nagar,4,3,2015,Fully Furnished,New,136.24,134711.38
Barkheda,5,4,2123,Unfurnished,1-5 years,111.48,114074.19
Prabhat petrol pump,1,1,480,Unfurnished,New,30.28,33690.8
Arera Colony,3,3,1594,Semi Furnished,1-5 years,105.7,114269.71
ibrahimpura,3,3,1346,Fully Furnished,10+ years,73.62,63917.93
Arera Colony,1,1,625,Semi Furnished,New,25.38,21317.88
char Imli,1,1,457,Semi Furnished,10+ years,25.2,27361.68
Bittan Market,2,2,1097,Fully Furnished,1-5 years,68.84,59882.1
Indrapuri,5,4,2821,Unfurnished,5-10 years,121.91,101215.46
Vijay nagar,5,4,2930,Semi Furnished,1-5 years,119.18,96775.45
Shivaji Nagar,2,2,1018,Semi Furnished,New,41.66,38180.76
Bawadiya Kalan,5,4,2521,Fully Furnished,1-5 years,169.31,162773.95
Arjun Nagar,5,4,2941,Semi Furnished,5-10 years,144.56,128816.34
Saket nagar,2,2,722,Fully Furnished,10+ years,43.54,35556.8
Ayodhya nagar,2,2,889,Semi Furnished,10+ years,42.28,41158.42
Roshanpura,5,4,2808,Fully Furnished,5-10 years,153.11,125445.67
Vikas Nagar,5,4,2599,Unfurnished,10+ years,120.39,105763.59
Habibganj,1,1,509,Fully Furnished,5-10 years,32.61,37701.03
Barkheda,5,4,2572,Semi Furnished,10+ years,131.28,105056.88
Gulmohar,5,4,2498,Semi Furnished,5-10 years,130.44,137043.4
Saket nagar,1,1,492,Unfurnished,5-10 years,22.72,20078.34
Ashoka garden,5,4,2148,Fully Furnished,1-5 years,148.86,177681.75
Tajul masjid,3,3,1558,Semi Furnished,New,95.64,85462.75
Narela,3,3,1166,Semi Furnished,New,47.62,56581.25
Gulmohar,2,2,812,Fully Furnished,5-10 years,45.72,45316.24
Kamla Nagar,1,1,623,Fully Furnished,10+ years,30.36,34195.47
Kamla Nagar,5,4,2978,Semi Furnished,New,154.13,139543.2
VIP road,3,3,1400,Unfurnished,5-10 years,62.37,49905.27
kohefiza,4,3,2188,Unfurnished,5-10 years,142.69,158945.91
Vijay nagar,5,4,2672,Fully Furnished,1-5 years,138.42,112605.99
jahangirabad,2,2,913,Semi Furnished,10+ years,54.95,47325.28
Shanti Nagar,1,1,694,Fully Furnished,1-5 years,48.5,56019.52
Minal,4,3,1707,Fully Furnished,10+ years,99.77,96541.87
ibrahimpura,5,4,2670,Semi Furnished,5-10 years,135.0,120493.77
Shivaji Nagar,3,3,1275,Unfurnished,10+ years,67.03,77564.14
Karond,3,3,1408,Fully Furnished,10+ years,58.16,64505.38
Shivaji Nagar,2,2,775,Unfurnished,1-5 years,43.01,42147.77
Tajul masjid,2,2,1178,Fully Furnished,10+ years,58.91,48868.85
Lalghati,1,1,727,Unfurnished,New,34.17,36045.71
jahangirabad,2,2,1106,Unfurnished,10+ years,45.6,45651.07
Narela,1,1,790,Semi Furnished,1-5 years,38.46,35506.51
Shivaji Nagar,3,3,1236,Unfurnished,10+ years,60.89,58275.98
Bairagarh,1,1,557,Unfurnished,5-10 years,34.33,27922.46
MP Nagar,3,3,1450,Unfurnished,5-10 years,88.12,77614.0
Piplani,1,1,792,Unfurnished,New,33.56,27893.64
Service road,1,1,769,Semi Furnished,5-10 years,42.43,42970.33
Govindpura,2,2,716,Fully Furnished,5-10 years,44.37,37253.93
Sonagiri,4,3,1841,Fully Furnished,New,122.18,123936.89
Kolar Road,5,4,2491,Fully Furnished,1-5 years,154.04,171151.61
Gulmohar,3,3,1546,Unfurnished,5-10 years,94.62,106631.14
Habibganj,1,1,405,Unfurnished,1-5 years,19.33,21410.52
VIP road,3,3,1535,Fully Furnished,1-5 years,92.3,77958.98
Ayodhya nagar,2,2,1038,Fully Furnished,1-5 years,55.78,58089.61
Roshanpura,1,1,431,Semi Furnished,5-10 years,20.1,17446.31
Ratnagiri,3,3,1404,Unfurnished,10+ years,75.73,84526.3
Service road,5,4,2483,Semi Furnished,5-10 years,136.91,162390.81
Misrod,1,1,400,Fully Furnished,1-5 years,18.84,19718.38
Piplani,5,4,2832,Semi Furnished,1-5 years,183.48,155847.47
Ayodhya bypass,1,1,718,Semi Furnished,New,31.98,31101.2
Bairagarh,3,3,1144,Fully Furnished,1-5 years,67.35,73667.3
Roshanpura,4,3,1543,Unfurnished,10+ years,63.0,70763.89
Ayodhya bypass,4,3,1482,Unfurnished,10+ years,93.15,106337.64
VIP road,1,1,569,Semi Furnished,1-5 years,39.44,36845.17
Shanti Nagar,4,3,1673,Fully Furnished,New,71.58,62981.79
Tajul masjid,5,4,2679,Fully Furnished,5-10 years,168.93,168033.34
sultaniya road,2,2,949,Fully Furnished,5-10 years,58.75,58069.72
Shanti Nagar,5,4,2012,Semi Furnished,New,107.69,125808.46
Tajul masjid,4,3,1819,Unfurnished,10+ years,79.54,81986.38
Bairagarh,2,2,821,Unfurnished,New,54.35,59433.0
Narela,1,1,619,Unfurnished,5-10 years,37.92,33237.28
Lalghati,4,3,1971,Fully Furnished,1-5 years,81.34,65106.43
Bittan Market,2,2,1080,Unfurnished,10+ years,61.29,73074.88
Misrod,1,1,729,Semi Furnished,New,35.2,33072.49
Shivaji Nagar,3,3,1557,Unfurnished,10+ years,96.18,93943.37
Tajul masjid,4,3,1714,Fully Furnished,1-5 years,89.15,79504.71
Vikas Nagar,3,3,1173,Semi Furnished,New,79.33,80208.11
Chuna Bhatti,3,3,1104,Fully Furnished,1-5 years,66.89,70534.1
Kolar Road,3,3,1081,Fully Furnished,1-5 years,65.17,66829.6
Kamla Nagar,4,3,2190,Semi Furnished,1-5 years,113.41,109754.62
Roshanpura,5,4,2390,Semi Furnished,10+ years,97.4,86027.7
Piplani,3,3,1272,Semi Furnished,1-5 years,82.05,98039.0
Kolar Road,2,2,1146,Unfurnished,New,76.01,83258.1
Hoshangabad Road,1,1,766,Unfurnished,1-5 years,46.99,42898.54
Gulmohar,2,2,1162,Fully Furnished,5-10 years,59.23,61101.68
ibrahimpura,5,4,2243,Fully Furnished,1-5 years,141.71,158588.28
Govindpura,2,2,708,Semi Furnished,10+ years,44.61,38221.98
Anand nagar,3,3,1264,Fully Furnished,10+ years,53.67,56962.91
Narela,1,1,717,Semi Furnished,New,32.83,26462.96
Ashoka garden,3,3,1395,Semi Furnished,New,88.69,79469.51
kohefiza,4,3,1862,Semi Furnished,10+ years,101.35,121429.61
Kolar hills,3,3,1406,Semi Furnished,5-10 years,66.98,57535.03
Kolar Road,1,1,534,Fully Furnished,10+ years,23.97,24784.85
Govindpura,1,1,613,Semi Furnished,5-10 years,29.15,32411.1
VIP road,4,3,1599,Unfurnished,New,69.67,64433.95
Tajul masjid,4,3,1449,Fully Furnished,New,72.31,58739.76
Bairagarh,1,1,711,Fully Furnished,1-5 years,37.42,42475.6
Arjun Nagar,2,2,832,Fully Furnished,5-10 years,43.44,51143.76
Bittan Market,5,4,2975,Fully Furnished,1-5 years,176.2,167622.93
Avadhpuri,5,4,2883,Fully Furnished,New,126.57,138509.16
char Imli,5,4,2721,Semi Furnished,New,159.11,153370.92
Ayodhya nagar,1,1,419,Unfurnished,10+ years,16.99,16408.31
Bawadiya Kalan,4,3,1711,Fully Furnished,New,78.75,86151.52
VIP road,1,1,519,Semi Furnished,1-5 years,32.66,37406.95
Vijay nagar,4,3,1965,Unfurnished,1-5 years,111.2,120364.03
Indrapuri,5,4,2729,Unfurnished,1-5 years,176.52,201230.99
Habibganj,4,3,2015,Fully Furnished,New,101.64,94896.11
Misrod,4,3,1811,Fully Furnished,10+ years,107.83,119938.33
Lalghati,4,3,1767,Fully Furnished,5-10 years,115.45,98083.25
Arera Colony,2,2,829,Semi Furnished,10+ years,38.2,37649.79
Avadhpuri,3,3,1430,Unfurnished,10+ years,73.2,75631.92
Indrapuri,4,3,1505,Fully Furnished,1-5 years,73.82,60257.83
Prabhat petrol pump,5,4,2905,Semi Furnished,5-10 years,157.1,134956.38
VIP road,4,3,1626,Semi Furnished,5-10 years,99.77,96894.04
Barkheda,4,3,1507,Semi Furnished,1-5 years,77.75,81802.46
Ayodhya bypass,3,3,1352,Fully Furnished,1-5 years,62.19,72391.96
Shivaji Nagar,1,1,604,Fully Furnished,1-5 years,33.74,35326.73
Tajul masjid,3,3,1154,Semi Furnished,New,51.85,44737.49
Kolar Road,4,3,1705,Semi Furnished,New,106.14,106257.18
Gandhi nagar,1,1,715,Fully Furnished,10+ years,35.21,29032.64
Kolar Road,2,2,1181,Semi Furnished,5-10 years,68.18,76765.94
sultaniya road,4,3,1715,Fully Furnished,10+ years,114.52,133682.0
Misrod,4,3,1952,Unfurnished,5-10 years,92.95,93920.58
Indrapuri,1,1,579,Fully Furnished,New,34.68,35130.49
Anand nagar,1,1,799,Fully Furnished,New,50.97,56834.38
Barkheda,1,1,426,Unfurnished,10+ years,29.16,24387.26
Sonagiri,1,1,721,Semi Furnished,5-10 years,37.1,40945.4
Chuna Bhatti,4,3,1984,Fully Furnished,10+ years,104.11,113172.98
Saket nagar,4,3,1596,Semi Furnished,5-10 years,67.05,67651.05
Arera Colony,4,3,2017,Fully Furnished,10+ years,96.85,105324.57
Anand nagar,3,3,1355,Unfurnished,5-10 years,78.36,82836.79
kohefiza,2,2,1006,Semi Furnished,1-5 years,53.04,51654.01
Chuna Bhatti,2,2,888,Unfurnished,1-5 years,41.03,39026.58
char Imli,4,3,2121,Semi Furnished,New,98.63,84863.99
char Imli,1,1,761,Unfurnished,5-10 years,31.79,36490.67
Habibganj,2,2,1147,Unfurnished,5-10 years,54.21,57367.85
jahangirabad,3,3,1262,Unfurnished,1-5 years,61.36,73586.4
Narela,4,3,1931,Semi Furnished,5-10 years,110.44,96905.77
Hoshangabad Road,3,3,1563,Fully Furnished,5-10 years,91.54,76594.59
Ashoka garden,4,3,1498,Unfurnished,10+ years,92.2,76714.22
Ayodhya bypass,2,2,806,Semi Furnished,5-10 years,33.15,37059.37
Sonagiri,4,3,1710,Fully Furnished,1-5 years,110.26,123847.24
Shanti Nagar,1,1,638,Fully Furnished,New,39.94,39751.49
Saket nagar,2,2,779,Semi Furnished,10+ years,34.96,38204.5
char Imli,3,3,1434,Semi Furnished,10+ years,87.74,76854.29
sultaniya road,5,4,2236,Semi Furnished,New,120.04,130557.92
Anand nagar,5,4,2436,Unfurnished,5-10 years,114.83,114966.45
Bawadiya Kalan,3,3,1409,Semi Furnished,New,92.16,92750.49
Saket nagar,5,4,2842,Fully Furnished,10+ years,183.13,208601.07
Habibganj,4,3,1432,Unfurnished,5-10 years,93.13,92261.58
Shanti Nagar,1,1,716,Unfurnished,5-10 years,35.08,33910.09
Habibganj,4,3,1599,Fully Furnished,1-5 years,95.93,78966.54
Lalghati,2,2,1092,Unfurnished,10+ years,64.62,72606.26
Service road,2,2,1168,Fully Furnished,1-5 years,52.46,52001.95
Ashoka garden,4,3,1664,Fully Furnished,New,84.91,76239.25
Kolar hills,5,4,2465,Semi Furnished,10+ years,158.38,147375.6
ibrahimpura,5,4,2348,Fully Furnished,1-5 years,143.76,138273.91
Narela,5,4,2091,Semi Furnished,5-10 years,100.07,102419.93
Prabhat petrol pump,1,1,703,Fully Furnished,10+ years,34.86,30534.79
Vikas Nagar,4,3,2171,Fully Furnished,5-10 years,141.05,134604.42
Misrod,1,1,694,Semi Furnished,1-5 years,36.63,38226.17
Lalghati,2,2,750,Semi Furnished,New,47.82,38901.7
Habibganj,4,3,1589,Semi Furnished,10+ years,95.3,112645.64
Kolar Road,1,1,739,Semi Furnished,10+ years,36.4,31709.71
Shyamla Hills,2,2,747,Unfurnished,1-5 years,45.92,44057.11
Gulmohar,3,3,1002,Semi Furnished,1-5 years,47.53,46644.0
Habibganj,3,3,1462,Semi Furnished,New,62.19,62484.2
MP Nagar,2,2,747,Unfurnished,1-5 years,30.3,34700.94
Bawadiya Kalan,4,3,1707,Unfurnished,New,99.89,88188.88
Kolar Road,5,4,2855,Unfurnished,New,183.34,182720.61
Narela,1,1,799,Unfurnished,1-5 years,34.12,35517.19
Barkheda,4,3,1559,Unfurnished,1-5 years,101.82,100085.02
jahangirabad,5,4,2804,Fully Furnished,1-5 years,183.42,158943.67
Vikas Nagar,1,1,449,Semi Furnished,New,23.67,23283.15
Bawadiya Kalan,3,3,1074,Semi Furnished,5-10 years,68.61,76988.45
Karond,2,2,973,Unfurnished,10+ years,53.7,57570.72
ibrahimpura,4,3,1983,Semi Furnished,10+ years,133.69,112535.48
Kolar hills,5,4,2626,Fully Furnished,1-5 years,123.79,118172.55
Saket nagar,4,3,2191,Unfurnished,1-5 years,120.83,118939.56
Chuna Bhatti,3,3,1171,Unfurnished,5-10 years,53.97,63319.47
Vijay nagar,3,3,1285,Fully Furnished,New,78.5,85923.97
Kolar Road,4,3,1597,Unfurnished,1-5 years,111.33,100774.92
Bairagarh,3,3,1566,Semi Furnished,1-5 years,95.22,94731.76
Gandhi nagar,2,2,822,Unfurnished,New,49.13,50688.31
Nizamuddin colony,3,3,1569,Fully Furnished,New,88.39,88989.09
sultaniya road,1,1,473,Unfurnished,1-5 years,26.57,28827.78
sultaniya road,2,2,823,Fully Furnished,5-10 years,50.06,49405.11
Govindpura,5,4,2843,Unfurnished,New,173.91,144552.77
Vikas Nagar,3,3,1247,Fully Furnished,1-5 years,65.31,71454.39
Service road,2,2,750,Unfurnished,New,50.08,54807.68
kohefiza,5,4,2210,Fully Furnished,New,108.02,106988.91
Chuna Bhatti,3,3,1076,Unfurnished,New,71.43,78191.53
Saket nagar,5,4,2617,Semi Furnished,10+ years,164.27,179980.58
Prabhat petrol pump,5,4,2620,Fully Furnished,1-5 years,108.16,124711.53
Bawadiya Kalan,2,2,760,Semi Furnished,New,32.0,32403.43
Ayodhya nagar,4,3,2124,Semi Furnished,5-10 years,114.94,96746.64
New market,2,2,786,Unfurnished,5-10 years,52.67,52011.6
MP Nagar,5,4,2484,Fully Furnished,1-5 years,163.15,143378.96
Karond,2,2,863,Fully Furnished,1-5 years,45.18,38712.04
sultaniya road,5,4,2341,Fully Furnished,5-10 years,127.82,112203.42
Kolar hills,1,1,538,Unfurnished,5-10 years,37.47,35392.73
Chuna Bhatti,1,1,693,Semi Furnished,10+ years,34.25,29529.09
kohefiza,2,2,873,Semi Furnished,5-10 years,39.32,33956.67
Arera Colony,1,1,405,Semi Furnished,5-10 years,25.59,23967.64
char Imli,5,4,2992,Semi Furnished,1-5 years,158.43,142854.71
Sonagiri,3,3,1158,Unfurnished,New,62.82,54962.02
Arjun Nagar,5,4,2964,Fully Furnished,5-10 years,172.39,189727.59
eidgah hills,1,1,720,Semi Furnished,1-5 years,35.85,36619.43
chuna bhatti,5,4,2649,Unfurnished,10+ years,135.75,144463.74
Lalghati,4,3,1911,Semi Furnished,5-10 years,120.77,124931.23
Shyamla Hills,3,3,1528,Semi Furnished,5-10 years,87.49,97546.21
Arera Colony,2,2,735,Semi Furnished,1-5 years,47.35,43168.48
Arjun Nagar,2,2,1046,Unfurnished,10+ years,53.45,53142.29
Kamla Nagar,1,1,421,Fully Furnished,1-5 years,20.1,20672.87
Bawadiya Kalan,1,1,525,Unfurnished,New,21.36,17942.76
eidgah hills,3,3,1591,Unfurnished,5-10 years,73.93,88212.66
Ayodhya bypass,5,4,2822,Semi Furnished,5-10 years,150.87,127430.89
Govindpura,3,3,1310,Semi Furnished,1-5 years,78.18,65068.65
Karond,3,3,1365,Fully Furnished,5-10 years,63.54,60280.23
Anand nagar,1,1,689,Unfurnished,10+ years,28.98,32306.57
Misrod,2,2,792,Unfurnished,1-5 years,44.55,44635.56
jahangirabad,5,4,2196,Unfurnished,New,104.13,114890.33
Lalghati,4,3,2000,Semi Furnished,5-10 years,117.95,105565.76
Service road,3,3,1291,Semi Furnished,New,71.77,70604.13
Kolar hills,4,3,1609,Fully Furnished,New,100.32,100935.1
chuna bhatti,2,2,910,Semi Furnished,1-5 years,47.04,44978.69
Hoshangabad Road,5,4,2454,Semi Furnished,New,159.86,188290.48
Arjun Nagar,5,4,2979,Semi Furnished,New,191.29,183002.75
ibrahimpura,1,1,513,Unfurnished,New,32.42,35285.42
New market,3,3,1600,Unfurnished,New,98.58,91852.6
Govindpura,1,1,766,Semi Furnished,10+ years,49.2,51567.18
kohefiza,2,2,711,Semi Furnished,1-5 years,43.07,39982.57
char Imli,1,1,637,Unfurnished,New,34.96,35502.86
Roshanpura,1,1,563,Unfurnished,New,37.27,43948.73
Tajul masjid,1,1,738,Semi Furnished,5-10 years,40.65,38953.51
Kolar Road,2,2,1001,Semi Furnished,5-10 years,57.29,48982.56
Minal,1,1,632,Fully Furnished,New,30.2,24444.77
char Imli,1,1,760,Fully Furnished,New,46.72,49927.12
ibrahimpura,2,2,1081,Unfurnished,New,45.4,54247.68
Narela,3,3,1440,Unfurnished,1-5 years,82.37,84167.15
Shyamla Hills,1,1,623,Unfurnished,1-5 years,38.26,31842.91
MP Nagar,1,1,530,Unfurnished,5-10 years,23.04,24630.74
MP Nagar,1,1,457,Fully Furnished,10+ years,25.18,23898.55
Gandhi nagar,2,2,1164,Fully Furnished,10+ years,59.6,48970.78
New market,1,1,425,Fully Furnished,5-10 years,25.44,26377.29
Chuna Bhatti,1,1,722,Fully Furnished,New,31.62,28350.97
Indrapuri,3,3,1487,Semi Furnished,1-5 years,72.37,64567.79
Misrod,1,1,755,Semi Furnished,10+ years,51.33,50720.55
Vikas Nagar,3,3,1444,Fully Furnished,New,85.25,76735.0
Bawadiya Kalan,1,1,625,Semi Furnished,10+ years,33.85,35998.97
Karond,4,3,2178,Semi Furnished,1-5 years,98.61,100596.6
chuna bhatti,3,3,1587,Fully Furnished,1-5 years,106.63,119281.73
Indrapuri,1,1,777,Fully Furnished,5-10 years,49.41,52078.26
Service road,2,2,1014,Fully Furnished,5-10 years,51.09,47473.15
Bittan Market,4,3,1831,Fully Furnished,5-10 years,89.65,106765.02
Hoshangabad Road,4,3,1472,Unfurnished,5-10 years,61.35,60622.5
Kolar hills,3,3,1019,Semi Furnished,New,70.68,57052.34
Roshanpura,1,1,471,Unfurnished,5-10 years,25.41,22991.96
Avadhpuri,5,4,2193,Semi Furnished,5-10 years,93.63,108221.28
Nizamuddin colony,4,3,2029,Fully Furnished,5-10 years,99.34,100449.24
Roshanpura,5,4,2966,Semi Furnished,1-5 years,171.01,180496.85
Kamla Nagar,3,3,1070,Semi Furnished,10+ years,57.47,54376.58
Arera Colony,3,3,1460,Unfurnished,5-10 years,82.02,69072.74
sultaniya road,1,1,537,Fully Furnished,5-10 years,21.53,25482.85
Nizamuddin colony,1,1,426,Semi Furnished,10+ years,22.78,19745.46
Shanti Nagar,5,4,2191,Unfurnished,1-5 years,106.55,96834.65
char Imli,5,4,2494,Fully Furnished,New,143.02,115140.71
Service road,4,3,1797,Unfurnished,5-10 years,88.97,98248.4
Lalghati,3,3,1165,Unfurnished,1-5 years,54.85,57879.31
Kolar hills,1,1,691,Fully Furnished,New,35.82,32902.03
Gulmohar,5,4,2740,Unfurnished,5-10 years,146.85,167852.11
eidgah hills,3,3,1477,Unfurnished,1-5 years,75.88,71093.41
Vikas Nagar,4,3,1411,Fully Furnished,10+ years,66.05,67033.57
Indrapuri,5,4,2158,Semi Furnished,1-5 years,88.49,89006.41
Chuna Bhatti,5,4,2907,Unfurnished,10+ years,181.8,171789.47
MP Nagar,1,1,709,Unfurnished,New,42.01,45994.82
Barkheda,1,1,499,Fully Furnished,1-5 years,25.38,25063.53
Arjun Nagar,3,3,1274,Unfurnished,10+ years,73.7,63645.17
Bawadiya Kalan,1,1,640,Fully Furnished,10+ years,34.89,34760.6
Misrod,4,3,2185,Unfurnished,5-10 years,144.52,135454.75
kohefiza,3,3,1340,Semi Furnished,New,76.63,75223.38
Avadhpuri,4,3,2102,Semi Furnished,10+ years,144.95,156755.52
Roshanpura,5,4,2124,Fully Furnished,1-5 years,133.48,112265.83
ibrahimpura,3,3,1239,Unfurnished,1-5 years,85.33,95535.87
Kamla Nagar,2,2,899,Unfurnished,New,38.35,41048.19
Arera Colony,2,2,1119,Fully Furnished,1-5 years,68.77,77975.7
Bawadiya Kalan,1,1,547,Unfurnished,10+ years,31.62,28094.45
Prabhat petrol pump,4,3,1823,Semi Furnished,New,109.15,115863.4
Habibganj,3,3,1021,Semi Furnished,1-5 years,61.07,54903.86
Misrod,4,3,1705,Fully Furnished,10+ years,114.13,115272.23
Shyamla Hills,5,4,2669,Fully Furnished,New,144.08,149554.38
Barkheda,4,3,1648,Semi Furnished,1-5 years,77.1,63396.96
char Imli,1,1,408,Fully Furnished,10+ years,25.02,27522.05
Bairagarh,1,1,506,Unfurnished,10+ years,22.47,19637.39
Kolar hills,2,2,805,Fully Furnished,10+ years,54.24,64665.31
char Imli,1,1,704,Fully Furnished,10+ years,33.25,34091.57
char Imli,5,4,2123,Unfurnished,New,126.03,101285.19
Kamla Nagar,4,3,1912,Semi Furnished,New,91.21,107806.53
Shivaji Nagar,4,3,2145,Fully Furnished,10+ years,112.56,131078.36
Minal,5,4,2792,Unfurnished,10+ years,166.88,134070.36
Misrod,2,2,800,Semi Furnished,New,45.18,38232.08
Narela,5,4,2891,Fully Furnished,10+ years,168.97,156740.42
Ratnagiri,5,4,2671,Fully Furnished,1-5 years,159.66,162495.61
Saket nagar,4,3,2005,Fully Furnished,1-5 years,129.36,145689.81
Ashoka garden,4,3,2184,Fully Furnished,10+ years,144.32,133698.86
Gulmohar,5,4,2966,Semi Furnished,1-5 years,123.31,119840.1
MP Nagar,3,3,1294,Fully Furnished,5-10 years,58.37,52047.45
Habibganj,5,4,2331,Unfurnished,1-5 years,162.7,188651.69
Ashoka garden,5,4,2145,Unfurnished,1-5 years,114.27,107524.55
Kolar hills,2,2,993,Semi Furnished,10+ years,57.24,48981.94
Ayodhya nagar,5,4,2070,Semi Furnished,1-5 years,91.7,94442.0
VIP road,3,3,1159,Fully Furnished,1-5 years,71.81,75894.64
Tajul masjid,1,1,603,Semi Furnished,New,32.83,36349.14
Ashoka garden,3,3,1246,Semi Furnished,5-10 years,50.7,54229.38
Ashoka garden,5,4,2559,Unfurnished,10+ years,143.86,162449.17
New market,3,3,1600,Unfurnished,10+ years,109.09,116714.08
Roshanpura,4,3,1648,Fully Furnished,New,102.01,84612.09
Barkheda,3,3,1213,Fully Furnished,New,78.11,84174.61
Minal,2,2,1122,Unfurnished,1-5 years,69.63,75786.77
Vijay nagar,5,4,2551,Semi Furnished,1-5 years,168.36,155779.99
chuna bhatti,2,2,747,Semi Furnished,10+ years,33.27,39484.57
Bairagarh,5,4,2150,Unfurnished,New,115.6,127304.16
MP Nagar,1,1,473,Unfurnished,1-5 years,22.93,24913.09
Hoshangabad Road,4,3,1847,Unfurnished,New,114.79,104862.65
Tajul masjid,4,3,1411,Unfurnished,1-5 years,81.55,65261.29
Ratnagiri,1,1,547,Semi Furnished,10+ years,27.42,24666.98
Shanti Nagar,3,3,1179,Semi Furnished,New,57.48,67045.14
Narela,1,1,484,Semi Furnished,New,21.81,26059.73
Govindpura,1,1,567,Semi Furnished,1-5 years,28.87,28366.56
Service road,5,4,2964,Semi Furnished,5-10 years,146.46,171472.03
eidgah hills,3,3,1058,Unfurnished,10+ years,62.87,61577.89
Ayodhya bypass,5,4,2738,Fully Furnished,5-10 years,150.24,145362.55
Vijay nagar,5,4,2834,Fully Furnished,1-5 years,167.52,171635.08
MP Nagar,1,1,617,Fully Furnished,New,28.49,27193.02
Ratnagiri,2,2,898,Semi Furnished,10+ years,46.89,49395.06
chuna bhatti,4,3,1740,Fully Furnished,1-5 years,121.03,102609.72
Shyamla Hills,4,3,1858,Fully Furnished,5-10 years,110.97,112566.85
Vijay nagar,1,1,732,Unfurnished,New,36.31,39370.29
Sonagiri,4,3,2065,Semi Furnished,5-10 years,92.21,78901.76
Ayodhya bypass,1,1,759,Fully Furnished,1-5 years,41.7,47258.69
Gulmohar,5,4,2916,Fully Furnished,New,190.13,178666.3
Shanti Nagar,3,3,1415,Semi Furnished,1-5 years,77.37,77611.3
Misrod,2,2,986,Semi Furnished,1-5 years,52.89,60060.51
kohefiza,3,3,1065,Unfurnished,5-10 years,70.64,71172.24
VIP road,3,3,1045,Semi Furnished,10+ years,56.17,46477.3
Ratnagiri,2,2,1173,Unfurnished,1-5 years,77.26,90321.45
Govindpura,5,4,2237,Unfurnished,1-5 years,103.71,98326.52
Govindpura,3,3,1369,Fully Furnished,New,66.7,65608.63
Kamla Nagar,5,4,2758,Unfurnished,10+ years,157.41,167734.57
Indrapuri,5,4,2846,Semi Furnished,10+ years,161.33,149001.04
Misrod,4,3,1740,Fully Furnished,1-5 years,105.12,110830.5
ibrahimpura,5,4,2249,Unfurnished,5-10 years,99.42,117339.11
eidgah hills,1,1,615,Fully Furnished,5-10 years,36.37,33675.39
Shyamla Hills,2,2,817,Unfurnished,5-10 years,34.15,39425.22
Prabhat petrol pump,3,3,1082,Unfurnished,New,54.16,53831.78
Kamla Nagar,5,4,2534,Fully Furnished,New,107.86,92798.22
Narela,2,2,779,Fully Furnished,New,34.01,35461.47
Chuna Bhatti,4,3,1766,Fully Furnished,10+ years,102.8,98551.08
Minal,2,2,929,Fully Furnished,1-5 years,64.79,58216.54
Kamla Nagar,1,1,695,Fully Furnished,5-10 years,43.03,49369.47
Nizamuddin colony,4,3,2172,Semi Furnished,5-10 years,89.42,85996.64
kohefiza,2,2,757,Unfurnished,10+ years,37.04,44222.92
Arera Colony,4,3,1715,Semi Furnished,10+ years,76.88,88451.31
Hoshangabad Road,3,3,1063,Fully Furnished,New,49.23,47579.83
Minal,4,3,2194,Unfurnished,1-5 years,122.23,126617.57
Ashoka garden,3,3,1287,Fully Furnished,10+ years,69.85,56470.09
Barkheda,3,3,1345,Semi Furnished,1-5 years,82.57,76160.16
Anand nagar,2,2,903,Fully Furnished,1-5 years,50.71,41120.69
Arjun Nagar,2,2,1156,Semi Furnished,New,76.26,62433.78
Gulmohar,2,2,909,Fully Furnished,1-5 years,42.32,46278.3
Minal,3,3,1026,Unfurnished,5-10 years,67.98,67896.25
VIP road,2,2,1146,Semi Furnished,1-5 years,50.53,48576.48
kohefiza,2,2,865,Semi Furnished,New,53.21,58843.17
Bittan Market,3,3,1145,Semi Furnished,10+ years,65.31,66809.5
Nizamuddin colony,3,3,1106,Fully Furnished,1-5 years,47.33,40259.34
Bairagarh,2,2,962,Unfurnished,5-10 years,51.15,43556.94
Hoshangabad Road,2,2,929,Semi Furnished,1-5 years,48.28,57887.88
char Imli,4,3,1657,Semi Furnished,1-5 years,91.68,85166.84
Bittan Market,4,3,2165,Semi Furnished,New,110.87,104357.15
kohefiza,2,2,1153,Fully Furnished,1-5 years,64.4,56667.5
Gandhi nagar,3,3,1069,Fully Furnished,1-5 years,68.95,80199.34
Kolar Road,1,1,651,Semi Furnished,10+ years,35.88,35165.21
Govindpura,2,2,927,Fully Furnished,10+ years,46.87,41998.69
Gulmohar,3,3,1120,Semi Furnished,1-5 years,74.74,79576.12
Hoshangabad Road,5,4,2294,Semi Furnished,5-10 years,144.72,164024.95
MP Nagar,1,1,767,Fully Furnished,10+ years,45.38,40368.74
VIP road,4,3,1644,Unfurnished,10+ years,88.17,89844.33
VIP road,2,2,1183,Unfurnished,New,70.96,59655.42
Ashoka garden,2,2,737,Fully Furnished,1-5 years,39.75,45987.13
char Imli,1,1,689,Unfurnished,10+ years,33.37,33498.12
Habibganj,1,1,464,Fully Furnished,5-10 years,28.22,32058.19
Kolar hills,3,3,1445,Semi Furnished,10+ years,71.44,71526.5
Narela,2,2,1106,Semi Furnished,10+ years,56.41,63837.91
Shyamla Hills,4,3,1806,Fully Furnished,5-10 years,88.45,84095.29
Shyamla Hills,3,3,1346,Semi Furnished,New,62.28,52918.85
Bairagarh,1,1,699,Unfurnished,10+ years,29.53,24995.4
eidgah hills,4,3,2002,Unfurnished,5-10 years,101.7,91370.17
Service road,1,1,439,Unfurnished,New,30.71,28539.71
Barkheda,4,3,1414,Semi Furnished,1-5 years,72.41,86699.89
eidgah hills,4,3,1547,Unfurnished,5-10 years,66.75,55073.41
Kamla Nagar,4,3,1632,Unfurnished,5-10 years,65.86,68048.67
Arjun Nagar,1,1,588,Fully Furnished,1-5 years,28.75,29374.17
Karond,4,3,1618,Semi Furnished,1-5 years,93.37,80159.74
Avadhpuri,1,1,438,Fully Furnished,New,20.71,18429.62
Ayodhya bypass,5,4,2475,Fully Furnished,5-10 years,100.84,82427.52
Bittan Market,5,4,2744,Semi Furnished,10+ years,180.25,162038.12
Karond,4,3,2062,Semi Furnished,10+ years,124.18,141988.24
Bawadiya Kalan,5,4,2205,Unfurnished,5-10 years,123.73,135427.37
Indrapuri,3,3,1124,Unfurnished,New,71.0,65675.45
chuna bhatti,2,2,1167,Unfurnished,1-5 years,76.55,75304.34
Arjun Nagar,1,1,566,Semi Furnished,5-10 years,30.95,28191.79
chuna bhatti,2,2,930,Unfurnished,5-10 years,55.27,44978.63
Ayodhya bypass,2,2,867,Semi Furnished,10+ years,56.87,60738.12
Barkheda,1,1,484,Unfurnished,10+ years,26.61,24605.16
ibrahimpura,1,1,611,Semi Furnished,10+ years,27.98,29034.98
Kolar Road,4,3,1507,Semi Furnished,1-5 years,89.97,98107.91
Shivaji Nagar,2,2,1141,Semi Furnished,5-10 years,56.44,57108.93
eidgah hills,5,4,2960,Unfurnished,New,158.78,187513.2
eidgah hills,4,3,2114,Semi Furnished,10+ years,143.54,141040.06
sultaniya road,5,4,2244,Fully Furnished,10+ years,133.1,137966.44
Govindpura,2,2,877,Unfurnished,10+ years,41.57,40355.63
Gandhi nagar,1,1,540,Fully Furnished,New,31.78,32413.66
Sonagiri,5,4,2164,Unfurnished,1-5 years,136.03,133131.02
Vijay nagar,3,3,1189,Unfurnished,5-10 years,74.82,71417.72
Service road,1,1,411,Fully Furnished,1-5 years,24.51,20330.35
Ratnagiri,4,3,1447,Fully Furnished,10+ years,61.16,63651.65
chuna bhatti,3,3,1416,Semi Furnished,1-5 years,89.1,77759.6
Prabhat petrol pump,2,2,925,Fully Furnished,5-10 years,39.52,40213.94
Avadhpuri,2,2,917,Unfurnished,5-10 years,40.79,46074.92
ibrahimpura,2,2,946,Semi Furnished,5-10 years,62.16,59913.45
Narela,1,1,748,Unfurnished,New,45.95,47323.39
Misrod,5,4,2492,Fully Furnished,1-5 years,146.69,147693.52
Ashoka garden,4,3,2003,Fully Furnished,1-5 years,139.22,114184.16
Ashoka garden,2,2,931,Fully Furnished,New,44.01,49473.44
ibrahimpura,3,3,1053,Semi Furnished,5-10 years,62.3,63472.81
Avadhpuri,1,1,581,Unfurnished,10+ years,39.19,40691.3
Kolar Road,2,2,707,Fully Furnished,5-10 years,36.24,31171.61
Narela,1,1,755,Fully Furnished,1-5 years,40.49,37033.84
Arjun Nagar,3,3,1008,Semi Furnished,10+ years,42.26,44806.59
Sonagiri,3,3,1084,Fully Furnished,1-5 years,44.04,39147.34
kohefiza,2,2,860,Semi Furnished,5-10 years,42.93,35789.79
Shivaji Nagar,5,4,2458,Semi Furnished,New,116.18,125924.6
Shyamla Hills,3,3,1438,Fully Furnished,5-10 years,79.94,91621.28
Vikas Nagar,1,1,668,Fully Furnished,10+ years,40.53,40593.4
Hoshangabad Road,3,3,1091,Unfurnished,5-10 years,47.08,50538.69
Minal,2,2,914,Fully Furnished,10+ years,59.24,54162.47
Service road,4,3,1818,Fully Furnished,10+ years,108.7,98827.46
Barkheda,5,4,2086,Semi Furnished,5-10 years,99.66,114147.06
Kamla Nagar,5,4,2978,Unfurnished,5-10 years,146.66,162015.66
Saket nagar,4,3,2153,Fully Furnished,10+ years,134.97,121918.33
Saket nagar,1,1,426,Unfurnished,10+ years,25.03,28877.4
Chuna Bhatti,4,3,1760,Semi Furnished,1-5 years,75.46,76816.49
Ashoka garden,1,1,736,Fully Furnished,10+ years,36.0,41377.5
Minal,5,4,2990,Fully Furnished,10+ years,164.4,190009.94
Habibganj,2,2,986,Semi Furnished,1-5 years,56.61,62803.25
Hoshangabad Road,2,2,896,Semi Furnished,10+ years,42.53,38033.61
ibrahimpura,1,1,612,Fully Furnished,1-5 years,41.49,37891.95
Ratnagiri,3,3,1181,Fully Furnished,10+ years,59.16,60309.69
Ratnagiri,2,2,956,Fully Furnished,New,47.88,49998.09
Roshanpura,4,3,2048,Semi Furnished,1-5 years,141.75,117583.24
Hoshangabad Road,5,4,2102,Unfurnished,1-5 years,116.48,97573.16
Vikas Nagar,4,3,1560,Semi Furnished,5-10 years,69.91,81786.6
Indrapuri,2,2,1032,Unfurnished,10+ years,55.23,55548.68
Prabhat petrol pump,2,2,1045,Semi Furnished,10+ years,60.99,50441.66
Ratnagiri,1,1,528,Semi Furnished,10+ years,28.42,33411.87
Piplani,2,2,772,Semi Furnished,10+ years,48.69,41924.21
Roshanpura,2,2,1023,Semi Furnished,5-10 years,69.89,69562.19
Karond,1,1,663,Semi Furnished,New,34.85,36110.01
Kolar Road,3,3,1032,Fully Furnished,5-10 years,51.33,44936.71
Narela,1,1,550,Unfurnished,1-5 years,27.96,24495.38
Sonagiri,4,3,1779,Fully Furnished,5-10 years,122.84,131386.03
kohefiza,3,3,1569,Semi Furnished,1-5 years,90.57,103052.62
Ratnagiri,2,2,1136,Unfurnished,New,59.64,64403.84
Barkheda,1,1,755,Semi Furnished,5-10 years,42.29,42953.25
Anand nagar,3,3,1513,Semi Furnished,1-5 years,67.87,63702.11
Vikas Nagar,3,3,1077,Fully Furnished,10+ years,68.29,77954.58
Shanti Nagar,2,2,812,Semi Furnished,5-10 years,38.12,31047.77
Avadhpuri,1,1,744,Semi Furnished,5-10 years,33.26,28919.2
Tajul masjid,2,2,1180,Unfurnished,5-10 years,53.58,57861.22
Arjun Nagar,3,3,1460,Unfurnished,10+ years,67.12,58552.75
char Imli,1,1,568,Semi Furnished,1-5 years,39.02,43429.24
chuna bhatti,5,4,2476,Semi Furnished,10+ years,166.25,197610.28
Gulmohar,2,2,1080,Semi Furnished,10+ years,59.96,56538.5
jahangirabad,2,2,857,Unfurnished,5-10 years,54.42,46558.67
Avadhpuri,5,4,2112,Fully Furnished,10+ years,113.0,123799.34
Sonagiri,2,2,904,Semi Furnished,5-10 years,59.15,51903.47
Shyamla Hills,1,1,711,Semi Furnished,1-5 years,39.51,42870.9
Habibganj,3,3,1403,Unfurnished,New,70.04,74508.73
eidgah hills,5,4,2887,Unfurnished,New,125.02,125095.29
Bairagarh,5,4,2283,Unfurnished,5-10 years,133.37,121270.52
Roshanpura,3,3,1444,Unfurnished,New,82.14,80711.7
kohefiza,2,2,983,Unfurnished,10+ years,54.18,50663.2
ibrahimpura,3,3,1261,Fully Furnished,New,69.33,76385.07
Misrod,4,3,1602,Unfurnished,1-5 years,99.55,92852.28
eidgah hills,5,4,2397,Unfurnished,5-10 years,151.26,175556.72
Shanti Nagar,2,2,1149,Unfurnished,1-5 years,61.47,56171.41
Shanti Nagar,3,3,1413,Unfurnished,10+ years,60.94,60569.56
jahangirabad,2,2,997,Fully Furnished,5-10 years,40.45,32896.39
Arera Colony,5,4,2211,Fully Furnished,10+ years,105.71,88542.2
Ashoka garden,4,3,1757,Fully Furnished,New,112.68,91359.25
Karond,2,2,917,Fully Furnished,New,37.19,42636.16
ibrahimpura,1,1,436,Semi Furnished,1-5 years,17.92,21077.95
jahangirabad,1,1,796,Fully Furnished,1-5 years,33.57,27375.31
Sonagiri,1,1,417,Fully Furnished,10+ years,17.84,16020.52
Shyamla Hills,3,3,1220,Semi Furnished,1-5 years,57.11,61210.84
Prabhat petrol pump,1,1,409,Semi Furnished,10+ years,28.26,24450.44
Shyamla Hills,4,3,1579,Unfurnished,1-5 years,106.41,102391.89
Kolar hills,5,4,2619,Semi Furnished,1-5 years,175.45,196526.27
Tajul masjid,1,1,581,Semi Furnished,1-5 years,27.47,31552.03
Anand nagar,3,3,1024,Fully Furnished,New,47.35,50120.01
Kolar hills,3,3,1126,Semi Furnished,New,68.97,78939.98
Bittan Market,4,3,1804,Unfurnished,5-10 years,76.19,90968.21
Kolar hills,5,4,2085,Unfurnished,New,116.99,94532.72
Kolar Road,4,3,2133,Unfurnished,5-10 years,106.31,104358.45
Bairagarh,4,3,1793,Unfurnished,5-10 years,85.55,77890.46
New market,1,1,455,Semi Furnished,New,30.53,30948.69
jahangirabad,2,2,765,Semi Furnished,5-10 years,44.72,39826.62
Kamla Nagar,1,1,435,Semi Furnished,5-10 years,27.43,29609.3
Narela,1,1,734,Unfurnished,5-10 years,43.84,45242.21
Kolar Road,2,2,1046,Unfurnished,5-10 years,50.86,56688.36
Kolar Road,2,2,1111,Unfurnished,10+ years,68.56,75580.37
Govindpura,1,1,464,Unfurnished,1-5 years,28.58,31990.04
kohefiza,1,1,643,Fully Furnished,5-10 years,33.95,30787.38
Habibganj,4,3,1655,Semi Furnished,New,109.8,96851.86
Barkheda,2,2,1057,Semi Furnished,New,65.29,65861.73
Ashoka garden,3,3,1197,Unfurnished,5-10 years,77.87,74911.38
Chuna Bhatti,1,1,400,Unfurnished,10+ years,20.88,19555.87
New market,2,2,1183,Unfurnished,10+ years,76.37,74504.76
Roshanpura,2,2,901,Semi Furnished,5-10 years,43.53,46284.85
chuna bhatti,2,2,775,Fully Furnished,5-10 years,44.85,50196.47
Kolar hills,2,2,760,Semi Furnished,New,51.74,51519.38
Ratnagiri,3,3,1112,Fully Furnished,1-5 years,66.85,71274.65
Prabhat petrol pump,5,4,2689,Unfurnished,10+ years,149.53,126869.19
Bairagarh,4,3,1590,Unfurnished,5-10 years,67.33,57469.78
Misrod,5,4,2705,Fully Furnished,1-5 years,120.02,111963.06
Piplani,2,2,930,Fully Furnished,1-5 years,54.65,47042.21
Hoshangabad Road,2,2,1048,Unfurnished,New,57.19,57559.47
chuna bhatti,1,1,449,Fully Furnished,10+ years,18.74,22201.63
Vijay nagar,3,3,1454,Semi Furnished,1-5 years,73.72,64264.18
kohefiza,1,1,758,Semi Furnished,New,42.79,39756.72
MP Nagar,3,3,1103,Semi Furnished,New,69.15,80929.24
Shivaji Nagar,5,4,2934,Unfurnished,10+ years,141.41,152817.91
Ratnagiri,2,2,963,Unfurnished,New,47.71,45862.18
Saket nagar,4,3,1413,Semi Furnished,5-10 years,56.74,58567.75
Tajul masjid,5,4,2590,Semi Furnished,5-10 years,113.77,111780.67
Gandhi nagar,5,4,2808,Semi Furnished,5-10 years,174.97,156431.18
ibrahimpura,4,3,1787,Semi Furnished,New,98.98,101671.96
Tajul masjid,5,4,2980,Semi Furnished,5-10 years,129.95,132539.57
Bairagarh,1,1,797,Semi Furnished,10+ years,54.37,47760.26
Nizamuddin colony,5,4,2557,Semi Furnished,10+ years,141.28,141539.19
Kolar hills,3,3,1222,Fully Furnished,5-10 years,63.19,69257.29
Kolar hills,4,3,2084,Unfurnished,5-10 years,95.66,83112.67
Ayodhya nagar,4,3,1788,Semi Furnished,10+ years,85.14,84796.86
Shyamla Hills,5,4,2260,Unfurnished,5-10 years,120.96,108118.49
Kamla Nagar,2,2,733,Unfurnished,1-5 years,50.41,52654.7
Nizamuddin colony,2,2,705,Fully Furnished,10+ years,30.65,24702.71
Nizamuddin colony,2,2,991,Unfurnished,1-5 years,49.72,40942.15
Bittan Market,5,4,2967,Fully Furnished,1-5 years,192.28,178448.42
Kolar Road,5,4,2197,Semi Furnished,New,130.6,148429.83
Piplani,1,1,795,Fully Furnished,5-10 years,53.07,43675.63
kohefiza,5,4,2273,Fully Furnished,1-5 years,98.06,111373.17
Ayodhya nagar,1,1,569,Fully Furnished,1-5 years,31.35,28023.84
Lalghati,2,2,760,Fully Furnished,1-5 years,41.63,34714.76
Piplani,4,3,1777,Unfurnished,5-10 years,104.24,108049.94
Ratnagiri,5,4,2214,Fully Furnished,10+ years,144.64,120929.69
Kamla Nagar,2,2,869,Unfurnished,New,43.57,36444.14
Shivaji Nagar,1,1,631,Fully Furnished,5-10 years,36.06,36562.94
chuna bhatti,3,3,1271,Unfurnished,5-10 years,64.01,51413.46
Govindpura,2,2,926,Semi Furnished,1-5 years,47.8,39051.34
Indrapuri,5,4,2264,Fully Furnished,10+ years,117.09,118365.83
Tajul masjid,2,2,859,Semi Furnished,5-10 years,44.02,36564.08
Lalghati,2,2,842,Fully Furnished,5-10 years,33.81,33724.92
Arjun Nagar,1,1,732,Fully Furnished,1-5 years,48.61,46392.22
Shyamla Hills,1,1,444,Unfurnished,New,22.24,18018.0
kohefiza,5,4,2897,Unfurnished,10+ years,155.39,168400.44
Minal,3,3,1558,Fully Furnished,10+ years,94.6,85084.33
Saket nagar,3,3,1270,Fully Furnished,1-5 years,84.56,82184.43
Bittan Market,1,1,568,Fully Furnished,10+ years,27.11,24100.28
Piplani,5,4,2355,Unfurnished,New,145.18,136807.94
Saket nagar,1,1,616,Fully Furnished,10+ years,36.71,31093.69
Shivaji Nagar,2,2,885,Unfurnished,New,44.18,36467.54
jahangirabad,1,1,465,Fully Furnished,10+ years,20.95,18820.65
Vikas Nagar,3,3,1315,Unfurnished,1-5 years,80.71,94430.31
Shanti Nagar,5,4,2448,Fully Furnished,New,148.09,122916.65
eidgah hills,5,4,2651,Unfurnished,5-10 years,137.87,114568.36
Saket nagar,4,3,1487,Semi Furnished,10+ years,81.8,97032.35
Service road,3,3,1254,Semi Furnished,10+ years,68.44,56905.36
Anand nagar,2,2,908,Fully Furnished,1-5 years,37.92,45092.84
Kolar hills,5,4,2711,Unfurnished,10+ years,163.89,170399.27
Minal,1,1,762,Fully Furnished,New,47.99,53969.71
ibrahimpura,5,4,2375,Unfurnished,New,119.63,112615.15
sultaniya road,1,1,428,Semi Furnished,5-10 years,18.65,17030.1
Ayodhya bypass,4,3,1962,Fully Furnished,New,112.13,112147.61
Piplani,3,3,1466,Fully Furnished,5-10 years,83.43,99024.3
chuna bhatti,2,2,709,Unfurnished,New,34.69,29512.58
Habibganj,1,1,642,Unfurnished,10+ years,26.64,27434.02
Sonagiri,3,3,1386,Unfurnished,10+ years,65.51,55323.51
Ayodhya nagar,4,3,1620,Unfurnished,5-10 years,65.09,59098.13
Prabhat petrol pump,4,3,2041,Unfurnished,New,93.52,102670.65
Ratnagiri,2,2,874,Unfurnished,New,55.95,53924.18
eidgah hills,4,3,2138,Fully Furnished,10+ years,146.12,159016.6
Narela,2,2,714,Fully Furnished,10+ years,35.46,40470.5
chuna bhatti,4,3,2003,Unfurnished,New,101.21,108430.26
sultaniya road,4,3,1761,Unfurnished,5-10 years,77.52,83036.4
Shyamla Hills,5,4,2914,Fully Furnished,1-5 years,185.83,213731.33
Saket nagar,1,1,459,Semi Furnished,5-10 years,27.58,30311.5
Shyamla Hills,5,4,2940,Semi Furnished,New,120.93,100311.27
Ayodhya nagar,1,1,407,Semi Furnished,5-10 years,18.47,18084.64
Kolar Road,1,1,640,Unfurnished,1-5 years,29.75,27809.37
Shanti Nagar,5,4,2888,Semi Furnished,10+ years,197.29,192141.8
char Imli,2,2,975,Semi Furnished,10+ years,66.0,59796.48
Shanti Nagar,2,2,866,Fully Furnished,10+ years,43.91,38874.32
Gandhi nagar,3,3,1111,Fully Furnished,New,69.95,78532.62
Roshanpura,1,1,546,Unfurnished,New,31.48,32784.21
Avadhpuri,5,4,2076,Unfurnished,New,87.11,80442.34
Indrapuri,5,4,2923,Fully Furnished,5-10 years,120.17,140036.7
Chuna Bhatti,1,1,467,Semi Furnished,5-10 years,19.76,20414.13
Habibganj,5,4,2951,Fully Furnished,1-5 years,129.52,154469.53
Indrapuri,3,3,1361,Unfurnished,5-10 years,72.7,61152.25
Chuna Bhatti,3,3,1151,Fully Furnished,1-5 years,79.95,68846.62
Gulmohar,5,4,2459,Fully Furnished,10+ years,98.56,104187.75
jahangirabad,2,2,706,Semi Furnished,5-10 years,41.5,35181.35
Shyamla Hills,3,3,1534,Unfurnished,10+ years,86.58,83880.16
Service road,3,3,1103,Semi Furnished,10+ years,56.02,66956.09
Shanti Nagar,3,3,1461,Semi Furnished,1-5 years,70.35,56931.48
Vikas Nagar,2,2,812,Unfurnished,10+ years,42.59,34329.47
Prabhat petrol pump,1,1,565,Semi Furnished,5-10 years,22.61,24662.34
Avadhpuri,3,3,1369,Unfurnished,New,56.9,60186.06
kohefiza,2,2,1056,Unfurnished,5-10 years,70.96,76550.39
Gulmohar,3,3,1107,Fully Furnished,New,52.11,58732.2
sultaniya road,3,3,1256,Semi Furnished,1-5 years,71.7,78024.05
Shanti Nagar,2,2,887,Unfurnished,5-10 years,48.44,48196.28
Narela,2,2,1104,Unfurnished,1-5 years,69.15,66376.47
Lalghati,1,1,516,Unfurnished,10+ years,33.92,30614.85
Bairagarh,4,3,1985,Fully Furnished,1-5 years,118.34,131319.79
Prabhat petrol pump,4,3,1602,Semi Furnished,5-10 years,71.82,57566.94
MP Nagar,1,1,691,Semi Furnished,5-10 years,44.27,52925.43
Avadhpuri,1,1,757,Semi Furnished,1-5 years,35.41,40283.31
char Imli,1,1,435,Unfurnished,1-5 years,26.08,25159.8
Tajul masjid,2,2,826,Fully Furnished,New,42.39,40404.82
Barkheda,1,1,417,Unfurnished,New,19.8,20786.91
Lalghati,5,4,2507,Fully Furnished,10+ years,113.86,98664.09
chuna bhatti,5,4,2282,Fully Furnished,1-5 years,104.44,101524.67
Service road,4,3,2153,Unfurnished,1-5 years,96.97,97025.87
Chuna Bhatti,2,2,1034,Semi Furnished,10+ years,50.95,54999.74
Narela,5,4,2374,Unfurnished,1-5 years,159.75,183983.54
char Imli,2,2,993,Semi Furnished,New,52.15,60497.57
Arera Colony,1,1,601,Semi Furnished,1-5 years,40.56,46321.97
sultaniya road,3,3,1451,Unfurnished,5-10 years,66.29,61953.95
Govindpura,3,3,1548,Semi Furnished,10+ years,72.86,79192.63
Kamla Nagar,2,2,864,Semi Furnished,1-5 years,36.11,40542.96
chuna bhatti,1,1,463,Semi Furnished,1-5 years,29.34,25404.08
VIP road,2,2,873,Unfurnished,1-5 years,36.99,39433.64
Vikas Nagar,3,3,1221,Unfurnished,5-10 years,68.03,58142.47
chuna bhatti,2,2,996,Semi Furnished,5-10 years,54.68,56312.42
Arjun Nagar,4,3,1775,Fully Furnished,10+ years,75.85,85896.44
Kolar hills,1,1,597,Semi Furnished,5-10 years,36.38,42782.4
Vikas Nagar,2,2,1193,Semi Furnished,10+ years,66.7,66571.98
chuna bhatti,1,1,635,Fully Furnished,New,27.89,33166.61
Gandhi nagar,3,3,1153,Semi Furnished,1-5 years,64.23,70691.23
Kolar hills,5,4,2987,Semi Furnished,5-10 years,139.98,138032.99
Ashoka garden,2,2,997,Fully Furnished,New,64.8,72174.23
Bawadiya Kalan,3,3,1380,Unfurnished,1-5 years,77.5,72708.23
Piplani,2,2,763,Unfurnished,5-10 years,47.99,52188.56
Minal,1,1,708,Fully Furnished,10+ years,43.06,39680.36
Ratnagiri,1,1,482,Semi Furnished,New,26.96,25165.93
Ayodhya bypass,5,4,2688,Unfurnished,5-10 years,145.34,147617.81
eidgah hills,1,1,476,Unfurnished,10+ years,19.24,17465.94
Vikas Nagar,5,4,2350,Unfurnished,5-10 years,140.78,122003.86
Service road,5,4,2535,Fully Furnished,1-5 years,144.32,129012.68
Shivaji Nagar,4,3,1696,Fully Furnished,10+ years,88.12,100883.1
Narela,5,4,2166,Semi Furnished,1-5 years,120.06,96446.82
VIP road,1,1,556,Unfurnished,1-5 years,22.41,25615.58
Piplani,2,2,824,Unfurnished,1-5 years,41.98,40921.0
Roshanpura,4,3,1736,Unfurnished,1-5 years,112.39,125493.24
Govindpura,2,2,832,Semi Furnished,5-10 years,34.54,37701.07
Habibganj,4,3,1979,Semi Furnished,5-10 years,131.5,155341.19
Roshanpura,3,3,1429,Unfurnished,New,69.46,78270.19
Ayodhya nagar,2,2,744,Fully Furnished,5-10 years,49.16,55080.73
eidgah hills,3,3,1115,Unfurnished,5-10 years,46.32,44908.8
Prabhat petrol pump,1,1,695,Semi Furnished,1-5 years,31.44,29987.81
Anand nagar,4,3,1916,Fully Furnished,1-5 years,108.64,98160.16
Service road,3,3,1426,Unfurnished,1-5 years,92.03,84107.83
Karond,1,1,504,Fully Furnished,10+ years,24.99,23622.86
Kolar Road,3,3,1462,Semi Furnished,10+ years,74.64,77978.91
Ayodhya bypass,2,2,723,Unfurnished,5-10 years,35.81,35620.71
Shanti Nagar,1,1,477,Unfurnished,10+ years,31.38,34287.28
Nizamuddin colony,2,2,894,Unfurnished,1-5 years,44.05,40674.73
Arjun Nagar,3,3,1541,Unfurnished,New,65.59,56038.25
Misrod,3,3,1140,Fully Furnished,5-10 years,49.26,47468.41
Ashoka garden,2,2,1106,Semi Furnished,10+ years,73.72,69807.02
Ayodhya bypass,5,4,2392,Unfurnished,5-10 years,124.5,112028.78
Kolar hills,1,1,481,Semi Furnished,1-5 years,19.39,20437.68
Govindpura,3,3,1481,Unfurnished,10+ years,92.96,105686.29
Vijay nagar,4,3,1798,Fully Furnished,10+ years,115.13,105404.75
eidgah hills,3,3,1318,Semi Furnished,New,92.02,88607.49
Prabhat petrol pump,5,4,2493,Unfurnished,1-5 years,106.49,126453.43
Barkheda,5,4,2175,Fully Furnished,10+ years,135.86,150684.74
Ratnagiri,3,3,1545,Fully Furnished,10+ years,96.57,99212.05
Tajul masjid,3,3,1481,Semi Furnished,1-5 years,103.44,84731.75
jahangirabad,2,2,1023,Unfurnished,10+ years,53.78,59546.34
Nizamuddin colony,1,1,776,Fully Furnished,5-10 years,37.17,40808.01
Vikas Nagar,3,3,1488,Fully Furnished,1-5 years,72.2,61469.74
jahangirabad,4,3,1707,Unfurnished,10+ years,98.76,117228.5
Minal,5,4,2532,Fully Furnished,10+ years,116.32,93699.08
Vikas Nagar,1,1,598,Semi Furnished,New,34.42,27953.69
Ratnagiri,4,3,1768,Unfurnished,5-10 years,82.67,66986.65
eidgah hills,4,3,1590,Unfurnished,10+ years,101.18,92967.55
Bittan Market,5,4,2108,Semi Furnished,New,89.2,106252.38
Shivaji Nagar,2,2,799,Unfurnished,1-5 years,47.98,51972.68
Sonagiri,5,4,2126,Unfurnished,10+ years,134.98,121077.84
Kamla Nagar,2,2,775,Semi Furnished,1-5 years,41.5,47171.34
Indrapuri,1,1,797,Fully Furnished,5-10 years,45.34,51687.47
Chuna Bhatti,1,1,526,Semi Furnished,5-10 years,33.58,30887.14
Misrod,2,2,1117,Fully Furnished,New,63.45,75762.63
Govindpura,5,4,2467,Unfurnished,1-5 years,157.98,162121.95
Ashoka garden,5,4,2813,Semi Furnished,5-10 years,149.66,161899.44
Service road,2,2,1108,Semi Furnished,New,52.05,58824.66
char Imli,3,3,1117,Fully Furnished,1-5 years,75.32,82274.66
Ayodhya bypass,4,3,1665,Semi Furnished,New,114.47,117820.75
kohefiza,2,2,784,Semi Furnished,10+ years,38.02,33046.19
Bawadiya Kalan,4,3,1767,Semi Furnished,1-5 years,121.71,138481.62
Kamla Nagar,4,3,1822,Unfurnished,New,73.18,85843.76
sultaniya road,2,2,1185,Semi Furnished,5-10 years,48.11,56485.73
Ayodhya bypass,5,4,2561,Semi Furnished,New,128.27,106439.99
Piplani,3,3,1386,Fully Furnished,5-10 years,78.28,68618.4
Gulmohar,4,3,1516,Unfurnished,10+ years,84.47,85323.33
Shanti Nagar,4,3,1526,Fully Furnished,1-5 years,72.07,78466.21
Bittan Market,3,3,1294,Unfurnished,5-10 years,53.77,59139.08
Roshanpura,5,4,2074,Semi Furnished,1-5 years,94.89,89083.99
Avadhpuri,3,3,1508,Unfurnished,New,88.12,100589.3
Roshanpura,2,2,1131,Unfurnished,New,77.35,86863.07
Bairagarh,2,2,1012,Semi Furnished,10+ years,48.39,54979.62
Piplani,5,4,2491,Unfurnished,5-10 years,109.39,128862.98
char Imli,1,1,747,Semi Furnished,5-10 years,50.35,43750.28
Barkheda,3,3,1077,Fully Furnished,10+ years,62.17,50354.79
char Imli,4,3,1603,Semi Furnished,10+ years,72.84,68557.41
Bawadiya Kalan,4,3,2082,Fully Furnished,1-5 years,99.14,90148.11
Roshanpura,5,4,2131,Semi Furnished,10+ years,117.54,117310.2
Service road,2,2,765,Unfurnished,New,47.14,45459.24
Anand nagar,3,3,1323,Unfurnished,10+ years,73.68,64752.96
Arjun Nagar,2,2,856,Unfurnished,New,50.9,60267.51
Misrod,5,4,2254,Fully Furnished,New,132.78,135016.14
Avadhpuri,5,4,2393,Semi Furnished,1-5 years,144.92,160008.57
Anand nagar,5,4,2503,Semi Furnished,New,115.23,92680.48
Ayodhya nagar,4,3,1682,Fully Furnished,New,112.2,103314.25
Misrod,5,4,2860,Semi Furnished,1-5 years,193.44,176546.37
Anand nagar,5,4,2186,Semi Furnished,New,104.95,89634.08
Narela,3,3,1311,Unfurnished,10+ years,75.91,86634.49
Avadhpuri,3,3,1245,Fully Furnished,10+ years,72.01,69991.65
MP Nagar,2,2,1137,Unfurnished,1-5 years,58.41,54651.77
Chuna Bhatti,1,1,784,Fully Furnished,New,33.21,36344.88
Govindpura,2,2,905,Fully Furnished,10+ years,39.84,32955.81
Barkheda,3,3,1218,Semi Furnished,New,65.64,62178.47
Kolar hills,5,4,2284,Unfurnished,5-10 years,158.03,174340.71
Roshanpura,4,3,1586,Semi Furnished,New,85.54,71695.19
Vijay nagar,2,2,1100,Unfurnished,10+ years,68.9,58272.32
Narela,1,1,443,Unfurnished,10+ years,20.93,20644.29
eidgah hills,5,4,2699,Fully Furnished,10+ years,156.89,180545.86
chuna bhatti,4,3,2091,Fully Furnished,10+ years,90.71,83051.18
Kolar Road,3,3,1202,Fully Furnished,New,81.22,92343.29
Tajul masjid,1,1,407,Fully Furnished,10+ years,27.99,28971.0
Lalghati,5,4,2332,Unfurnished,5-10 years,148.84,159847.57
Vikas Nagar,2,2,1145,Fully Furnished,5-10 years,62.48,55792.78
Bittan Market,5,4,2100,Fully Furnished,10+ years,133.94,160696.04
Bawadiya Kalan,4,3,1830,Unfurnished,10+ years,120.13,123041.75
Bairagarh,3,3,1253,Unfurnished,5-10 years,72.75,85599.16
VIP road,5,4,2973,Semi Furnished,1-5 years,139.38,167042.12
Ashoka garden,3,3,1410,Unfurnished,1-5 years,93.8,104062.86
Arjun Nagar,2,2,925,Fully Furnished,5-10 years,52.77,50498.52
Vijay nagar,1,1,455,Unfurnished,1-5 years,28.99,27380.67
Karond,4,3,1406,Semi Furnished,New,58.61,60768.29
Habibganj,4,3,1824,Semi Furnished,10+ years,79.58,67834.59
Saket nagar,4,3,1789,Unfurnished,5-10 years,110.5,110054.84
Minal,5,4,2756,Semi Furnished,5-10 years,122.04,136620.24
sultaniya road,1,1,678,Fully Furnished,1-5 years,46.83,44888.6
Lalghati,3,3,1192,Fully Furnished,5-10 years,80.02,90818.86
Saket nagar,4,3,2169,Semi Furnished,10+ years,140.01,144025.34
Service road,4,3,2169,Semi Furnished,New,99.48,104937.71
Ayodhya nagar,3,3,1424,Unfurnished,New,88.04,100703.52
MP Nagar,3,3,1248,Unfurnished,10+ years,69.83,66029.61
Bairagarh,1,1,431,Fully Furnished,10+ years,25.23,23880.81
Kolar hills,2,2,979,Semi Furnished,New,41.87,36629.41
Indrapuri,3,3,1385,Semi Furnished,New,59.98,64815.19
Shyamla Hills,3,3,1584,Fully Furnished,1-5 years,63.65,73512.76
VIP road,5,4,2450,Unfurnished,10+ years,160.3,156471.54
Chuna Bhatti,5,4,2739,Fully Furnished,5-10 years,167.45,154524.02
Narela,1,1,754,Semi Furnished,10+ years,44.41,46014.69
sultaniya road,3,3,1387,Semi Furnished,10+ years,58.86,55579.79
Barkheda,5,4,2041,Semi Furnished,1-5 years,128.24,109398.13
Narela,3,3,1122,Fully Furnished,5-10 years,78.54,71544.22
Indrapuri,4,3,1766,Fully Furnished,1-5 years,112.14,108948.17
Kolar hills,4,3,1842,Unfurnished,1-5 years,75.48,89571.21
Habibganj,3,3,1059,Fully Furnished,1-5 years,53.59,44394.09
Habibganj,3,3,1306,Fully Furnished,10+ years,62.87,74268.75
Hoshangabad Road,2,2,1148,Semi Furnished,10+ years,47.68,41122.15
Habibganj,2,2,917,Unfurnished,10+ years,63.1,52647.94
char Imli,4,3,2015,Unfurnished,1-5 years,84.58,88236.56
Sonagiri,5,4,2581,Fully Furnished,New,130.44,138103.27
Govindpura,4,3,1432,Unfurnished,1-5 years,74.36,78720.96
Hoshangabad Road,1,1,767,Semi Furnished,New,46.59,42426.59
Bairagarh,4,3,1758,Semi Furnished,10+ years,83.37,88567.78
Govindpura,3,3,1251,Semi Furnished,5-10 years,68.08,75560.69
chuna bhatti,1,1,469,Fully Furnished,1-5 years,24.91,22241.3
Saket nagar,1,1,584,Fully Furnished,1-5 years,34.57,28195.71
Lalghati,1,1,564,Semi Furnished,5-10 years,23.23,26254.78
Shanti Nagar,1,1,747,Fully Furnished,New,40.66,43477.38
chuna bhatti,5,4,2827,Fully Furnished,1-5 years,155.97,130806.72
ibrahimpura,4,3,1744,Unfurnished,New,117.44,129745.86
Misrod,1,1,512,Unfurnished,New,30.49,34735.95
Misrod,3,3,1583,Fully Furnished,5-10 years,77.04,86788.5
Narela,3,3,1028,Unfurnished,10+ years,69.03,82464.91
Misrod,2,2,798,Unfurnished,5-10 years,43.2,40506.1
Saket nagar,1,1,602,Fully Furnished,10+ years,34.88,29689.84
Bawadiya Kalan,1,1,731,Fully Furnished,1-5 years,42.01,39292.7
MP Nagar,5,4,2212,Fully Furnished,New,94.16,88342.94
Bairagarh,3,3,1053,Semi Furnished,5-10 years,59.79,52806.05
Shyamla Hills,3,3,1348,Fully Furnished,5-10 years,78.53,73145.29
kohefiza,5,4,2707,Unfurnished,New,175.39,197662.35
Anand nagar,2,2,1148,Fully Furnished,New,71.7,84300.72
Barkheda,4,3,1616,Unfurnished,New,78.76,94101.81
char Imli,4,3,1424,Unfurnished,10+ years,83.71,82113.61
Arera Colony,2,2,815,Unfurnished,New,53.44,55385.28
Shanti Nagar,2,2,1098,Fully Furnished,1-5 years,63.85,71436.02
Lalghati,5,4,2448,Unfurnished,New,100.84,84694.58
Karond,4,3,1947,Unfurnished,5-10 years,86.92,80142.98
MP Nagar,3,3,1239,Unfurnished,5-10 years,86.42,74216.79
Gandhi nagar,4,3,1526,Fully Furnished,1-5 years,77.21,80173.46
Hoshangabad Road,5,4,2653,Unfurnished,5-10 years,165.76,162695.46
Barkheda,3,3,1491,Unfurnished,New,70.99,59094.28
Anand nagar,5,4,2303,Fully Furnished,5-10 years,136.47,160930.09
chuna bhatti,1,1,589,Fully Furnished,10+ years,39.51,43236.92
Avadhpuri,3,3,1437,Semi Furnished,New,99.59,101023.04
ibrahimpura,4,3,1556,Fully Furnished,New,94.69,112723.84
Kamla Nagar,3,3,1109,Semi Furnished,New,76.93,67931.64
Arjun Nagar,1,1,539,Unfurnished,10+ years,37.72,35706.39
Shyamla Hills,1,1,661,Unfurnished,10+ years,29.01,32508.08
Gandhi nagar,2,2,713,Unfurnished,10+ years,34.9,30911.17
Misrod,5,4,2897,Fully Furnished,5-10 years,168.45,157482.91
Shyamla Hills,2,2,1166,Unfurnished,10+ years,54.39,54534.74
chuna bhatti,5,4,2627,Unfurnished,New,164.32,168524.45
Bairagarh,1,1,740,Semi Furnished,1-5 years,36.92,42878.3
jahangirabad,3,3,1288,Fully Furnished,5-10 years,76.94,65266.0
Gulmohar,4,3,1807,Fully Furnished,1-5 years,115.97,101597.69
Arera Colony,4,3,1674,Semi Furnished,New,106.98,117707.04
Vijay nagar,4,3,1500,Fully Furnished,5-10 years,60.25,66911.77
eidgah hills,2,2,1133,Unfurnished,5-10 years,53.68,45554.72
Kolar hills,1,1,686,Unfurnished,1-5 years,41.19,36123.72
Vijay nagar,1,1,583,Unfurnished,10+ years,33.64,29522.25
Minal,2,2,887,Unfurnished,1-5 years,36.37,32450.5
Shyamla Hills,2,2,1057,Unfurnished,10+ years,53.97,52029.69
Roshanpura,4,3,1516,Semi Furnished,5-10 years,85.81,99156.26
Gulmohar,3,3,1459,Fully Furnished,10+ years,76.05,65983.22
eidgah hills,5,4,2271,Unfurnished,5-10 years,141.66,124594.83
MP Nagar,5,4,2878,Unfurnished,1-5 years,189.04,203430.01
Arera Colony,1,1,585,Unfurnished,5-10 years,27.6,31882.58
ibrahimpura,4,3,2004,Unfurnished,1-5 years,104.6,93473.86
Vikas Nagar,4,3,1537,Fully Furnished,New,64.14,70763.63
New market,1,1,460,Semi Furnished,10+ years,23.74,20874.04
Govindpura,3,3,1242,Fully Furnished,10+ years,56.23,56066.83
Chuna Bhatti,5,4,2004,Semi Furnished,5-10 years,134.33,149599.75
Kamla Nagar,5,4,2457,Semi Furnished,New,151.17,122821.55
Ratnagiri,3,3,1041,Semi Furnished,1-5 years,47.63,51482.94
Ayodhya bypass,3,3,1246,Semi Furnished,5-10 years,51.46,51502.64
Chuna Bhatti,4,3,2152,Semi Furnished,5-10 years,150.27,129651.46
Ashoka garden,5,4,2778,Semi Furnished,New,114.09,110021.37
Kolar hills,1,1,491,Fully Furnished,New,30.57,30608.06
eidgah hills,4,3,1691,Fully Furnished,5-10 years,110.9,132441.14
Sonagiri,4,3,1439,Fully Furnished,1-5 years,76.38,69693.28
Avadhpuri,1,1,642,Unfurnished,1-5 years,37.07,40030.84
Ayodhya nagar,2,2,878,Unfurnished,1-5 years,46.79,37650.43
Anand nagar,1,1,464,Fully Furnished,New,25.6,30208.96
Vikas Nagar,3,3,1208,Fully Furnished,1-5 years,68.27,78203.31
Avadhpuri,5,4,2579,Fully Furnished,New,152.14,124217.79
kohefiza,1,1,535,Semi Furnished,New,37.32,36432.02
kohefiza,2,2,1130,Fully Furnished,1-5 years,52.74,48387.74
eidgah hills,1,1,564,Fully Furnished,New,36.72,37198.33
Nizamuddin colony,2,2,953,Unfurnished,New,43.34,48353.43
Ashoka garden,3,3,1451,Semi Furnished,5-10 years,92.63,84733.97
Vikas Nagar,5,4,2896,Semi Furnished,10+ years,167.5,143851.2
Chuna Bhatti,4,3,1870,Unfurnished,5-10 years,100.76,120736.4
jahangirabad,1,1,649,Fully Furnished,10+ years,45.2,42567.96
Bairagarh,1,1,496,Unfurnished,5-10 years,20.64,18447.34
Saket nagar,2,2,796,Unfurnished,10+ years,54.12,52291.44
jahangirabad,3,3,1508,Semi Furnished,5-10 years,85.21,90679.95
Arjun Nagar,2,2,777,Fully Furnished,10+ years,36.1,32385.79
Minal,4,3,1956,Fully Furnished,10+ years,84.42,82221.2
Habibganj,1,1,476,Semi Furnished,5-10 years,21.98,22378.91
Karond,4,3,1697,Unfurnished,5-10 years,91.7,94148.77
jahangirabad,1,1,537,Semi Furnished,5-10 years,32.32,27862.37
Piplani,4,3,2137,Unfurnished,1-5 years,102.46,87433.45
Hoshangabad Road,5,4,2340,Fully Furnished,5-10 years,138.79,134075.79
Avadhpuri,5,4,2757,Semi Furnished,10+ years,162.23,177248.17
Hoshangabad Road,1,1,415,Semi Furnished,10+ years,18.63,18335.57
Shivaji Nagar,5,4,2212,Unfurnished,New,134.86,157324.87
Kamla Nagar,4,3,1898,Fully Furnished,10+ years,110.82,127301.88
char Imli,4,3,1755,Fully Furnished,New,88.57,95551.15
Avadhpuri,3,3,1188,Unfurnished,10+ years,48.66,51747.81
Shyamla Hills,3,3,1473,Unfurnished,5-10 years,83.88,100373.25
chuna bhatti,3,3,1349,Unfurnished,10+ years,85.1,100667.23
Service road,4,3,1718,Unfurnished,1-5 years,105.88,107140.76
Habibganj,2,2,738,Semi Furnished,10+ years,40.67,46139.62
ibrahimpura,3,3,1080,Unfurnished,10+ years,49.48,46927.01
Shivaji Nagar,2,2,891,Unfurnished,New,42.12,36464.87
MP Nagar,5,4,2019,Fully Furnished,New,138.35,163551.98
Lalghati,1,1,622,Fully Furnished,10+ years,31.03,29760.67
Ashoka garden,5,4,2610,Fully Furnished,5-10 years,127.72,138622.31
Ashoka garden,5,4,2768,Semi Furnished,1-5 years,181.39,156659.09
Anand nagar,5,4,2812,Fully Furnished,10+ years,168.04,183262.61
Vikas Nagar,4,3,1768,Semi Furnished,New,123.26,124864.05
ibrahimpura,3,3,1298,Fully Furnished,5-10 years,67.05,64090.43
Karond,4,3,1511,Semi Furnished,5-10 years,102.41,105094.52
Bawadiya Kalan,5,4,2799,Unfurnished,5-10 years,170.95,167561.33
Karond,5,4,2135,Semi Furnished,10+ years,138.87,119836.25
Saket nagar,1,1,752,Unfurnished,5-10 years,50.34,55566.88
Habibganj,4,3,1611,Unfurnished,5-10 years,103.12,108166.88
Saket nagar,5,4,2307,Unfurnished,1-5 years,93.42,75129.49
VIP road,5,4,2594,Semi Furnished,10+ years,165.59,176107.14
Saket nagar,4,3,1803,Unfurnished,5-10 years,103.3,93121.97
Arjun Nagar,1,1,660,Semi Furnished,5-10 years,32.13,30530.23
Anand nagar,2,2,996,Fully Furnished,1-5 years,65.46,68155.72
Lalghati,4,3,1680,Unfurnished,10+ years,81.65,77183.45
Shanti Nagar,2,2,869,Fully Furnished,5-10 years,59.53,57633.92
Hoshangabad Road,4,3,1710,Semi Furnished,5-10 years,81.95,74073.56
Kolar hills,3,3,1088,Unfurnished,New,57.83,65232.99
Ratnagiri,2,2,930,Unfurnished,10+ years,62.75,71763.68
Govindpura,5,4,2979,Semi Furnished,1-5 years,142.02,115955.87
Ayodhya bypass,3,3,1104,Unfurnished,5-10 years,70.51,77722.38
Service road,2,2,1021,Unfurnished,5-10 years,48.99,58599.88
Saket nagar,1,1,764,Fully Furnished,1-5 years,30.56,24606.47
Indrapuri,2,2,1154,Fully Furnished,1-5 years,49.49,47294.1
Habibganj,1,1,576,Fully Furnished,5-10 years,27.89,27602.66
Ayodhya nagar,2,2,997,Semi Furnished,New,52.9,43038.89
Vijay nagar,5,4,2105,Semi Furnished,10+ years,89.57,106630.36
Service road,5,4,2771,Fully Furnished,New,131.11,144994.3
Chuna Bhatti,3,3,1319,Semi Furnished,5-10 years,55.38,59466.44
ibrahimpura,2,2,1146,Fully Furnished,1-5 years,70.91,79591.97
Habibganj,5,4,2681,Unfurnished,5-10 years,110.52,121038.34
Barkheda,4,3,1529,Unfurnished,New,96.94,105413.89
Prabhat petrol pump,5,4,2402,Fully Furnished,New,126.09,107380.82
Anand nagar,4,3,2099,Semi Furnished,10+ years,104.06,115485.3
Kolar hills,4,3,1512,Semi Furnished,1-5 years,81.93,72857.53
Arera Colony,4,3,1752,Semi Furnished,New,98.62,111129.14
Minal,1,1,606,Unfurnished,New,27.92,27863.67
Narela,5,4,2429,Unfurnished,1-5 years,108.0,107033.14
Ashoka garden,2,2,891,Semi Furnished,1-5 years,38.79,31305.43
Hoshangabad Road,2,2,809,Semi Furnished,New,53.12,58654.08
chuna bhatti,2,2,1159,Unfurnished,10+ years,64.98,70939.63
Service road,4,3,1860,Unfurnished,10+ years,90.52,106253.6
VIP road,2,2,877,Fully Furnished,New,52.22,48189.29
Bairagarh,4,3,1830,Unfurnished,1-5 years,117.9,115353.84
Gulmohar,5,4,2992,Unfurnished,10+ years,171.16,161481.58
MP Nagar,1,1,646,Unfurnished,5-10 years,38.17,32332.01
Shanti Nagar,4,3,1513,Fully Furnished,New,69.04,67099.22
Habibganj,1,1,536,Unfurnished,1-5 years,23.14,23472.1
VIP road,3,3,1099,Fully Furnished,10+ years,51.76,62065.72
Piplani,4,3,1762,Unfurnished,New,86.54,77670.42
Kolar Road,3,3,1383,Fully Furnished,10+ years,82.25,76917.66
Saket nagar,5,4,2657,Unfurnished,1-5 years,177.16,179308.63
Hoshangabad Road,2,2,1030,Unfurnished,New,59.99,64713.83
Minal,1,1,640,Fully Furnished,1-5 years,43.86,42528.06
Ayodhya bypass,1,1,786,Fully Furnished,10+ years,37.42,43000.03
Misrod,1,1,521,Unfurnished,New,26.47,23566.73
Habibganj,3,3,1171,Semi Furnished,5-10 years,50.16,49858.6
Kolar hills,5,4,2734,Semi Furnished,10+ years,179.18,166410.86
Saket nagar,2,2,1077,Semi Furnished,5-10 years,43.57,45487.83
Shanti Nagar,2,2,912,Fully Furnished,10+ years,42.37,44967.24
Bairagarh,4,3,1641,Semi Furnished,New,66.02,54071.17
Shanti Nagar,4,3,1700,Fully Furnished,10+ years,106.66,88888.0
Gandhi nagar,5,4,2940,Semi Furnished,1-5 years,153.41,134745.26
Prabhat petrol pump,1,1,779,Unfurnished,1-5 years,47.47,41393.95
MP Nagar,1,1,588,Fully Furnished,10+ years,39.86,41940.72
Prabhat petrol pump,1,1,544,Fully Furnished,5-10 years,33.59,34679.14
Bairagarh,2,2,1085,Unfurnished,1-5 years,47.07,41504.62
Ayodhya bypass,1,1,603,Semi Furnished,New,39.67,34154.3
Gandhi nagar,5,4,2992,Fully Furnished,New,148.03,161589.58
Kolar hills,3,3,1013,Fully Furnished,1-5 years,68.95,72089.24
jahangirabad,2,2,1106,Unfurnished,New,48.95,55320.58
Tajul masjid,2,2,1045,Semi Furnished,New,72.64,76494.26
jahangirabad,1,1,788,Fully Furnished,1-5 years,33.16,38174.52
Anand nagar,4,3,1566,Semi Furnished,10+ years,78.14,92840.42
Saket nagar,4,3,1735,Semi Furnished,10+ years,89.37,83631.0
Misrod,5,4,2317,Fully Furnished,5-10 years,134.02,130907.91
Anand nagar,4,3,1545,Unfurnished,10+ years,68.95,82327.72
Hoshangabad Road,3,3,1527,Semi Furnished,New,63.83,61738.33
Minal,1,1,642,Unfurnished,1-5 years,42.69,38024.37
Vijay nagar,3,3,1188,Semi Furnished,5-10 years,82.38,91543.42
Narela,1,1,532,Unfurnished,New,27.92,30344.98
Chuna Bhatti,4,3,1594,Unfurnished,10+ years,77.14,65529.01
Govindpura,4,3,1584,Semi Furnished,New,101.73,113196.85
Piplani,2,2,737,Semi Furnished,New,50.41,58651.52
Arjun Nagar,5,4,2815,Unfurnished,New,140.43,150049.76
Saket nagar,5,4,2135,Semi Furnished,10+ years,138.07,136976.07
Bawadiya Kalan,4,3,1901,Fully Furnished,5-10 years,78.22,79691.25
Barkheda,2,2,884,Semi Furnished,New,50.69,42473.36
sultaniya road,1,1,618,Semi Furnished,5-10 years,26.44,23390.04
Gulmohar,2,2,1181,Unfurnished,10+ years,73.83,74758.81
MP Nagar,3,3,1403,Unfurnished,5-10 years,63.25,51051.34
Arjun Nagar,3,3,1035,Fully Furnished,5-10 years,52.94,45404.3
Vijay nagar,5,4,2257,Fully Furnished,5-10 years,154.81,154137.64
Indrapuri,5,4,2636,Fully Furnished,New,149.63,119712.4
Minal,1,1,617,Unfurnished,New,30.7,29175.26
Roshanpura,2,2,1145,Unfurnished,New,72.26,71693.99
New market,3,3,1108,Unfurnished,5-10 years,60.56,50989.7
Barkheda,1,1,653,Fully Furnished,5-10 years,42.81,48810.53
Govindpura,1,1,716,Unfurnished,10+ years,32.09,37001.29
Ratnagiri,5,4,2478,Fully Furnished,1-5 years,164.45,144735.75
Ayodhya bypass,1,1,727,Fully Furnished,10+ years,36.91,38888.95
Bittan Market,5,4,2817,Semi Furnished,New,148.35,140682.84
Gandhi nagar,4,3,1445,Unfurnished,5-10 years,87.5,94657.22
Narela,4,3,1520,Unfurnished,5-10 years,95.25,104044.08
Shivaji Nagar,5,4,2796,Semi Furnished,New,148.14,125421.69
Kamla Nagar,3,3,1406,Semi Furnished,1-5 years,93.67,100261.22
Shyamla Hills,4,3,2057,Semi Furnished,1-5 years,128.46,133519.84
Arera Colony,3,3,1264,Semi Furnished,New,66.9,77559.93
Shivaji Nagar,2,2,1123,Fully Furnished,10+ years,77.08,91600.56
Narela,3,3,1235,Fully Furnished,1-5 years,70.94,62686.74
char Imli,4,3,2040,Semi Furnished,10+ years,124.82,102174.14
eidgah hills,4,3,1501,Semi Furnished,1-5 years,82.77,70421.81
Gulmohar,2,2,761,Unfurnished,1-5 years,38.27,31796.25
Nizamuddin colony,4,3,2106,Unfurnished,1-5 years,143.48,153707.89
Shyamla Hills,3,3,1566,Semi Furnished,5-10 years,104.75,90013.67
Vijay nagar,3,3,1011,Semi Furnished,10+ years,67.72,67682.04
Avadhpuri,1,1,795,Semi Furnished,5-10 years,37.87,39143.75
Hoshangabad Road,3,3,1429,Semi Furnished,5-10 years,99.75,100645.91
ibrahimpura,4,3,1414,Fully Furnished,5-10 years,81.88,80580.17
Misrod,1,1,704,Semi Furnished,1-5 years,40.66,48644.4
Avadhpuri,3,3,1296,Unfurnished,1-5 years,58.75,56656.34
Nizamuddin colony,4,3,1829,Fully Furnished,10+ years,73.48,82181.21
jahangirabad,4,3,1871,Semi Furnished,New,91.01,103718.77
Kamla Nagar,3,3,1029,Unfurnished,New,53.0,55439.56
Arjun Nagar,5,4,2517,Fully Furnished,5-10 years,160.05,131482.54
Kolar Road,3,3,1267,Fully Furnished,New,58.83,67804.17
ibrahimpura,5,4,2268,Unfurnished,5-10 years,126.66,132877.12
Arjun Nagar,4,3,1489,Semi Furnished,1-5 years,102.81,115320.38
Kolar hills,2,2,885,Fully Furnished,1-5 years,49.52,58015.92
Gulmohar,4,3,1749,Fully Furnished,10+ years,115.93,101911.51
Barkheda,5,4,2012,Fully Furnished,New,136.5,137275.09
kohefiza,3,3,1256,Unfurnished,10+ years,71.21,81531.59
Gandhi nagar,1,1,406,Unfurnished,5-10 years,24.06,23858.24
Bittan Market,3,3,1402,Fully Furnished,5-10 years,59.12,56533.31
Misrod,1,1,459,Semi Furnished,New,22.54,26455.86
sultaniya road,5,4,2195,Semi Furnished,1-5 years,127.92,117676.35
char Imli,1,1,659,Fully Furnished,10+ years,40.2,36189.1
Bairagarh,1,1,733,Semi Furnished,New,43.1,50751.33
Karond,1,1,609,Fully Furnished,5-10 years,35.16,40404.41
Shyamla Hills,5,4,2834,Unfurnished,5-10 years,168.2,155003.58
jahangirabad,4,3,1796,Unfurnished,New,109.41,127250.28
Saket nagar,3,3,1570,Unfurnished,5-10 years,83.54,96995.86
New market,3,3,1427,Unfurnished,1-5 years,61.95,61181.91
Gandhi nagar,2,2,1142,Unfurnished,10+ years,63.5,56004.71
Ayodhya bypass,5,4,2006,Fully Furnished,10+ years,85.62,101836.74
eidgah hills,1,1,428,Unfurnished,1-5 years,20.83,17281.2
Kolar Road,1,1,470,Semi Furnished,10+ years,30.63,31209.29
Piplani,1,1,634,Unfurnished,10+ years,36.6,42880.52
Saket nagar,1,1,666,Fully Furnished,New,39.38,38931.27
sultaniya road,5,4,2419,Fully Furnished,1-5 years,145.69,151880.1
Habibganj,2,2,1133,Fully Furnished,New,70.88,78195.97
Kamla Nagar,5,4,2544,Semi Furnished,1-5 years,160.38,175664.16
Govindpura,4,3,2117,Unfurnished,10+ years,124.47,141138.66
Piplani,5,4,2737,Semi Furnished,10+ years,124.49,132776.93
Piplani,3,3,1211,Semi Furnished,New,63.33,67623.37
Kolar hills,4,3,1528,Semi Furnished,5-10 years,80.5,69098.19
Saket nagar,3,3,1086,Unfurnished,New,52.69,50573.35
char Imli,2,2,702,Semi Furnished,1-5 years,39.23,31414.32
Shanti Nagar,4,3,1647,Fully Furnished,5-10 years,87.67,95428.43
Sonagiri,5,4,2976,Fully Furnished,10+ years,136.94,113009.23
Roshanpura,2,2,1059,Semi Furnished,5-10 years,56.16,46318.02
Anand nagar,5,4,2059,Semi Furnished,1-5 years,108.32,106297.99
Govindpura,3,3,1451,Fully Furnished,1-5 years,99.84,112314.2
Bairagarh,3,3,1346,Semi Furnished,10+ years,54.31,55570.95
Sonagiri,4,3,1969,Unfurnished,New,123.87,127520.66
Roshanpura,5,4,2229,Fully Furnished,10+ years,152.88,150851.21
Karond,5,4,2247,Semi Furnished,10+ years,99.76,84020.82
Vikas Nagar,4,3,1925,Unfurnished,New,94.44,81595.85
Ayodhya nagar,3,3,1012,Fully Furnished,New,58.07,52093.99
Narela,1,1,765,Unfurnished,5-10 years,37.31,31400.43
Gulmohar,3,3,1465,Fully Furnished,5-10 years,98.34,96310.64
Gandhi nagar,5,4,2386,Semi Furnished,New,139.52,164660.26
Vikas Nagar,5,4,2531,Fully Furnished,New,134.06,128481.79
Bairagarh,5,4,2413,Fully Furnished,10+ years,129.75,105681.19
Shyamla Hills,5,4,2566,Unfurnished,1-5 years,166.21,146185.31
Bairagarh,5,4,2498,Fully Furnished,5-10 years,165.42,169965.08
sultaniya road,1,1,675,Fully Furnished,5-10 years,31.9,27441.17
sultaniya road,1,1,535,Unfurnished,1-5 years,30.71,33186.47
Arjun Nagar,1,1,760,Fully Furnished,5-10 years,49.14,52358.07
VIP road,3,3,1092,Fully Furnished,10+ years,75.94,79553.73
Shyamla Hills,1,1,569,Semi Furnished,5-10 years,38.85,33301.4
kohefiza,3,3,1026,Fully Furnished,10+ years,60.5,65188.19
Indrapuri,2,2,947,Fully Furnished,10+ years,37.9,40691.3
Shivaji Nagar,2,2,970,Semi Furnished,5-10 years,52.44,61268.15
Anand nagar,4,3,1628,Fully Furnished,1-5 years,95.11,104784.77
Indrapuri,2,2,994,Unfurnished,10+ years,42.37,35692.71
Indrapuri,2,2,938,Unfurnished,10+ years,43.93,46271.58
sultaniya road,4,3,2057,Unfurnished,New,90.15,87531.99
Bawadiya Kalan,1,1,757,Fully Furnished,5-10 years,42.72,42835.1
Narela,1,1,439,Unfurnished,10+ years,21.87,18985.22
Barkheda,2,2,1048,Semi Furnished,New,55.69,59257.17
Kolar hills,2,2,839,Semi Furnished,1-5 years,35.03,35971.88
Arjun Nagar,1,1,473,Semi Furnished,New,32.11,36887.94
Saket nagar,1,1,476,Unfurnished,1-5 years,31.3,32225.36
Shyamla Hills,4,3,1804,Semi Furnished,1-5 years,86.2,72241.38
Chuna Bhatti,3,3,1480,Unfurnished,1-5 years,80.29,67293.24
Shyamla Hills,3,3,1226,Unfurnished,New,71.64,71002.1
eidgah hills,3,3,1251,Semi Furnished,New,66.51,66351.05
Piplani,4,3,1979,Unfurnished,New,79.96,65996.01
Piplani,3,3,1463,Unfurnished,1-5 years,99.78,99510.51
Ayodhya bypass,3,3,1443,Fully Furnished,1-5 years,76.87,76377.43
Arjun Nagar,5,4,2104,Semi Furnished,1-5 years,113.59,112773.73
Kamla Nagar,3,3,1317,Fully Furnished,1-5 years,60.79,65138.09
Bairagarh,4,3,1724,Fully Furnished,10+ years,112.6,101920.43
VIP road,2,2,1176,Semi Furnished,New,71.8,70156.79
Ratnagiri,2,2,763,Fully Furnished,5-10 years,36.27,39912.5
sultaniya road,1,1,465,Unfurnished,5-10 years,25.5,23694.06
VIP road,4,3,1964,Fully Furnished,5-10 years,100.68,80581.1
Minal,4,3,1553,Unfurnished,10+ years,94.91,82382.82
Gandhi nagar,3,3,1027,Unfurnished,5-10 years,57.0,47268.78
VIP road,1,1,577,Semi Furnished,New,25.84,21516.09
Ayodhya nagar,4,3,1663,Semi Furnished,New,78.87,74831.96
Indrapuri,1,1,594,Semi Furnished,5-10 years,24.29,23427.54
Bawadiya Kalan,1,1,602,Unfurnished,10+ years,31.63,30522.35
Tajul masjid,1,1,471,Semi Furnished,New,19.65,16677.96
Indrapuri,1,1,714,Semi Furnished,1-5 years,45.28,43682.98
Ayodhya nagar,5,4,2022,Unfurnished,1-5 years,131.84,126954.58
Kolar Road,5,4,2138,Unfurnished,New,119.02,131498.61
Barkheda,4,3,1618,Unfurnished,10+ years,66.26,69879.94
Ashoka garden,5,4,2979,Fully Furnished,5-10 years,176.95,173593.11
Ayodhya nagar,1,1,759,Fully Furnished,10+ years,45.79,37718.29
VIP road,3,3,1367,Semi Furnished,New,79.84,75808.5
chuna bhatti,2,2,964,Unfurnished,New,40.85,46237.12
ibrahimpura,5,4,2797,Unfurnished,New,127.71,121933.24
Kolar hills,5,4,2542,Fully Furnished,New,175.93,141964.71
Nizamuddin colony,4,3,2178,Fully Furnished,New,123.5,117731.99
Hoshangabad Road,5,4,2876,Fully Furnished,10+ years,175.58,191132.24
Barkheda,2,2,1154,Unfurnished,1-5 years,57.04,52418.13
VIP road,1,1,591,Unfurnished,1-5 years,31.68,36217.96
Gulmohar,5,4,2614,Unfurnished,1-5 years,117.45,122342.35
Karond,1,1,598,Semi Furnished,New,31.01,31644.02
Vijay nagar,2,2,796,Fully Furnished,New,48.61,57152.98
kohefiza,2,2,788,Unfurnished,10+ years,32.39,33953.97
Bairagarh,4,3,1495,Unfurnished,New,78.05,88368.14
Arera Colony,1,1,768,Fully Furnished,10+ years,47.47,53846.47
Roshanpura,5,4,2072,Fully Furnished,1-5 years,93.28,93767.82
sultaniya road,5,4,2524,Semi Furnished,10+ years,132.56,119246.73
Shanti Nagar,5,4,2641,Semi Furnished,New,182.8,172696.47
Service road,4,3,1799,Semi Furnished,New,77.9,83649.42
New market,3,3,1114,Semi Furnished,1-5 years,56.22,48479.78
Roshanpura,3,3,1389,Unfurnished,1-5 years,76.74,83895.75
Kamla Nagar,1,1,560,Semi Furnished,New,24.31,26123.88
Bairagarh,1,1,404,Unfurnished,1-5 years,19.51,22384.42
Hoshangabad Road,1,1,591,Semi Furnished,5-10 years,39.58,34079.65
VIP road,3,3,1002,Fully Furnished,New,43.66,49586.8
Narela,5,4,2136,Semi Furnished,10+ years,105.53,120861.21
Bawadiya Kalan,2,2,894,Unfurnished,New,46.42,55627.66
chuna bhatti,1,1,749,Fully Furnished,New,41.84,44817.03
Kolar Road,5,4,2405,Unfurnished,10+ years,98.08,98461.48
Saket nagar,1,1,463,Fully Furnished,10+ years,19.25,22110.19
Hoshangabad Road,1,1,599,Fully Furnished,1-5 years,30.17,35245.27
jahangirabad,4,3,2175,Fully Furnished,10+ years,102.09,97840.51
Arjun Nagar,5,4,2118,Unfurnished,1-5 years,101.91,109020.64
Kamla Nagar,1,1,602,Semi Furnished,New,30.38,32214.77
Bairagarh,5,4,2837,Fully Furnished,5-10 years,178.82,182808.4
Bittan Market,4,3,1574,Semi Furnished,1-5 years,99.83,105014.0
Ashoka garden,4,3,2082,Fully Furnished,New,128.95,151389.48
Shivaji Nagar,4,3,1473,Fully Furnished,1-5 years,93.97,96343.01
Nizamuddin colony,1,1,756,Unfurnished,10+ years,31.88,36109.8
Roshanpura,3,3,1448,Fully Furnished,10+ years,95.51,90549.96
chuna bhatti,3,3,1427,Fully Furnished,1-5 years,99.41,89570.51
Arera Colony,4,3,1760,Unfurnished,10+ years,109.47,88628.46
Avadhpuri,1,1,503,Fully Furnished,1-5 years,29.1,24075.18
Saket nagar,3,3,1598,Fully Furnished,10+ years,84.25,72169.19
Vikas Nagar,3,3,1491,Unfurnished,1-5 years,83.75,70122.21
Roshanpura,5,4,2486,Fully Furnished,1-5 years,106.6,121740.1
Vikas Nagar,2,2,1054,Fully Furnished,1-5 years,49.03,39775.39
Habibganj,3,3,1515,Unfurnished,New,102.57,122473.34
Misrod,2,2,849,Fully Furnished,1-5 years,35.81,40574.22
Misrod,1,1,417,Fully Furnished,5-10 years,26.57,26402.91
kohefiza,1,1,616,Fully Furnished,1-5 years,26.64,29846.87
Shanti Nagar,3,3,1282,Fully Furnished,1-5 years,80.87,71823.09
Ashoka garden,3,3,1366,Fully Furnished,1-5 years,63.8,68864.52
Vikas Nagar,2,2,751,Unfurnished,10+ years,44.25,42438.75
Karond,2,2,951,Unfurnished,New,44.05,39091.97
Chuna Bhatti,1,1,737,Semi Furnished,1-5 years,41.18,45806.11
Bawadiya Kalan,3,3,1112,Unfurnished,10+ years,52.78,52029.15
Saket nagar,5,4,2264,Unfurnished,10+ years,110.31,131186.2
Minal,2,2,1073,Semi Furnished,1-5 years,48.95,43729.57
Habibganj,1,1,681,Fully Furnished,1-5 years,32.44,29563.41
Nizamuddin colony,1,1,731,Fully Furnished,10+ years,43.06,43489.77
Indrapuri,1,1,523,Fully Furnished,5-10 years,35.89,33371.94
New market,2,2,927,Unfurnished,10+ years,59.76,54732.93
Arjun Nagar,4,3,1692,Semi Furnished,1-5 years,68.06,66148.03
char Imli,3,3,1059,Unfurnished,New,66.12,77240.08
Hoshangabad Road,5,4,2782,Fully Furnished,New,120.86,106251.34
Shyamla Hills,5,4,2889,Unfurnished,10+ years,144.97,116161.93
eidgah hills,2,2,1118,Fully Furnished,New,68.93,71024.06
Arera Colony,1,1,603,Fully Furnished,10+ years,37.28,38200.53
Hoshangabad Road,5,4,2236,Fully Furnished,10+ years,128.88,129546.79
Sonagiri,3,3,1469,Semi Furnished,10+ years,69.5,81531.3
Arera Colony,5,4,2019,Unfurnished,1-5 years,105.61,117200.29
Saket nagar,2,2,787,Fully Furnished,10+ years,52.37,58979.1
Ayodhya nagar,2,2,767,Fully Furnished,5-10 years,33.33,33216.99
Habibganj,5,4,2940,Semi Furnished,10+ years,154.25,127382.86
Shivaji Nagar,3,3,1063,Unfurnished,5-10 years,66.3,62874.38
Shyamla Hills,3,3,1330,Semi Furnished,10+ years,80.85,87033.12
Anand nagar,3,3,1106,Semi Furnished,1-5 years,46.89,37590.28
Arjun Nagar,2,2,1094,Semi Furnished,10+ years,72.23,85970.02
Ayodhya nagar,2,2,992,Unfurnished,1-5 years,40.04,34938.08
kohefiza,3,3,1303,Unfurnished,1-5 years,76.85,62717.12
Chuna Bhatti,1,1,691,Unfurnished,10+ years,46.81,44001.69
Misrod,3,3,1143,Fully Furnished,1-5 years,65.06,71572.13
Gandhi nagar,4,3,2093,Semi Furnished,1-5 years,113.39,101871.47
MP Nagar,5,4,2601,Semi Furnished,1-5 years,114.84,121856.52
Kamla Nagar,4,3,1714,Fully Furnished,New,85.46,82614.81
Arjun Nagar,2,2,882,Unfurnished,10+ years,55.04,58751.27
Shivaji Nagar,4,3,2042,Fully Furnished,5-10 years,137.6,134062.46
Sonagiri,5,4,2718,Fully Furnished,10+ years,176.18,154970.34
Bittan Market,4,3,1593,Fully Furnished,10+ years,102.33,89474.3
Service road,3,3,1130,Semi Furnished,New,60.48,59059.9
Bairagarh,5,4,2400,Semi Furnished,1-5 years,146.58,131625.97
chuna bhatti,5,4,2911,Semi Furnished,5-10 years,121.28,98602.5
jahangirabad,3,3,1593,Unfurnished,5-10 years,103.94,108734.69
sultaniya road,1,1,799,Fully Furnished,5-10 years,32.52,36462.88
Arjun Nagar,5,4,2312,Unfurnished,New,97.33,113486.67
chuna bhatti,4,3,1460,Semi Furnished,5-10 years,84.92,82256.14
Habibganj,3,3,1364,Unfurnished,10+ years,70.84,73244.26
Prabhat petrol pump,3,3,1546,Fully Furnished,10+ years,64.82,76452.09
Lalghati,4,3,1564,Unfurnished,1-5 years,104.64,101887.49
Lalghati,5,4,2239,Semi Furnished,10+ years,93.26,94116.85
Karond,3,3,1449,Unfurnished,5-10 years,80.64,90285.97
Lalghati,3,3,1383,Fully Furnished,New,84.1,84148.82
Nizamuddin colony,2,2,1118,Semi Furnished,1-5 years,55.11,61544.22
Bairagarh,2,2,859,Semi Furnished,5-10 years,35.45,31402.62
Chuna Bhatti,4,3,1599,Fully Furnished,New,82.86,91332.55
Narela,1,1,740,Unfurnished,New,44.89,43943.54
Bawadiya Kalan,4,3,1758,Semi Furnished,10+ years,97.84,101278.97
Roshanpura,5,4,2358,Unfurnished,1-5 years,117.46,134876.72
Shivaji Nagar,2,2,1137,Semi Furnished,10+ years,73.66,76288.41
Karond,2,2,994,Semi Furnished,10+ years,62.54,57487.56
Minal,2,2,840,Fully Furnished,1-5 years,55.72,60915.82
Arjun Nagar,2,2,924,Semi Furnished,5-10 years,57.76,55916.37
Govindpura,1,1,559,Semi Furnished,5-10 years,36.91,40309.22
jahangirabad,3,3,1568,Semi Furnished,1-5 years,85.97,73993.17
Avadhpuri,5,4,2240,Fully Furnished,New,146.33,172105.52
Kolar hills,5,4,2282,Semi Furnished,10+ years,106.55,106212.05
Habibganj,3,3,1364,Fully Furnished,1-5 years,71.89,79847.79
char Imli,1,1,748,Unfurnished,1-5 years,37.19,32492.51
kohefiza,1,1,493,Fully Furnished,1-5 years,31.93,28748.62
Govindpura,1,1,746,Fully Furnished,New,31.19,36247.62
VIP road,2,2,721,Fully Furnished,New,47.86,56244.42
Bittan Market,3,3,1337,Fully Furnished,1-5 years,86.45,100497.53
Minal,4,3,2027,Semi Furnished,10+ years,87.86,103448.76
chuna bhatti,3,3,1398,Unfurnished,1-5 years,71.98,68712.71
Nizamuddin colony,5,4,2151,Semi Furnished,1-5 years,122.79,145466.22
Vikas Nagar,1,1,539,Unfurnished,1-5 years,35.01,37517.22
Arera Colony,2,2,1103,Unfurnished,1-5 years,44.69,42737.4
Prabhat petrol pump,4,3,1858,Unfurnished,New,80.62,77589.07
kohefiza,1,1,536,Fully Furnished,10+ years,36.72,34357.9
Saket nagar,3,3,1178,Unfurnished,5-10 years,48.23,51664.65
Ayodhya bypass,4,3,2199,Semi Furnished,5-10 years,108.35,87837.24
Ashoka garden,5,4,2159,Semi Furnished,1-5 years,142.29,138618.4
kohefiza,5,4,2900,Fully Furnished,10+ years,132.08,138185.15
Lalghati,4,3,1818,Fully Furnished,5-10 years,87.79,93091.09
eidgah hills,1,1,777,Unfurnished,New,41.21,34539.02
Vikas Nagar,2,2,1156,Unfurnished,New,59.72,50829.74
Govindpura,4,3,2024,Fully Furnished,1-5 years,132.91,150036.7
Piplani,5,4,2578,Semi Furnished,1-5 years,156.15,137639.22
Narela,1,1,742,Fully Furnished,1-5 years,43.2,46812.37
Narela,3,3,1299,Unfurnished,10+ years,90.92,96040.8
Shivaji Nagar,4,3,2164,Unfurnished,New,96.77,77548.13
sultaniya road,1,1,717,Unfurnished,1-5 years,36.69,39696.4
Bawadiya Kalan,5,4,2565,Fully Furnished,10+ years,164.25,168958.04
MP Nagar,3,3,1042,Semi Furnished,1-5 years,61.74,54187.99
Govindpura,5,4,2753,Semi Furnished,1-5 years,140.97,164782.37
Tajul masjid,2,2,1010,Fully Furnished,New,65.55,60993.77
Arjun Nagar,1,1,482,Fully Furnished,10+ years,21.54,17660.02
Minal,3,3,1304,Semi Furnished,10+ years,90.2,108083.38
Arjun Nagar,3,3,1357,Semi Furnished,10+ years,73.46,85659.65
Gulmohar,5,4,2317,Semi Furnished,5-10 years,113.31,103033.03
chuna bhatti,4,3,1900,Fully Furnished,New,84.78,82284.56
kohefiza,2,2,1139,Semi Furnished,1-5 years,46.85,37740.93
Shyamla Hills,5,4,2479,Fully Furnished,1-5 years,173.47,142369.57
Bairagarh,5,4,2806,Fully Furnished,1-5 years,185.03,182630.4
Habibganj,4,3,2043,Semi Furnished,New,87.85,82519.16
kohefiza,2,2,869,Unfurnished,New,56.75,60623.98
Misrod,3,3,1472,Unfurnished,10+ years,68.44,77136.08
ibrahimpura,3,3,1235,Fully Furnished,10+ years,63.64,65346.03
Barkheda,3,3,1249,Fully Furnished,1-5 years,54.51,49447.75
Prabhat petrol pump,4,3,1812,Semi Furnished,10+ years,73.62,60529.82
Kolar hills,4,3,2008,Semi Furnished,1-5 years,124.18,113285.8
Arjun Nagar,2,2,840,Semi Furnished,5-10 years,57.92,51762.62
Indrapuri,4,3,1436,Fully Furnished,10+ years,99.88,118108.77
Ayodhya nagar,4,3,1415,Fully Furnished,5-10 years,79.78,66546.77
Avadhpuri,1,1,629,Fully Furnished,New,37.89,44343.05
New market,2,2,924,Unfurnished,New,64.0,61643.36
Ratnagiri,5,4,2526,Fully Furnished,5-10 years,109.36,122246.78
jahangirabad,1,1,429,Unfurnished,1-5 years,27.38,28296.99
Chuna Bhatti,2,2,1178,Semi Furnished,New,56.5,66453.94
kohefiza,3,3,1531,Fully Furnished,5-10 years,70.04,78803.85
Habibganj,5,4,2345,Semi Furnished,1-5 years,157.82,132957.55
Ayodhya nagar,1,1,782,Unfurnished,5-10 years,50.36,56497.03
Bittan Market,4,3,1783,Unfurnished,10+ years,80.61,90204.68
Shivaji Nagar,2,2,1069,Fully Furnished,1-5 years,55.68,51105.61
Sonagiri,5,4,2244,Fully Furnished,10+ years,96.91,89453.07
Ashoka garden,1,1,576,Unfurnished,10+ years,26.46,23923.43
Avadhpuri,2,2,952,Unfurnished,5-10 years,62.75,72178.25
Shyamla Hills,2,2,1022,Semi Furnished,New,57.48,52322.63
Bairagarh,3,3,1119,Unfurnished,5-10 years,65.61,73769.36
Govindpura,3,3,1113,Fully Furnished,5-10 years,55.38,44938.23
jahangirabad,3,3,1017,Fully Furnished,1-5 years,70.83,65847.85
Minal,4,3,1485,Fully Furnished,5-10 years,87.86,85824.5
New market,5,4,2130,Semi Furnished,5-10 years,127.46,108492.28
Sonagiri,2,2,818,Fully Furnished,1-5 years,34.69,41505.22
Bittan Market,5,4,2381,Semi Furnished,10+ years,125.86,118013.11
Shanti Nagar,2,2,776,Semi Furnished,10+ years,42.89,44507.31
Indrapuri,4,3,2134,Semi Furnished,5-10 years,98.93,99906.94
kohefiza,3,3,1220,Semi Furnished,5-10 years,56.34,65068.36
Hoshangabad Road,3,3,1581,Unfurnished,1-5 years,109.63,127434.03
eidgah hills,4,3,1622,Semi Furnished,10+ years,84.82,83079.67
Nizamuddin colony,2,2,822,Unfurnished,1-5 years,57.41,57066.22
Roshanpura,2,2,830,Fully Furnished,10+ years,48.93,43182.6
Vikas Nagar,2,2,785,Fully Furnished,5-10 years,37.88,32589.25
Prabhat petrol pump,4,3,1471,Semi Furnished,5-10 years,59.27,49298.75
kohefiza,2,2,1069,Semi Furnished,10+ years,69.32,65253.98
Kamla Nagar,5,4,2457,Fully Furnished,5-10 years,147.79,159861.34
Ashoka garden,5,4,2496,Unfurnished,5-10 years,153.93,181481.33
Narela,2,2,883,Fully Furnished,1-5 years,44.27,42601.59
Shanti Nagar,2,2,1085,Unfurnished,New,68.6,60148.26
Karond,3,3,1469,Unfurnished,5-10 years,86.27,86172.07
Shyamla Hills,4,3,1641,Unfurnished,10+ years,112.54,129409.41
Ashoka garden,4,3,1518,Fully Furnished,New,103.49,101209.13
Vijay nagar,4,3,2176,Fully Furnished,New,146.89,159286.12
Bawadiya Kalan,3,3,1342,Unfurnished,5-10 years,89.91,76244.53
Arera Colony,4,3,1854,Fully Furnished,5-10 years,94.51,100429.78
Nizamuddin colony,3,3,1269,Semi Furnished,5-10 years,82.97,74133.29
Service road,1,1,639,Semi Furnished,5-10 years,26.07,28181.24
Saket nagar,3,3,1060,Fully Furnished,5-10 years,53.78,63529.49
Piplani,1,1,582,Semi Furnished,New,38.76,44218.74
char Imli,1,1,498,Semi Furnished,New,30.28,34403.48
Shivaji Nagar,3,3,1575,Unfurnished,10+ years,103.54,88252.76
Prabhat petrol pump,5,4,2680,Unfurnished,5-10 years,163.58,136302.81
Roshanpura,3,3,1335,Fully Furnished,New,85.47,81265.12
Nizamuddin colony,4,3,1735,Semi Furnished,New,111.05,94185.58
VIP road,2,2,1161,Fully Furnished,10+ years,79.48,78567.37
Prabhat petrol pump,3,3,1264,Fully Furnished,1-5 years,59.29,66810.05
Anand nagar,1,1,603,Unfurnished,5-10 years,37.95,33305.24
ibrahimpura,3,3,1119,Semi Furnished,10+ years,55.06,51784.88
Nizamuddin colony,2,2,773,Semi Furnished,New,52.31,58283.58
VIP road,5,4,2626,Semi Furnished,10+ years,114.55,120918.03
Bittan Market,3,3,1165,Unfurnished,5-10 years,76.8,65683.01
Saket nagar,5,4,2001,Semi Furnished,5-10 years,128.24,102792.36
eidgah hills,3,3,1557,Unfurnished,1-5 years,107.97,108381.54
Govindpura,5,4,2920,Unfurnished,10+ years,167.46,184801.61
Ratnagiri,1,1,724,Fully Furnished,5-10 years,43.21,48531.83
Saket nagar,3,3,1224,Unfurnished,1-5 years,71.78,62711.43
Piplani,5,4,2891,Semi Furnished,New,150.43,152024.84
chuna bhatti,3,3,1093,Semi Furnished,1-5 years,52.26,54325.0
Bairagarh,5,4,2382,Unfurnished,5-10 years,139.29,142178.52
Minal,5,4,2434,Semi Furnished,New,133.99,127064.21
Prabhat petrol pump,4,3,1617,Semi Furnished,10+ years,100.38,87000.13
Roshanpura,1,1,704,Fully Furnished,1-5 years,43.62,37584.99
Ratnagiri,4,3,1415,Fully Furnished,1-5 years,69.42,72319.7
Chuna Bhatti,5,4,2412,Fully Furnished,10+ years,136.68,114856.79
Ratnagiri,5,4,2023,Semi Furnished,New,97.43,80521.33
Ashoka garden,1,1,564,Semi Furnished,5-10 years,27.73,30165.52
Arjun Nagar,5,4,2820,Unfurnished,1-5 years,194.89,221971.06
Piplani,3,3,1462,Unfurnished,10+ years,68.02,55261.79
Misrod,2,2,894,Unfurnished,10+ years,58.16,57900.23
Habibganj,2,2,1138,Semi Furnished,5-10 years,61.79,59535.83
Gandhi nagar,5,4,2162,Unfurnished,10+ years,107.51,92640.96
Vijay nagar,1,1,744,Fully Furnished,5-10 years,40.04,43156.2
char Imli,1,1,419,Unfurnished,1-5 years,19.68,15979.87
Kolar hills,3,3,1518,Unfurnished,5-10 years,64.21,64373.2
Tajul masjid,3,3,1393,Unfurnished,New,66.29,66650.12
Govindpura,1,1,632,Fully Furnished,5-10 years,36.84,33612.61
Kamla Nagar,3,3,1377,Fully Furnished,1-5 years,59.39,52101.77
Arjun Nagar,4,3,1439,Fully Furnished,5-10 years,97.24,111220.94
Roshanpura,5,4,2282,Unfurnished,1-5 years,106.06,121573.33
Kolar hills,5,4,2147,Fully Furnished,5-10 years,130.85,129822.42
Misrod,4,3,1492,Fully Furnished,1-5 years,95.86,97416.43
Gandhi nagar,2,2,724,Unfurnished,New,37.99,36514.49
Misrod,2,2,946,Fully Furnished,1-5 years,55.47,47841.68
MP Nagar,1,1,755,Unfurnished,10+ years,34.38,32653.4
Chuna Bhatti,2,2,864,Semi Furnished,1-5 years,39.17,33548.37
Indrapuri,4,3,1556,Fully Furnished,1-5 years,77.65,93153.64
Arera Colony,2,2,723,Fully Furnished,10+ years,46.44,49228.87
Kolar hills,1,1,429,Fully Furnished,5-10 years,19.09,19733.46
chuna bhatti,1,1,610,Fully Furnished,5-10 years,41.88,45737.76
Anand nagar,5,4,2306,Unfurnished,10+ years,113.08,117059.41
char Imli,5,4,2710,Fully Furnished,New,167.13,192027.43
Gandhi nagar,4,3,1490,Semi Furnished,New,81.13,66373.67
jahangirabad,3,3,1347,Semi Furnished,1-5 years,83.39,91100.58
Ratnagiri,4,3,1730,Fully Furnished,10+ years,104.58,108910.79
New market,1,1,463,Fully Furnished,New,20.73,22062.27
Barkheda,3,3,1480,Semi Furnished,10+ years,87.63,104673.86
Indrapuri,5,4,2471,Semi Furnished,10+ years,153.31,164243.25
chuna bhatti,2,2,1119,Fully Furnished,10+ years,46.13,46779.23
Roshanpura,2,2,918,Semi Furnished,1-5 years,60.47,64760.61
VIP road,1,1,445,Semi Furnished,5-10 years,18.08,21353.06
Saket nagar,3,3,1320,Fully Furnished,5-10 years,90.2,87920.63
eidgah hills,5,4,2840,Unfurnished,10+ years,191.39,180427.57
Prabhat petrol pump,5,4,2110,Unfurnished,10+ years,92.53,108086.22
Narela,5,4,2499,Fully Furnished,New,130.72,152826.49
Anand nagar,5,4,2009,Semi Furnished,1-5 years,91.86,103061.88
Bittan Market,4,3,2104,Unfurnished,1-5 years,98.4,99940.14
Bittan Market,4,3,1722,Unfurnished,New,72.65,66370.51
Karond,3,3,1522,Semi Furnished,10+ years,78.66,92061.62
Piplani,2,2,1165,Fully Furnished,10+ years,64.91,70838.66
Sonagiri,3,3,1066,Unfurnished,New,43.62,36341.02
Shivaji Nagar,2,2,1040,Fully Furnished,1-5 years,67.02,62539.18
kohefiza,5,4,2836,Unfurnished,New,159.6,177622.35
Shyamla Hills,2,2,1181,Semi Furnished,New,81.88,95243.3
Hoshangabad Road,2,2,1069,Fully Furnished,1-5 years,74.58,79603.02
chuna bhatti,4,3,1646,Fully Furnished,5-10 years,69.44,79454.42
Bairagarh,3,3,1571,Semi Furnished,New,101.4,90803.6
VIP road,4,3,1937,Fully Furnished,New,123.8,105631.77
Shanti Nagar,4,3,1766,Fully Furnished,5-10 years,97.61,82425.08
Govindpura,3,3,1176,Semi Furnished,New,51.61,46035.82
Karond,5,4,2023,Semi Furnished,1-5 years,103.08,121292.68
Kolar hills,2,2,983,Unfurnished,New,45.46,53247.95
Bawadiya Kalan,2,2,1167,Semi Furnished,1-5 years,54.83,60170.99
Ashoka garden,4,3,2170,Unfurnished,1-5 years,110.47,112502.54
Arjun Nagar,2,2,1111,Unfurnished,5-10 years,47.23,41487.54
Arera Colony,4,3,1738,Fully Furnished,10+ years,110.3,88350.34
Kolar Road,4,3,1881,Fully Furnished,1-5 years,99.15,80650.54
Minal,2,2,1184,Fully Furnished,New,51.78,55860.61
Karond,4,3,1500,Fully Furnished,10+ years,63.36,60743.06
Tajul masjid,4,3,1663,Unfurnished,New,106.61,123127.86
Ayodhya bypass,5,4,2591,Unfurnished,1-5 years,173.57,187795.17
Prabhat petrol pump,4,3,1725,Semi Furnished,New,80.78,91297.78
Bittan Market,5,4,2140,Fully Furnished,5-10 years,142.35,166053.31
Karond,1,1,426,Semi Furnished,New,27.12,30325.19
Vijay nagar,5,4,2961,Unfurnished,5-10 years,145.47,156630.04
Bairagarh,1,1,706,Semi Furnished,10+ years,32.41,29364.63
chuna bhatti,4,3,1812,Unfurnished,New,90.25,81229.43
Ashoka garden,5,4,2680,Semi Furnished,New,135.03,132311.6
Roshanpura,1,1,655,Fully Furnished,10+ years,36.66,34174.33
Arera Colony,4,3,1612,Fully Furnished,New,101.4,82923.67
New market,4,3,1642,Fully Furnished,5-10 years,100.34,115441.75
Prabhat petrol pump,4,3,1758,Semi Furnished,5-10 years,90.49,98707.37
Nizamuddin colony,3,3,1310,Fully Furnished,1-5 years,77.24,76839.55
Bawadiya Kalan,1,1,617,Fully Furnished,New,39.48,31631.65
Gulmohar,1,1,589,Semi Furnished,1-5 years,31.63,33021.0
Narela,1,1,560,Unfurnished,5-10 years,37.37,36982.59
kohefiza,1,1,477,Fully Furnished,10+ years,29.81,34056.6
Shyamla Hills,1,1,501,Fully Furnished,1-5 years,27.94,26836.18
Chuna Bhatti,4,3,1769,Semi Furnished,New,101.88,117732.61
Ayodhya nagar,4,3,1766,Fully Furnished,1-5 years,120.88,137058.0
Gandhi nagar,2,2,902,Unfurnished,5-10 years,45.43,36705.05
ibrahimpura,1,1,415,Unfurnished,5-10 years,17.46,19004.07
jahangirabad,3,3,1276,Fully Furnished,1-5 years,60.68,49875.49
Ratnagiri,4,3,1630,Unfurnished,10+ years,74.73,84417.24
ibrahimpura,3,3,1423,Semi Furnished,1-5 years,97.6,95509.53
Minal,3,3,1592,Fully Furnished,1-5 years,71.31,59777.1
Avadhpuri,1,1,549,Fully Furnished,10+ years,30.08,29172.71
Barkheda,3,3,1364,Fully Furnished,10+ years,90.49,92943.64
Shyamla Hills,3,3,1446,Fully Furnished,New,84.7,73172.62
Karond,1,1,610,Unfurnished,5-10 years,29.96,31181.39
Shivaji Nagar,5,4,2472,Fully Furnished,1-5 years,152.57,170903.54
Prabhat petrol pump,4,3,1467,Fully Furnished,New,66.87,73115.48
MP Nagar,4,3,2112,Fully Furnished,New,125.18,100279.97
Shyamla Hills,3,3,1077,Semi Furnished,10+ years,74.81,85607.07
Sonagiri,5,4,2821,Unfurnished,New,182.49,154304.34
Sonagiri,2,2,1185,Semi Furnished,New,67.24,70397.08
Avadhpuri,2,2,1005,Unfurnished,1-5 years,66.63,57411.23
VIP road,1,1,532,Fully Furnished,1-5 years,31.6,30035.65
Hoshangabad Road,4,3,1415,Fully Furnished,5-10 years,90.55,101246.09
Ayodhya bypass,3,3,1042,Unfurnished,5-10 years,68.45,77037.43
Barkheda,1,1,440,Fully Furnished,10+ years,18.72,15555.36
sultaniya road,5,4,2251,Fully Furnished,5-10 years,153.9,170869.29
VIP road,4,3,2034,Fully Furnished,New,134.36,121418.06
Govindpura,5,4,2989,Semi Furnished,New,153.58,175407.94
Lalghati,5,4,2672,Unfurnished,5-10 years,126.85,102936.33
Kamla Nagar,5,4,2470,Unfurnished,New,103.07,84532.36
kohefiza,2,2,961,Unfurnished,5-10 years,66.22,65728.08
Chuna Bhatti,2,2,767,Semi Furnished,1-5 years,46.1,41953.97
Minal,5,4,2100,Semi Furnished,1-5 years,130.26,122298.93
chuna bhatti,5,4,2605,Fully Furnished,New,166.45,136939.46
char Imli,2,2,897,Semi Furnished,10+ years,45.86,54240.05
Arjun Nagar,4,3,1692,Unfurnished,1-5 years,117.08,117818.88
Lalghati,2,2,752,Unfurnished,5-10 years,47.03,55075.02
Habibganj,3,3,1354,Semi Furnished,1-5 years,69.11,76847.03
Shanti Nagar,5,4,2998,Unfurnished,5-10 years,122.14,120252.78
Vijay nagar,4,3,1412,Unfurnished,1-5 years,88.2,91270.27
kohefiza,5,4,2620,Semi Furnished,1-5 years,141.69,123504.07
sultaniya road,1,1,686,Unfurnished,1-5 years,37.64,42321.8
Roshanpura,2,2,993,Unfurnished,New,67.87,76574.45
Gulmohar,4,3,1619,Semi Furnished,5-10 years,101.7,99141.45
Kolar Road,1,1,405,Unfurnished,New,24.12,25745.88
Shanti Nagar,5,4,2122,Unfurnished,5-10 years,97.41,92991.03
Indrapuri,2,2,851,Semi Furnished,1-5 years,53.39,52411.58
Avadhpuri,1,1,759,Semi Furnished,New,46.1,41331.11
Barkheda,3,3,1242,Semi Furnished,New,66.83,79177.97
VIP road,4,3,1827,Fully Furnished,New,110.01,127034.8
Indrapuri,1,1,798,Fully Furnished,New,40.66,34522.72
Anand nagar,5,4,2417,Unfurnished,10+ years,103.15,89787.93
Arjun Nagar,1,1,402,Unfurnished,1-5 years,19.17,18323.99
Arera Colony,2,2,1077,Semi Furnished,5-10 years,51.75,41578.54
Karond,4,3,1960,Unfurnished,New,85.65,71593.7
Kamla Nagar,2,2,1120,Fully Furnished,1-5 years,52.14,57894.51
Piplani,5,4,2263,Fully Furnished,New,133.87,134105.92
MP Nagar,1,1,582,Unfurnished,1-5 years,26.25,30037.79
Vijay nagar,3,3,1021,Fully Furnished,5-10 years,67.05,78216.06
chuna bhatti,4,3,2004,Unfurnished,10+ years,100.93,101478.48
New market,1,1,774,Fully Furnished,5-10 years,47.67,39650.05
Govindpura,4,3,1633,Semi Furnished,New,105.79,109988.92
Sonagiri,2,2,835,Fully Furnished,10+ years,44.26,51813.61
Nizamuddin colony,5,4,2896,Fully Furnished,New,161.34,180848.51
Bairagarh,4,3,1684,Fully Furnished,10+ years,112.08,106371.56
sultaniya road,3,3,1130,Fully Furnished,5-10 years,61.76,60593.29
Misrod,2,2,749,Unfurnished,New,38.79,37276.97
VIP road,4,3,1545,Fully Furnished,5-10 years,64.79,72484.81
Tajul masjid,5,4,2152,Fully Furnished,New,111.03,108638.9
Ashoka garden,1,1,656,Semi Furnished,10+ years,40.89,38498.77
Hoshangabad Road,5,4,2182,Fully Furnished,10+ years,150.94,144426.75
VIP road,4,3,1998,Unfurnished,5-10 years,130.68,130044.61
Kolar Road,1,1,622,Unfurnished,10+ years,43.06,47516.52
eidgah hills,3,3,1165,Unfurnished,5-10 years,52.51,46294.99
Vijay nagar,5,4,2685,Unfurnished,New,139.75,148823.92
Kolar hills,1,1,446,Fully Furnished,5-10 years,26.86,22345.02
Ayodhya bypass,4,3,1697,Unfurnished,10+ years,72.5,81927.91
Karond,5,4,2883,Fully Furnished,New,130.91,109532.93
MP Nagar,5,4,2977,Unfurnished,New,131.58,143199.22
Habibganj,5,4,2767,Fully Furnished,New,151.91,175984.96
Nizamuddin colony,5,4,2737,Unfurnished,1-5 years,129.24,138764.62
Chuna Bhatti,1,1,581,Unfurnished,1-5 years,30.81,36174.23
Narela,3,3,1272,Semi Furnished,5-10 years,87.49,89846.39
MP Nagar,4,3,1769,Semi Furnished,5-10 years,107.13,101068.48
jahangirabad,5,4,2504,Fully Furnished,1-5 years,170.47,165167.95
Narela,3,3,1076,Unfurnished,10+ years,51.65,46898.93
Karond,3,3,1019,Unfurnished,1-5 years,60.15,67550.94
Lalghati,1,1,413,Fully Furnished,10+ years,21.81,19437.23
Misrod,5,4,2250,Unfurnished,1-5 years,154.13,169350.1
Shanti Nagar,2,2,824,Semi Furnished,New,46.38,43372.13
Bittan Market,3,3,1558,Unfurnished,1-5 years,88.41,77523.57
Bittan Market,3,3,1075,Semi Furnished,New,53.94,53793.35
Prabhat petrol pump,3,3,1154,Semi Furnished,10+ years,47.4,43959.01
ibrahimpura,1,1,472,Semi Furnished,1-5 years,27.15,23226.6
VIP road,2,2,924,Semi Furnished,New,47.48,47783.85
Ratnagiri,1,1,704,Fully Furnished,5-10 years,36.39,37471.66
Tajul masjid,4,3,1891,Fully Furnished,New,85.9,95787.8
VIP road,2,2,1077,Fully Furnished,10+ years,58.56,67413.27
Bawadiya Kalan,4,3,1593,Semi Furnished,New,83.12,68055.98
Shyamla Hills,1,1,796,Fully Furnished,1-5 years,34.8,36890.25
Ayodhya nagar,4,3,1613,Unfurnished,New,67.42,56543.08
Vijay nagar,1,1,779,Fully Furnished,New,47.61,50838.08
Minal,4,3,2127,Unfurnished,10+ years,136.11,109357.41
Habibganj,2,2,900,Unfurnished,10+ years,58.67,61417.09
Kolar Road,3,3,1133,Unfurnished,New,64.14,62749.6
New market,4,3,1425,Fully Furnished,New,99.65,95573.3
Chuna Bhatti,4,3,1826,Fully Furnished,New,82.25,68626.54
MP Nagar,4,3,1735,Unfurnished,5-10 years,79.77,71238.45
Minal,1,1,606,Unfurnished,10+ years,37.21,42442.56
Chuna Bhatti,3,3,1249,Unfurnished,New,70.5,77859.0
kohefiza,1,1,631,Unfurnished,5-10 years,37.45,36452.69
Bittan Market,5,4,2732,Fully Furnished,New,128.36,131091.61
Ayodhya bypass,5,4,2167,Fully Furnished,New,150.79,171048.39
Sonagiri,4,3,1421,Fully Furnished,1-5 years,82.19,77921.76
Narela,5,4,2425,Semi Furnished,1-5 years,129.57,148579.95
New market,2,2,875,Semi Furnished,10+ years,36.38,42592.74
ibrahimpura,1,1,675,Semi Furnished,5-10 years,28.77,31832.28
Sonagiri,1,1,571,Unfurnished,5-10 years,28.04,29700.79
Avadhpuri,1,1,543,Unfurnished,5-10 years,31.9,27665.98
Arera Colony,2,2,961,Fully Furnished,1-5 years,66.42,73781.11
kohefiza,2,2,751,Semi Furnished,10+ years,50.26,51318.97
Vikas Nagar,1,1,406,Fully Furnished,10+ years,19.56,16063.83
MP Nagar,1,1,495,Semi Furnished,10+ years,26.08,29602.57
Roshanpura,5,4,2970,Fully Furnished,1-5 years,149.0,168579.2
Prabhat petrol pump,5,4,2706,Semi Furnished,10+ years,139.76,134510.39
Arera Colony,1,1,797,Fully Furnished,5-10 years,52.1,42255.26
eidgah hills,3,3,1392,Fully Furnished,10+ years,87.23,98116.11
Kolar Road,2,2,764,Fully Furnished,10+ years,53.26,51835.36
Nizamuddin colony,1,1,593,Unfurnished,1-5 years,36.04,32521.7
Avadhpuri,1,1,764,Fully Furnished,1-5 years,30.62,26204.07
Vikas Nagar,2,2,908,Semi Furnished,10+ years,58.52,56980.89
MP Nagar,3,3,1558,Unfurnished,1-5 years,75.65,83809.73
Roshanpura,5,4,2337,Semi Furnished,1-5 years,123.72,100083.1
Lalghati,4,3,1818,Fully Furnished,5-10 years,109.7,124941.5
Misrod,1,1,783,Fully Furnished,New,32.25,33252.75
Service road,3,3,1082,Unfurnished,1-5 years,59.98,71661.55
Anand nagar,1,1,671,Fully Furnished,New,32.98,37764.86
jahangirabad,4,3,1828,Unfurnished,1-5 years,87.45,99732.53
jahangirabad,2,2,870,Fully Furnished,10+ years,57.63,48010.99
kohefiza,4,3,2067,Unfurnished,1-5 years,102.33,83771.67
Hoshangabad Road,1,1,599,Fully Furnished,1-5 years,39.25,35243.47
Bittan Market,5,4,2508,Semi Furnished,5-10 years,144.43,123798.16
Narela,5,4,2354,Unfurnished,1-5 years,152.19,135142.75
Bairagarh,3,3,1212,Fully Furnished,5-10 years,57.74,50850.99
Ayodhya nagar,1,1,493,Unfurnished,New,21.43,18068.96
Prabhat petrol pump,3,3,1317,Semi Furnished,New,70.94,79506.62
Narela,4,3,1703,Unfurnished,5-10 years,111.36,89092.46
Lalghati,4,3,1882,Unfurnished,1-5 years,114.54,108566.67
Arera Colony,2,2,702,Fully Furnished,10+ years,37.09,31152.9
Sonagiri,5,4,2850,Fully Furnished,1-5 years,185.38,193808.86
Ayodhya bypass,3,3,1090,Semi Furnished,New,74.72,64422.84
Hoshangabad Road,2,2,942,Unfurnished,New,55.68,49779.5
Kamla Nagar,2,2,756,Semi Furnished,1-5 years,36.3,40437.43
Bairagarh,3,3,1419,Fully Furnished,New,68.69,70468.54
New market,4,3,1692,Unfurnished,10+ years,73.39,73322.34
jahangirabad,5,4,2893,Fully Furnished,10+ years,124.72,137036.29
Gandhi nagar,5,4,2848,Unfurnished,5-10 years,157.87,161422.7
Barkheda,3,3,1242,Unfurnished,5-10 years,62.99,52215.16
New market,5,4,2677,Fully Furnished,New,110.88,128727.76
Tajul masjid,2,2,1000,Semi Furnished,10+ years,64.78,62900.78
Barkheda,5,4,2849,Semi Furnished,10+ years,137.25,110571.08
Vikas Nagar,3,3,1436,Unfurnished,10+ years,94.44,111788.0
Misrod,2,2,998,Semi Furnished,New,64.97,52727.22
MP Nagar,2,2,986,Fully Furnished,5-10 years,49.38,49243.96
Bawadiya Kalan,4,3,1813,Fully Furnished,10+ years,121.1,125031.18
Anand nagar,1,1,439,Semi Furnished,1-5 years,26.58,21888.19
Indrapuri,4,3,1735,Unfurnished,5-10 years,93.27,99785.27
Shivaji Nagar,2,2,1012,Fully Furnished,New,48.62,41093.28
ibrahimpura,2,2,1077,Fully Furnished,1-5 years,75.27,72721.45
Arjun Nagar,1,1,538,Fully Furnished,1-5 years,23.2,20355.31
Minal,5,4,2979,Semi Furnished,5-10 years,122.55,109340.78
char Imli,5,4,2824,Unfurnished,10+ years,194.24,222139.9
jahangirabad,1,1,728,Fully Furnished,1-5 years,35.18,41308.43
Ratnagiri,3,3,1279,Fully Furnished,5-10 years,77.82,77224.53
Indrapuri,2,2,781,Fully Furnished,5-10 years,52.94,42880.57
Shanti Nagar,2,2,1021,Unfurnished,5-10 years,54.48,49545.53
Kolar hills,1,1,418,Unfurnished,1-5 years,23.5,21413.04
Roshanpura,1,1,542,Fully Furnished,10+ years,24.91,24214.65
Prabhat petrol pump,2,2,782,Fully Furnished,New,45.15,48258.71
Piplani,3,3,1546,Unfurnished,1-5 years,99.39,112782.5
Arjun Nagar,3,3,1134,Semi Furnished,New,78.07,93627.21
Misrod,3,3,1097,Semi Furnished,10+ years,68.01,61198.25
Service road,3,3,1138,Fully Furnished,New,69.83,69698.11
kohefiza,1,1,416,Fully Furnished,10+ years,18.58,19623.09
Hoshangabad Road,1,1,608,Unfurnished,10+ years,26.69,21366.9
Shyamla Hills,2,2,715,Fully Furnished,New,36.28,33281.61
Gandhi nagar,3,3,1474,Semi Furnished,New,82.29,83012.04
Narela,5,4,2154,Unfurnished,New,143.83,172158.73
Kolar Road,2,2,844,Semi Furnished,1-5 years,34.12,27629.74
Sonagiri,5,4,2494,Fully Furnished,1-5 years,169.82,140727.82
Habibganj,4,3,1403,Semi Furnished,5-10 years,67.56,61533.31
Chuna Bhatti,3,3,1447,Unfurnished,1-5 years,79.4,76015.01
Prabhat petrol pump,1,1,488,Semi Furnished,5-10 years,29.95,31429.49
Minal,5,4,2330,Unfurnished,5-10 years,143.03,121207.27
Arera Colony,3,3,1188,Unfurnished,5-10 years,47.83,44758.97
Narela,1,1,564,Unfurnished,10+ years,27.38,23936.14
Minal,4,3,1502,Fully Furnished,New,88.82,103039.29
Vijay nagar,5,4,2852,Semi Furnished,New,142.03,158835.24
Misrod,5,4,2417,Unfurnished,1-5 years,135.16,150061.52
Saket nagar,5,4,2270,Unfurnished,1-5 years,97.44,86268.68
jahangirabad,3,3,1478,Semi Furnished,10+ years,73.35,77837.86
Hoshangabad Road,2,2,762,Unfurnished,10+ years,35.1,34449.61
eidgah hills,5,4,2140,Unfurnished,10+ years,120.31,141287.8
Habibganj,3,3,1578,Fully Furnished,10+ years,110.41,106659.78
Ashoka garden,2,2,1169,Semi Furnished,1-5 years,70.32,75402.63
Habibganj,3,3,1146,Fully Furnished,5-10 years,62.24,63413.7
Tajul masjid,2,2,1127,Fully Furnished,5-10 years,47.51,54572.04
Arjun Nagar,3,3,1337,Unfurnished,5-10 years,76.73,61493.9
Nizamuddin colony,2,2,1021,Semi Furnished,5-10 years,62.25,55548.95
Ashoka garden,3,3,1091,Semi Furnished,10+ years,62.96,71593.15
Shanti Nagar,1,1,425,Unfurnished,10+ years,25.21,22441.55
Misrod,2,2,746,Fully Furnished,New,38.58,39773.59
kohefiza,4,3,1893,Semi Furnished,New,81.2,71552.31
Kamla Nagar,3,3,1323,Unfurnished,1-5 years,64.95,74700.19
Shivaji Nagar,3,3,1153,Fully Furnished,5-10 years,70.16,76353.34
chuna bhatti,1,1,574,Unfurnished,5-10 years,27.21,24700.58
Arera Colony,2,2,762,Semi Furnished,5-10 years,32.09,28492.32
Shivaji Nagar,4,3,1859,Unfurnished,10+ years,88.98,95349.73
Vijay nagar,3,3,1035,Semi Furnished,10+ years,53.44,61436.37
Gandhi nagar,1,1,580,Semi Furnished,1-5 years,37.28,32856.16
Kolar Road,4,3,1616,Unfurnished,1-5 years,86.86,80572.81
Vijay nagar,3,3,1241,Unfurnished,New,60.25,68431.83
Piplani,5,4,2537,Fully Furnished,New,123.04,127134.87
Avadhpuri,1,1,721,Semi Furnished,5-10 years,38.58,40980.85
Saket nagar,4,3,1777,Fully Furnished,5-10 years,118.28,127467.61
Lalghati,3,3,1152,Semi Furnished,10+ years,56.05,53216.2
sultaniya road,2,2,923,Semi Furnished,10+ years,42.98,45246.3
Bawadiya Kalan,1,1,521,Unfurnished,1-5 years,26.36,21541.05
Ayodhya bypass,4,3,2072,Fully Furnished,New,119.57,137689.64
Bawadiya Kalan,4,3,1912,Semi Furnished,5-10 years,116.67,126221.95
Service road,2,2,765,Unfurnished,5-10 years,49.29,44456.31
Tajul masjid,5,4,2453,Fully Furnished,New,116.14,138224.93
Chuna Bhatti,1,1,742,Semi Furnished,New,45.72,51201.51
New market,3,3,1399,Unfurnished,5-10 years,83.64,96099.05
kohefiza,4,3,1797,Fully Furnished,New,102.07,109861.45
Shyamla Hills,2,2,1116,Unfurnished,5-10 years,53.2,56053.15
Barkheda,2,2,955,Unfurnished,1-5 years,58.79,52216.25
Vijay nagar,4,3,1410,Fully Furnished,10+ years,96.55,100319.47
Nizamuddin colony,5,4,2492,Semi Furnished,10+ years,101.02,102015.5
Ayodhya bypass,2,2,1087,Semi Furnished,New,64.77,69295.01
Vijay nagar,5,4,2256,Unfurnished,10+ years,141.99,165531.98
VIP road,1,1,660,Semi Furnished,1-5 years,39.83,43520.41
ibrahimpura,5,4,2447,Fully Furnished,10+ years,106.0,104808.82
Bairagarh,5,4,2910,Semi Furnished,10+ years,198.14,187109.64
Narela,2,2,1084,Semi Furnished,New,52.16,57482.41
Misrod,3,3,1394,Fully Furnished,5-10 years,60.32,53903.17
Service road,2,2,716,Fully Furnished,1-5 years,36.58,37599.82
Sonagiri,2,2,872,Semi Furnished,New,37.98,45184.81
Piplani,3,3,1098,Fully Furnished,5-10 years,66.68,55990.36
Ratnagiri,3,3,1245,Fully Furnished,10+ years,84.63,88623.5
Kolar hills,4,3,1534,Semi Furnished,5-10 years,62.51,71584.16
Ayodhya bypass,3,3,1339,Unfurnished,1-5 years,63.13,62227.98
Hoshangabad Road,5,4,2596,Fully Furnished,10+ years,180.63,201598.95
Anand nagar,5,4,2778,Semi Furnished,New,116.01,129696.12
Shyamla Hills,2,2,986,Semi Furnished,1-5 years,43.62,46582.6
Shanti Nagar,5,4,2413,Fully Furnished,5-10 years,165.56,175368.36
Kamla Nagar,4,3,1627,Fully Furnished,1-5 years,68.13,57116.25
Bittan Market,1,1,526,Semi Furnished,1-5 years,26.62,31612.94
ibrahimpura,2,2,1124,Fully Furnished,5-10 years,67.98,75717.48
Misrod,4,3,1924,Unfurnished,10+ years,101.3,111370.33
Indrapuri,1,1,648,Fully Furnished,5-10 years,40.42,34993.96
MP Nagar,5,4,2276,Fully Furnished,5-10 years,158.1,143429.77
New market,2,2,819,Unfurnished,1-5 years,43.67,40734.75
ibrahimpura,3,3,1084,Semi Furnished,5-10 years,62.95,50867.16
Shyamla Hills,4,3,2072,Unfurnished,1-5 years,98.99,82625.7
Shivaji Nagar,2,2,850,Fully Furnished,New,39.15,38900.06
Kolar Road,3,3,1021,Semi Furnished,1-5 years,42.56,45319.94
Roshanpura,1,1,797,Unfurnished,10+ years,48.49,39833.1
char Imli,1,1,687,Fully Furnished,5-10 years,47.17,48957.49
VIP road,2,2,1174,Semi Furnished,5-10 years,76.16,78958.29
Chuna Bhatti,4,3,1516,Fully Furnished,1-5 years,98.51,112438.98
Kolar Road,2,2,877,Fully Furnished,5-10 years,51.34,48630.73
Gandhi nagar,1,1,724,Unfurnished,1-5 years,43.24,36963.19
Kamla Nagar,2,2,1163,Unfurnished,1-5 years,81.02,74584.0
eidgah hills,1,1,611,Semi Furnished,5-10 years,39.01,38674.88
ibrahimpura,4,3,1563,Fully Furnished,5-10 years,94.79,78423.1
Chuna Bhatti,1,1,581,Unfurnished,1-5 years,29.11,26972.31
Arjun Nagar,5,4,2962,Unfurnished,New,138.06,157286.18
kohefiza,4,3,2169,Fully Furnished,10+ years,134.17,152210.31
Ayodhya nagar,3,3,1086,Fully Furnished,5-10 years,61.66,57617.41
Sonagiri,5,4,2051,Semi Furnished,1-5 years,84.23,79054.01
Chuna Bhatti,5,4,2065,Fully Furnished,New,127.69,134364.48
Shyamla Hills,5,4,2580,Unfurnished,1-5 years,112.74,117985.69
Vikas Nagar,2,2,1133,Fully Furnished,5-10 years,48.17,48793.98
Tajul masjid,1,1,471,Unfurnished,1-5 years,21.33,23272.85
Roshanpura,4,3,1918,Unfurnished,10+ years,113.36,102265.16
Nizamuddin colony,2,2,1116,Semi Furnished,1-5 years,69.14,67298.12
Roshanpura,5,4,2892,Semi Furnished,1-5 years,131.32,141238.15
Kamla Nagar,1,1,546,Unfurnished,5-10 years,33.78,35589.11
Lalghati,2,2,952,Semi Furnished,New,55.36,52173.41
Arjun Nagar,5,4,2403,Fully Furnished,5-10 years,157.52,174653.51
sultaniya road,3,3,1034,Unfurnished,5-10 years,44.26,43644.54
Indrapuri,2,2,1149,Semi Furnished,New,53.68,59023.26
Misrod,1,1,788,Fully Furnished,1-5 years,45.6,47095.32
Saket nagar,5,4,2263,Unfurnished,10+ years,98.26,89922.07
Misrod,2,2,1124,Unfurnished,10+ years,65.69,70069.69
Habibganj,4,3,1972,Semi Furnished,New,96.54,110546.85
chuna bhatti,2,2,824,Fully Furnished,5-10 years,45.45,39086.21
Indrapuri,1,1,775,Fully Furnished,10+ years,33.93,38972.54
MP Nagar,3,3,1491,Unfurnished,New,98.89,114628.77
Gandhi nagar,1,1,541,Semi Furnished,5-10 years,30.68,36217.72
Chuna Bhatti,5,4,2166,Semi Furnished,5-10 years,97.84,92965.16
Kolar Road,4,3,1680,Semi Furnished,10+ years,84.22,69616.46
Nizamuddin colony,5,4,2395,Unfurnished,5-10 years,111.65,112667.54
Govindpura,4,3,2168,Unfurnished,1-5 years,132.48,136995.95
Ashoka garden,4,3,1988,Unfurnished,1-5 years,86.29,94570.46
Nizamuddin colony,2,2,965,Fully Furnished,1-5 years,59.74,65355.24
Hoshangabad Road,3,3,1123,Semi Furnished,5-10 years,65.97,56684.03
Chuna Bhatti,5,4,2032,Unfurnished,5-10 years,122.86,110032.04
Vijay nagar,2,2,1199,Unfurnished,10+ years,72.69,69447.25
Avadhpuri,4,3,1560,Semi Furnished,5-10 years,80.38,93304.63
Shivaji Nagar,4,3,2114,Unfurnished,10+ years,116.98,126076.56
VIP road,5,4,2056,Semi Furnished,New,115.26,119848.94
Govindpura,5,4,2691,Unfurnished,5-10 years,150.3,164089.63
Bittan Market,1,1,616,Fully Furnished,10+ years,37.26,41044.48
Ashoka garden,2,2,765,Unfurnished,1-5 years,39.74,32782.51
Sonagiri,1,1,737,Fully Furnished,10+ years,49.6,43205.4
Indrapuri,1,1,732,Fully Furnished,New,33.77,33121.35
Piplani,4,3,1787,Semi Furnished,10+ years,107.97,88286.69
Indrapuri,1,1,589,Fully Furnished,New,34.03,31145.16
kohefiza,3,3,1456,Semi Furnished,10+ years,80.99,90584.38
Shanti Nagar,5,4,2663,Fully Furnished,10+ years,136.74,142401.26
Misrod,5,4,2428,Fully Furnished,5-10 years,103.17,92769.15
New market,3,3,1228,Semi Furnished,New,53.15,62211.06
Govindpura,5,4,2565,Semi Furnished,10+ years,141.48,166097.74
Shanti Nagar,3,3,1253,Semi Furnished,10+ years,63.57,69099.79
Gulmohar,4,3,1784,Fully Furnished,1-5 years,79.73,72407.79
sultaniya road,1,1,563,Fully Furnished,5-10 years,36.59,40224.86
Kolar hills,5,4,2575,Unfurnished,New,167.02,188371.87
Roshanpura,5,4,2738,Semi Furnished,New,128.23,107009.66
MP Nagar,4,3,1673,Fully Furnished,10+ years,97.51,89071.97
Bittan Market,3,3,1297,Unfurnished,5-10 years,52.14,61999.46
Avadhpuri,1,1,658,Fully Furnished,10+ years,34.12,27892.92
Indrapuri,5,4,2182,Fully Furnished,5-10 years,119.47,109237.88
Ashoka garden,5,4,2130,Fully Furnished,1-5 years,140.65,146906.3
Roshanpura,4,3,2100,Semi Furnished,New,106.25,88799.28
Shanti Nagar,5,4,2394,Fully Furnished,New,166.96,197929.69
New market,2,2,1082,Unfurnished,5-10 years,57.74,60746.95
Service road,2,2,778,Fully Furnished,10+ years,41.08,41996.28
Shanti Nagar,5,4,2178,Semi Furnished,10+ years,125.06,148891.0
Prabhat petrol pump,5,4,2326,Fully Furnished,1-5 years,103.14,96067.32
MP Nagar,4,3,1629,Semi Furnished,New,84.61,83110.93
VIP road,3,3,1532,Fully Furnished,1-5 years,96.79,110596.91
Shyamla Hills,1,1,529,Semi Furnished,5-10 years,36.4,40163.39
Habibganj,2,2,1127,Fully Furnished,5-10 years,72.68,59790.3
sultaniya road,4,3,2109,Unfurnished,New,104.58,119890.71
Kolar Road,5,4,2673,Unfurnished,10+ years,165.16,147815.29
Shanti Nagar,4,3,2055,Semi Furnished,10+ years,119.12,123963.53
Gulmohar,1,1,401,Fully Furnished,10+ years,27.03,29336.19
Chuna Bhatti,4,3,1587,Fully Furnished,5-10 years,94.47,79637.57
Bairagarh,4,3,1424,Unfurnished,1-5 years,65.69,61426.13
Piplani,3,3,1396,Semi Furnished,1-5 years,81.6,89195.26
Arjun Nagar,1,1,407,Fully Furnished,5-10 years,17.59,20652.53
Piplani,3,3,1245,Semi Furnished,10+ years,77.82,63339.62
Minal,3,3,1154,Fully Furnished,10+ years,79.89,75934.32
Shanti Nagar,3,3,1160,Fully Furnished,5-10 years,65.84,64488.75
char Imli,2,2,1127,Unfurnished,1-5 years,53.11,59498.0
Govindpura,3,3,1491,Unfurnished,New,84.7,89096.46
Shanti Nagar,2,2,925,Semi Furnished,5-10 years,59.26,51623.95
Hoshangabad Road,1,1,505,Unfurnished,New,24.13,26745.73
Avadhpuri,4,3,1828,Unfurnished,5-10 years,119.81,139033.76
Kolar hills,2,2,941,Fully Furnished,New,37.78,42514.07
Indrapuri,3,3,1592,Unfurnished,1-5 years,95.57,77019.1
Vijay nagar,4,3,2043,Unfurnished,New,94.07,82652.19
Sonagiri,5,4,2004,Unfurnished,New,111.27,90827.75
Kolar Road,5,4,2886,Fully Furnished,1-5 years,123.36,137585.28
Avadhpuri,3,3,1350,Semi Furnished,10+ years,91.73,97710.08
Kolar hills,1,1,790,Unfurnished,5-10 years,50.17,55534.61
New market,1,1,536,Unfurnished,New,26.88,30046.89
Vikas Nagar,4,3,1962,Unfurnished,5-10 years,106.32,114638.15
Nizamuddin colony,4,3,2067,Fully Furnished,New,85.01,86716.6
Gulmohar,1,1,623,Fully Furnished,10+ years,38.71,46302.89
Ayodhya bypass,2,2,980,Fully Furnished,New,53.63,47249.82
VIP road,2,2,877,Fully Furnished,5-10 years,36.2,34451.08
Piplani,4,3,1857,Semi Furnished,10+ years,121.26,133980.82
Ayodhya bypass,1,1,708,Fully Furnished,5-10 years,33.4,31873.41
Vijay nagar,2,2,973,Semi Furnished,5-10 years,48.54,49887.18
Bairagarh,4,3,1509,Fully Furnished,1-5 years,100.11,106264.63
Minal,2,2,1014,Fully Furnished,5-10 years,57.64,63981.42
Tajul masjid,2,2,1113,Unfurnished,10+ years,72.63,85914.26
Shanti Nagar,1,1,403,Unfurnished,5-10 years,27.9,32163.38
Indrapuri,5,4,2884,Fully Furnished,1-5 years,137.79,130143.89
Ashoka garden,2,2,781,Unfurnished,1-5 years,41.2,42420.92
Shanti Nagar,4,3,1901,Unfurnished,10+ years,131.45,150673.35
Anand nagar,2,2,960,Unfurnished,New,52.82,58112.35
Ashoka garden,3,3,1541,Unfurnished,New,74.33,66685.79
Karond,4,3,1726,Unfurnished,New,100.79,102511.74
Saket nagar,1,1,477,Semi Furnished,5-10 years,25.7,24557.8
Sonagiri,4,3,1965,Unfurnished,1-5 years,102.19,120161.12
Prabhat petrol pump,4,3,1447,Fully Furnished,10+ years,86.0,92980.47
Arera Colony,1,1,447,Semi Furnished,10+ years,23.95,21418.24
Govindpura,5,4,2205,Unfurnished,New,144.43,161504.8
Bairagarh,4,3,1714,Semi Furnished,New,74.27,81161.14
Narela,5,4,2711,Unfurnished,New,167.75,163631.48
Kolar Road,2,2,1120,Semi Furnished,5-10 years,62.57,54585.8
Tajul masjid,5,4,2178,Fully Furnished,5-10 years,106.99,124790.83
Arjun Nagar,5,4,2410,Fully Furnished,5-10 years,120.02,126962.16
Karond,1,1,525,Fully Furnished,5-10 years,32.95,38615.14
Avadhpuri,3,3,1011,Unfurnished,10+ years,52.86,58988.04
Ayodhya nagar,1,1,676,Fully Furnished,New,28.17,24786.34
Bairagarh,4,3,1424,Fully Furnished,1-5 years,79.67,64767.6
Tajul masjid,2,2,769,Fully Furnished,5-10 years,38.06,42061.08
Shanti Nagar,4,3,1458,Semi Furnished,1-5 years,98.07,81681.09
Misrod,2,2,1003,Fully Furnished,New,66.65,54753.19
Kamla Nagar,1,1,632,Unfurnished,New,28.57,25853.25
Habibganj,1,1,782,Unfurnished,New,48.21,47613.9
kohefiza,3,3,1387,Fully Furnished,1-5 years,91.28,92386.54
Bittan Market,2,2,921,Semi Furnished,5-10 years,62.32,60623.57
Minal,1,1,729,Unfurnished,10+ years,34.1,39840.28
Gulmohar,4,3,1416,Fully Furnished,10+ years,78.96,68547.26
kohefiza,4,3,2039,Fully Furnished,10+ years,124.56,148558.31
char Imli,5,4,2750,Semi Furnished,1-5 years,157.12,150619.9
Kamla Nagar,2,2,952,Unfurnished,10+ years,56.47,57154.16
Bittan Market,3,3,1204,Fully Furnished,5-10 years,67.12,63808.01
Vikas Nagar,4,3,1853,Unfurnished,1-5 years,82.12,83885.01
kohefiza,2,2,1127,Unfurnished,5-10 years,61.18,55966.14
Kamla Nagar,3,3,1369,Semi Furnished,5-10 years,94.95,81037.02
Shanti Nagar,1,1,451,Semi Furnished,New,20.92,21557.52
Prabhat petrol pump,1,1,582,Unfurnished,10+ years,36.25,35343.42
Ayodhya nagar,5,4,2808,Fully Furnished,New,195.49,219764.03
Vijay nagar,5,4,2352,Unfurnished,1-5 years,109.04,109891.93
Tajul masjid,5,4,2912,Fully Furnished,New,180.73,148287.39
ibrahimpura,4,3,1701,Fully Furnished,5-10 years,108.63,109299.7
Tajul masjid,3,3,1029,Unfurnished,10+ years,48.72,53866.93
Kolar hills,3,3,1231,Fully Furnished,New,58.07,47404.46
Avadhpuri,2,2,1081,Unfurnished,10+ years,65.91,69804.16
Anand nagar,2,2,827,Fully Furnished,New,37.35,42471.95
kohefiza,5,4,2762,Fully Furnished,New,114.93,134074.17
Habibganj,4,3,1834,Unfurnished,1-5 years,98.84,117957.39
Ayodhya nagar,4,3,2017,Fully Furnished,1-5 years,84.03,77378.96
Avadhpuri,3,3,1516,Unfurnished,1-5 years,91.48,80916.03
Sonagiri,5,4,2647,Fully Furnished,10+ years,151.09,134368.02
Minal,3,3,1236,Unfurnished,New,70.31,63643.69
Misrod,3,3,1003,Semi Furnished,New,47.75,46264.5
Sonagiri,1,1,751,Semi Furnished,5-10 years,50.41,59253.64
Ayodhya nagar,2,2,979,Semi Furnished,New,58.62,64608.31
Chuna Bhatti,3,3,1029,Semi Furnished,1-5 years,47.69,48946.74
Bittan Market,5,4,2456,Unfurnished,10+ years,107.12,114497.7
Ashoka garden,5,4,2000,Fully Furnished,10+ years,103.75,107295.03
Saket nagar,4,3,1446,Fully Furnished,5-10 years,66.84,56522.46
Saket nagar,3,3,1116,Fully Furnished,New,47.58,48466.53
Vikas Nagar,5,4,2767,Unfurnished,10+ years,141.48,139032.61
Piplani,5,4,2853,Fully Furnished,1-5 years,117.96,102651.25
Arjun Nagar,5,4,2884,Unfurnished,5-10 years,193.51,214179.6
Habibganj,4,3,1602,Fully Furnished,New,98.82,97132.94
Bairagarh,3,3,1053,Semi Furnished,1-5 years,50.19,53650.46
Govindpura,3,3,1262,Semi Furnished,10+ years,79.86,81143.44
Chuna Bhatti,3,3,1204,Fully Furnished,10+ years,67.03,73662.99
Hoshangabad Road,2,2,1002,Unfurnished,New,51.89,57041.3
kohefiza,4,3,2107,Fully Furnished,1-5 years,97.59,80713.03
Tajul masjid,1,1,443,Unfurnished,10+ years,21.36,22643.09
Gandhi nagar,2,2,828,Semi Furnished,10+ years,41.4,46508.28
Bawadiya Kalan,5,4,2849,Unfurnished,5-10 years,178.75,212118.94
Saket nagar,4,3,1632,Fully Furnished,1-5 years,72.9,86042.3
Avadhpuri,4,3,2017,Fully Furnished,10+ years,97.81,87631.0
kohefiza,1,1,784,Fully Furnished,10+ years,47.92,40090.04
Roshanpura,4,3,1945,Unfurnished,5-10 years,96.71,95574.67
Arjun Nagar,2,2,949,Semi Furnished,5-10 years,60.94,52471.58
Vijay nagar,1,1,426,Unfurnished,New,23.68,26791.94
Shivaji Nagar,5,4,2747,Semi Furnished,5-10 years,153.45,133920.76
VIP road,2,2,727,Fully Furnished,10+ years,39.19,43551.62
Bittan Market,2,2,858,Semi Furnished,1-5 years,45.88,50266.91
Barkheda,1,1,429,Fully Furnished,10+ years,24.67,28295.04
Tajul masjid,1,1,654,Semi Furnished,5-10 years,34.23,29370.34
char Imli,2,2,1150,Semi Furnished,New,56.83,54996.72
Bawadiya Kalan,4,3,1934,Fully Furnished,10+ years,88.73,71008.22
Avadhpuri,2,2,833,Semi Furnished,10+ years,54.89,55239.03
kohefiza,3,3,1011,Semi Furnished,5-10 years,41.93,45687.18
Narela,4,3,2070,Unfurnished,New,104.86,104030.65
Service road,2,2,996,Unfurnished,10+ years,59.64,68591.35
Avadhpuri,4,3,2117,Unfurnished,New,128.56,146612.24
Service road,4,3,1422,Unfurnished,New,70.17,82296.33
sultaniya road,2,2,891,Fully Furnished,5-10 years,48.91,42242.18
ibrahimpura,3,3,1353,Semi Furnished,10+ years,76.08,83394.28
char Imli,4,3,2020,Semi Furnished,1-5 years,88.12,76238.05
Saket nagar,3,3,1260,Fully Furnished,1-5 years,51.19,47495.91
Kamla Nagar,1,1,691,Semi Furnished,10+ years,47.84,55643.48
Indrapuri,3,3,1057,Semi Furnished,New,48.8,48515.02
Gandhi nagar,5,4,2498,Fully Furnished,10+ years,156.7,153044.64
Gulmohar,2,2,732,Unfurnished,10+ years,30.38,26548.24
MP Nagar,4,3,1542,Unfurnished,5-10 years,89.16,104330.79
Arera Colony,3,3,1485,Fully Furnished,10+ years,88.24,82036.98
Gandhi nagar,2,2,1106,Semi Furnished,5-10 years,66.14,69016.39
chuna bhatti,3,3,1083,Fully Furnished,10+ years,71.29,77384.97
sultaniya road,5,4,2280,Semi Furnished,10+ years,125.81,143523.42
Karond,4,3,2178,Unfurnished,5-10 years,122.93,100983.97
eidgah hills,4,3,1994,Semi Furnished,5-10 years,102.48,95440.39
Avadhpuri,2,2,900,Semi Furnished,New,48.5,39403.76
Karond,1,1,622,Unfurnished,10+ years,42.57,34978.58
MP Nagar,4,3,1748,Unfurnished,New,104.42,99902.61
Govindpura,1,1,768,Semi Furnished,New,44.69,39888.94
Nizamuddin colony,5,4,2547,Unfurnished,New,145.25,158377.21
chuna bhatti,2,2,724,Fully Furnished,5-10 years,42.97,46914.76
Arjun Nagar,1,1,647,Semi Furnished,10+ years,40.33,44741.76
Govindpura,4,3,2133,Fully Furnished,5-10 years,116.6,104830.58
Barkheda,1,1,577,Unfurnished,5-10 years,34.51,33926.64
Ratnagiri,5,4,2132,Fully Furnished,5-10 years,123.45,130800.97
Arjun Nagar,2,2,1015,Unfurnished,1-5 years,65.14,58987.67
Roshanpura,3,3,1220,Semi Furnished,10+ years,77.87,78932.54
Sonagiri,4,3,1826,Fully Furnished,1-5 years,96.3,89009.63
Anand nagar,5,4,2744,Unfurnished,10+ years,110.53,124463.52
Tajul masjid,5,4,2910,Unfurnished,5-10 years,179.94,201699.57
Piplani,5,4,2152,Unfurnished,New,98.99,115488.18
Bairagarh,3,3,1429,Unfurnished,New,93.38,90245.99
Service road,5,4,2171,Fully Furnished,New,132.69,139580.56
Tajul masjid,2,2,1130,Unfurnished,1-5 years,72.99,66905.95
eidgah hills,3,3,1101,Unfurnished,10+ years,63.91,53800.55
Narela,1,1,620,Semi Furnished,New,38.24,45254.14
char Imli,3,3,1173,Semi Furnished,1-5 years,55.99,45082.09
Gulmohar,5,4,2631,Semi Furnished,1-5 years,168.88,153179.04
Prabhat petrol pump,3,3,1362,Fully Furnished,New,70.18,67799.64
Shanti Nagar,3,3,1392,Semi Furnished,1-5 years,59.35,67809.95
Gandhi nagar,5,4,2676,Fully Furnished,1-5 years,111.93,96466.59
Arera Colony,2,2,1148,Unfurnished,New,54.7,63964.04
Chuna Bhatti,5,4,2231,Unfurnished,1-5 years,139.58,158426.94
Misrod,4,3,1651,Fully Furnished,5-10 years,68.85,77292.22
Hoshangabad Road,3,3,1416,Unfurnished,1-5 years,83.01,75905.02
Shyamla Hills,3,3,1218,Unfurnished,10+ years,76.71,67888.02
Service road,3,3,1250,Fully Furnished,5-10 years,82.56,79488.1
Ratnagiri,5,4,2721,Semi Furnished,New,158.52,178822.07
Ashoka garden,3,3,1353,Semi Furnished,5-10 years,54.19,46032.46
Ratnagiri,4,3,2135,Unfurnished,10+ years,104.71,92591.66
Ayodhya nagar,1,1,790,Semi Furnished,5-10 years,46.48,44616.22
Roshanpura,4,3,1951,Semi Furnished,New,79.49,93337.68
Misrod,4,3,2166,Unfurnished,10+ years,135.38,136212.45
Kamla Nagar,3,3,1055,Semi Furnished,10+ years,48.19,54403.1
Gandhi nagar,5,4,2266,Unfurnished,5-10 years,150.97,177831.31
ibrahimpura,4,3,2090,Semi Furnished,New,135.29,153824.97
Karond,1,1,701,Semi Furnished,New,43.91,46522.29
Anand nagar,2,2,764,Semi Furnished,New,48.64,46651.81
char Imli,5,4,2373,Unfurnished,10+ years,122.5,99357.43
Tajul masjid,5,4,2146,Unfurnished,New,140.96,167474.13
Ashoka garden,3,3,1478,Semi Furnished,New,68.94,75771.23
Bawadiya Kalan,1,1,693,Fully Furnished,1-5 years,35.02,40250.73
chuna bhatti,3,3,1067,Semi Furnished,5-10 years,52.35,45572.66
Ayodhya nagar,2,2,1171,Fully Furnished,10+ years,68.06,65889.58
Shanti Nagar,3,3,1120,Unfurnished,New,75.5,70189.91
MP Nagar,2,2,1062,Fully Furnished,10+ years,50.47,57198.44
Avadhpuri,2,2,761,Unfurnished,5-10 years,47.3,55094.9
Hoshangabad Road,4,3,2198,Unfurnished,5-10 years,143.98,132884.11
Vijay nagar,4,3,2184,Semi Furnished,10+ years,119.9,121685.45
Vikas Nagar,1,1,506,Semi Furnished,1-5 years,23.89,24084.68
Karond,4,3,1860,Unfurnished,10+ years,104.98,84315.68
sultaniya road,3,3,1275,Fully Furnished,1-5 years,72.62,68914.24
Vijay nagar,2,2,1105,Semi Furnished,New,49.99,59876.51
Arera Colony,1,1,576,Fully Furnished,1-5 years,34.82,28573.29
New market,3,3,1234,Fully Furnished,New,52.49,61183.07
jahangirabad,3,3,1137,Unfurnished,5-10 years,69.38,68893.28
Ashoka garden,3,3,1489,Semi Furnished,5-10 years,99.14,85518.95
Chuna Bhatti,5,4,2214,Semi Furnished,New,130.4,118038.83
Bittan Market,5,4,2661,Fully Furnished,New,120.82,100329.98
Nizamuddin colony,4,3,1593,Semi Furnished,New,93.41,88285.55
eidgah hills,3,3,1560,Fully Furnished,5-10 years,67.33,59126.44
Vikas Nagar,4,3,1906,Fully Furnished,1-5 years,119.25,104993.76
Bawadiya Kalan,3,3,1584,Unfurnished,New,104.72,89823.28
Govindpura,1,1,739,Unfurnished,New,51.57,59153.29
Roshanpura,5,4,2246,Unfurnished,New,127.97,152117.63
Kamla Nagar,2,2,956,Fully Furnished,1-5 years,61.44,53676.49
chuna bhatti,2,2,834,Semi Furnished,1-5 years,44.64,53483.54
Shivaji Nagar,2,2,1198,Unfurnished,10+ years,69.55,56399.83
Karond,4,3,1420,Fully Furnished,1-5 years,82.86,93035.23
Service road,4,3,1814,Unfurnished,5-10 years,79.91,88257.42
Shyamla Hills,1,1,549,Fully Furnished,10+ years,25.01,20125.61
kohefiza,3,3,1023,Unfurnished,New,60.86,71943.21
New market,4,3,2026,Fully Furnished,10+ years,86.23,93946.09
Bairagarh,4,3,1402,Semi Furnished,1-5 years,79.44,79353.11
chuna bhatti,1,1,781,Unfurnished,5-10 years,51.95,41845.96
Ashoka garden,2,2,1051,Semi Furnished,New,52.65,62042.72
Govindpura,2,2,933,Semi Furnished,New,47.36,55941.6
kohefiza,4,3,2074,Unfurnished,5-10 years,134.82,114536.97
Ayodhya nagar,3,3,1127,Semi Furnished,1-5 years,48.55,40782.06
Lalghati,3,3,1041,Semi Furnished,1-5 years,68.62,61312.84
kohefiza,1,1,583,Semi Furnished,New,36.51,32658.93
Arera Colony,2,2,1179,Semi Furnished,5-10 years,62.79,65629.22
Arera Colony,1,1,599,Semi Furnished,5-10 years,30.54,29544.87
Gandhi nagar,3,3,1146,Fully Furnished,New,65.34,64709.42
Kolar hills,2,2,950,Unfurnished,10+ years,54.06,51292.48
Gandhi nagar,5,4,2659,Fully Furnished,10+ years,174.89,157115.6
Shanti Nagar,1,1,642,Fully Furnished,10+ years,38.63,31627.68
Tajul masjid,1,1,706,Fully Furnished,10+ years,44.37,43815.72
eidgah hills,5,4,2523,Unfurnished,10+ years,118.3,130870.71
Barkheda,2,2,778,Unfurnished,1-5 years,45.03,42509.4
Roshanpura,2,2,1116,Unfurnished,1-5 years,72.07,74824.03
char Imli,1,1,446,Unfurnished,New,28.33,23949.76
Sonagiri,1,1,501,Semi Furnished,5-10 years,30.53,34935.39
Tajul masjid,5,4,2266,Fully Furnished,10+ years,103.38,109789.39
Vijay nagar,2,2,1076,Unfurnished,New,70.11,65488.52
Sonagiri,5,4,2501,Unfurnished,10+ years,100.17,82069.96
Nizamuddin colony,5,4,2283,Unfurnished,New,159.63,133898.84
Roshanpura,4,3,1944,Semi Furnished,New,121.24,110221.28
Vikas Nagar,3,3,1182,Semi Furnished,1-5 years,50.62,52667.67
Kolar hills,3,3,1460,Fully Furnished,1-5 years,79.46,75866.99
Service road,3,3,1540,Unfurnished,1-5 years,96.79,105676.83
Anand nagar,3,3,1267,Fully Furnished,5-10 years,78.92,84884.81
Sonagiri,5,4,2630,Fully Furnished,5-10 years,125.01,106622.83
Roshanpura,3,3,1011,Fully Furnished,5-10 years,55.09,64893.4
kohefiza,5,4,2672,Fully Furnished,1-5 years,178.75,202466.36
Minal,1,1,677,Fully Furnished,1-5 years,35.01,40293.62
Minal,1,1,768,Fully Furnished,New,44.21,48295.29
Kolar Road,4,3,1975,Fully Furnished,5-10 years,98.11,82316.48
jahangirabad,2,2,724,Unfurnished,5-10 years,36.2,38309.04
Barkheda,2,2,1194,Unfurnished,New,81.82,74662.26
Bawadiya Kalan,5,4,2699,Semi Furnished,10+ years,144.9,165059.98
Kolar hills,2,2,1033,Fully Furnished,10+ years,70.96,65916.52
Minal,4,3,2006,Semi Furnished,10+ years,88.27,101784.15
Ashoka garden,1,1,519,Semi Furnished,5-10 years,32.49,33253.57
Ayodhya bypass,3,3,1175,Semi Furnished,New,77.91,70229.72
Kolar Road,3,3,1562,Fully Furnished,New,81.76,74444.22
Chuna Bhatti,1,1,673,Fully Furnished,5-10 years,28.58,32482.64
Service road,2,2,1050,Semi Furnished,5-10 years,73.32,68986.43
Ayodhya nagar,4,3,1899,Semi Furnished,5-10 years,111.94,109244.51
MP Nagar,2,2,1054,Semi Furnished,10+ years,56.26,62011.44
Minal,2,2,1052,Unfurnished,New,58.34,61873.11
Kamla Nagar,4,3,1978,Semi Furnished,5-10 years,81.51,83174.79
Vijay nagar,1,1,423,Unfurnished,10+ years,21.67,21019.75
Kolar hills,2,2,973,Fully Furnished,5-10 years,60.5,58915.7
Saket nagar,4,3,2184,Fully Furnished,1-5 years,102.59,107063.81
Gandhi nagar,1,1,585,Fully Furnished,1-5 years,31.84,29548.6
Misrod,3,3,1001,Semi Furnished,5-10 years,66.21,73071.0
MP Nagar,5,4,2225,Semi Furnished,10+ years,96.72,98106.76
Gulmohar,4,3,1660,Fully Furnished,New,112.9,100363.47
Sonagiri,1,1,757,Unfurnished,New,50.81,60903.84
Indrapuri,5,4,2801,Fully Furnished,10+ years,179.13,191306.93
eidgah hills,1,1,597,Semi Furnished,5-10 years,41.53,42026.17
Ashoka garden,4,3,1968,Semi Furnished,1-5 years,116.14,138136.79
Govindpura,4,3,1951,Fully Furnished,5-10 years,134.76,141921.55
Shyamla Hills,4,3,1781,Fully Furnished,10+ years,103.27,89137.22
Bittan Market,3,3,1368,Unfurnished,New,57.63,50487.83
Arjun Nagar,2,2,1155,Unfurnished,5-10 years,79.21,69338.83
Minal,4,3,1487,Fully Furnished,New,60.6,72204.33
Tajul masjid,1,1,635,Unfurnished,5-10 years,28.62,33131.95
Habibganj,2,2,1013,Semi Furnished,1-5 years,64.68,74409.71
Piplani,1,1,688,Semi Furnished,5-10 years,31.42,32864.91
New market,2,2,1081,Unfurnished,10+ years,51.26,61050.44
Barkheda,2,2,1120,Unfurnished,10+ years,76.94,84943.7
char Imli,5,4,2051,Semi Furnished,5-10 years,122.33,122358.88
Ashoka garden,4,3,1583,Unfurnished,New,86.36,85657.39
Kamla Nagar,2,2,774,Semi Furnished,1-5 years,42.27,39781.16
Vikas Nagar,2,2,1182,Fully Furnished,1-5 years,56.94,63695.33
Narela,3,3,1031,Unfurnished,10+ years,61.1,73085.05
Shanti Nagar,5,4,2294,Semi Furnished,10+ years,108.67,110148.61
New market,5,4,2884,Fully Furnished,1-5 years,149.33,170937.12
Misrod,2,2,860,Fully Furnished,10+ years,48.46,53824.32
Shanti Nagar,5,4,2680,Semi Furnished,New,144.2,165082.86
Bairagarh,2,2,716,Unfurnished,5-10 years,44.26,41669.22
Sonagiri,3,3,1058,Unfurnished,1-5 years,65.67,59555.63
Lalghati,1,1,727,Fully Furnished,5-10 years,38.13,34222.53
Tajul masjid,5,4,2865,Semi Furnished,10+ years,132.95,124624.61
Vijay nagar,3,3,1325,Semi Furnished,5-10 years,63.07,75677.44
Lalghati,3,3,1226,Semi Furnished,5-10 years,55.28,50789.27
MP Nagar,2,2,1164,Semi Furnished,5-10 years,65.11,77408.46
Roshanpura,2,2,1155,Fully Furnished,1-5 years,72.94,79055.5
kohefiza,3,3,1191,Fully Furnished,10+ years,79.24,76431.22
Misrod,1,1,687,Unfurnished,10+ years,41.89,43040.93
Karond,1,1,707,Fully Furnished,New,44.25,43027.39
Minal,3,3,1274,Fully Furnished,1-5 years,51.02,41135.37
Piplani,1,1,554,Unfurnished,New,34.93,39444.62
kohefiza,5,4,2804,Fully Furnished,10+ years,114.91,125018.29
sultaniya road,3,3,1051,Fully Furnished,1-5 years,48.92,47779.81
Gulmohar,5,4,2342,Fully Furnished,1-5 years,124.08,132889.8
New market,4,3,1998,Semi Furnished,1-5 years,132.78,113797.75
Bairagarh,2,2,1108,Semi Furnished,10+ years,77.46,83159.49
Saket nagar,4,3,1803,Semi Furnished,1-5 years,84.06,96798.48
Ratnagiri,2,2,1009,Unfurnished,New,62.56,69593.88
Gandhi nagar,2,2,832,Fully Furnished,5-10 years,47.4,39376.23
char Imli,3,3,1309,Unfurnished,5-10 years,57.04,63446.3
jahangirabad,2,2,759,Semi Furnished,New,33.74,29754.55
Ayodhya nagar,3,3,1289,Semi Furnished,10+ years,88.88,85457.07
Govindpura,5,4,2117,Fully Furnished,10+ years,103.13,111317.83
Govindpura,4,3,1600,Fully Furnished,10+ years,109.61,88628.18
Nizamuddin colony,1,1,514,Unfurnished,1-5 years,22.5,18112.62
Barkheda,4,3,1938,Semi Furnished,New,121.72,137056.84
sultaniya road,4,3,1470,Unfurnished,1-5 years,77.6,89611.81
Ratnagiri,1,1,635,Semi Furnished,1-5 years,38.71,44408.59
Ayodhya nagar,5,4,2520,Unfurnished,10+ years,108.77,98722.96
sultaniya road,3,3,1124,Semi Furnished,1-5 years,64.52,69428.48
Lalghati,1,1,740,Unfurnished,5-10 years,44.18,51232.3
Kolar Road,2,2,875,Semi Furnished,5-10 years,54.97,58439.46
Piplani,1,1,771,Semi Furnished,5-10 years,53.03,55949.89
char Imli,2,2,728,Unfurnished,5-10 years,43.47,48423.91
ibrahimpura,3,3,1296,Semi Furnished,5-10 years,71.36,59894.95
VIP road,5,4,2202,Semi Furnished,New,94.25,96603.68
Ratnagiri,2,2,966,Fully Furnished,New,63.69,75702.69
Prabhat petrol pump,3,3,1056,Semi Furnished,1-5 years,56.0,52478.19
Indrapuri,1,1,503,Semi Furnished,1-5 years,33.59,39673.51
Tajul masjid,4,3,2160,Unfurnished,5-10 years,145.2,146333.55
Gulmohar,1,1,557,Unfurnished,1-5 years,37.74,43579.97
Chuna Bhatti,1,1,742,Fully Furnished,10+ years,36.98,30309.52
Govindpura,2,2,708,Fully Furnished,1-5 years,41.32,42986.68
Ashoka garden,3,3,1392,Semi Furnished,5-10 years,82.34,77610.09
Narela,4,3,2008,Unfurnished,5-10 years,101.38,84612.77
Chuna Bhatti,2,2,700,Fully Furnished,1-5 years,46.99,50874.97
Ratnagiri,4,3,1526,Unfurnished,New,82.16,91911.59
Arjun Nagar,4,3,2158,Unfurnished,1-5 years,105.41,85758.55
Nizamuddin colony,1,1,448,Fully Furnished,New,27.77,26403.52
Ashoka garden,1,1,658,Unfurnished,New,42.45,45991.36
char Imli,1,1,413,Semi Furnished,10+ years,28.88,24243.28
MP Nagar,3,3,1276,Semi Furnished,1-5 years,60.54,56977.52
char Imli,4,3,1692,Fully Furnished,New,76.77,87923.17
Service road,5,4,2417,Unfurnished,New,116.71,120713.51
eidgah hills,4,3,1448,Fully Furnished,New,62.43,53136.19
Misrod,5,4,2928,Semi Furnished,1-5 years,166.85,174223.54
eidgah hills,1,1,432,Semi Furnished,1-5 years,23.61,24990.58
Avadhpuri,5,4,2302,Fully Furnished,New,139.31,165437.47
Ashoka garden,2,2,725,Fully Furnished,10+ years,32.18,37170.54
Indrapuri,5,4,2560,Fully Furnished,10+ years,172.45,166379.03
Bawadiya Kalan,4,3,1486,Unfurnished,5-10 years,81.99,95361.5
Ashoka garden,2,2,754,Unfurnished,1-5 years,49.49,39904.86
Narela,1,1,723,Semi Furnished,5-10 years,41.27,47468.93
Ratnagiri,1,1,791,Fully Furnished,1-5 years,47.08,37907.32
Barkheda,1,1,562,Unfurnished,5-10 years,27.32,27347.15
chuna bhatti,5,4,2924,Fully Furnished,1-5 years,162.75,189633.48
Minal,5,4,2778,Semi Furnished,5-10 years,179.91,194686.54
Govindpura,4,3,1841,Unfurnished,10+ years,113.49,102032.68
eidgah hills,4,3,1782,Semi Furnished,New,71.74,61145.69
Gandhi nagar,5,4,2230,Unfurnished,10+ years,122.72,101315.7
Chuna Bhatti,3,3,1282,Fully Furnished,10+ years,60.68,48808.49
Kolar Road,5,4,2855,Semi Furnished,5-10 years,198.75,167801.5
New market,2,2,926,Semi Furnished,5-10 years,63.04,65349.92
Nizamuddin colony,2,2,702,Fully Furnished,5-10 years,44.14,37548.88
