location,floors,washroom,total_sqft,furnishing,age,price,rent
Shyamla Hills,4,4,2597,Semi-Furnished,3,19523313,65736
Minal,2,4,951,Unfurnished,14,4456875,12504
eidgah hills,2,4,1198,Unfurnished,26,7186714,24449
Bawadiya Kalan,4,2,2857,Furnished,11,12827048,32910
Lalghati,2,3,970,Furnished,20,4737359,14742
Bairagarh,3,1,1314,Semi-Furnished,9,6012215,14693
Vijay nagar,2,2,851,Furnished,6,6063307,18449
Minal,5,1,4960,Unfurnished,5,23361392,63850
Avadhpuri,1,1,687,Semi-Furnished,4,2963797,10463
Ratnagiri,2,3,1133,Semi-Furnished,21,5405272,12939
Piplani,5,4,4284,Semi-Furnished,9,30076840,93485
char Imli,2,3,1166,Furnished,6,7742803,25023
chuna bhatti,2,1,814,Furnished,21,3914847,12134
Piplani,2,4,908,Semi-Furnished,0,6354339,21439
Kolar Road,4,1,2437,Semi-Furnished,26,12134836,35286
Roshanpura,1,4,602,Unfurnished,19,2969346,6593
Vikas Nagar,5,3,4743,Furnished,22,32328069,107251
char Imli,4,2,2860,Unfurnished,23,18922841,61217
Lalghati,4,3,2138,Semi-Furnished,29,10175212,29588
Lalghati,5,1,3833,Semi-Furnished,0,18490117,53663
Service road,3,2,1890,Unfurnished,24,10979960,36261
Indrapuri,3,3,1605,Unfurnished,9,6411069,14143
chuna bhatti,1,2,629,Furnished,15,2877825,8494
Minal,3,2,1823,Furnished,30,8537646,23354
Minal,3,4,1440,Semi-Furnished,16,6760926,18172
Habibganj,2,1,928,Semi-Furnished,23,5148365,17076
Bawadiya Kalan,5,1,4331,Semi-Furnished,10,19534115,52049
Ashoka garden,2,2,1047,Furnished,16,5533345,17982
Ratnagiri,1,1,569,Semi-Furnished,4,2769558,5559
Barkheda,5,4,3425,Semi-Furnished,28,14987413,45219
ibrahimpura,3,1,1292,Semi-Furnished,4,5578193,14400
Bawadiya Kalan,3,3,1675,Furnished,0,7443582,21934
Barkheda,2,3,953,Unfurnished,7,4111172,11674
jahangirabad,5,3,3975,Semi-Furnished,13,18264457,48190
Saket nagar,1,4,445,Semi-Furnished,12,3117157,9397
Arera Colony,5,1,3672,Unfurnished,11,27524683,89032
VIP road,4,4,3129,Furnished,26,20275176,65741
ibrahimpura,2,4,1118,Semi-Furnished,15,4830575,13799
Vijay nagar,5,1,3341,Furnished,9,24117274,81464
Bawadiya Kalan,4,3,3094,Semi-Furnished,14,13841003,37703
Misrod,2,2,1163,Unfurnished,15,4942267,11229
Kolar hills,5,1,3971,Furnished,6,19897920,61131
Gandhi nagar,4,2,2693,Furnished,26,16624548,61036
Avadhpuri,5,4,4711,Furnished,23,20734397,62620
Prabhat petrol pump,2,4,1029,Furnished,8,4968784,12815
Saket nagar,1,4,734,Semi-Furnished,15,5051968,15160
Kamla Nagar,3,4,1264,Semi-Furnished,24,6555712,19869
Indrapuri,3,4,1293,Semi-Furnished,9,5167077,11132
Ratnagiri,3,4,1740,Furnished,4,8238459,24064
Shivaji Nagar,2,1,881,Furnished,23,5201124,16521
Ratnagiri,2,2,1175,Semi-Furnished,27,5600825,14917
Arera Colony,4,1,2582,Semi-Furnished,25,19387910,62391
Sonagiri,3,4,1935,Furnished,25,8814700,24975
Govindpura,4,3,2277,Furnished,17,12152428,36678
Indrapuri,4,4,3367,Unfurnished,11,13532258,32983
Arera Colony,5,4,4952,Semi-Furnished,6,37089321,117031
Indrapuri,5,2,4070,Unfurnished,13,16306340,42539
Gulmohar,4,3,3241,Furnished,3,20799346,67155
kohefiza,3,3,1480,Semi-Furnished,2,6693872,17187
jahangirabad,4,2,2433,Furnished,29,11130207,28396
Shivaji Nagar,3,2,1734,Semi-Furnished,8,10465155,35931
Arera Colony,3,3,1238,Furnished,0,9185938,27733
Shanti Nagar,4,4,3079,Semi-Furnished,24,18135782,59966
Bawadiya Kalan,5,3,3526,Furnished,11,15826929,42442
Vikas Nagar,2,2,1073,Unfurnished,27,7329450,24843
Ayodhya bypass,4,2,3095,Unfurnished,1,16337310,49259
Service road,4,2,2636,Furnished,14,15373256,48952
Shivaji Nagar,4,3,2488,Semi-Furnished,19,14922856,51731
Ratnagiri,2,4,915,Semi-Furnished,9,4209064,11758
Bittan Market,4,2,2496,Furnished,25,17537725,55170
Kamla Nagar,1,4,567,Semi-Furnished,0,2852387,8556
Gandhi nagar,5,1,3499,Unfurnished,21,21759562,79614
Shyamla Hills,3,3,1428,Unfurnished,15,10694093,37191
Bawadiya Kalan,2,1,1184,Furnished,1,5334081,13011
ibrahimpura,1,3,516,Unfurnished,19,2140250,7498
Ayodhya bypass,2,1,1074,Unfurnished,15,5739229,15734
MP Nagar,1,4,507,Unfurnished,18,4107372,14556
Ayodhya nagar,1,2,574,Unfurnished,13,3499552,13278
Kolar Road,3,3,1930,Semi-Furnished,18,9646885,29631
Lalghati,3,3,1887,Furnished,11,9086442,25297
Sonagiri,4,1,2447,Unfurnished,30,11172492,30737
Shivaji Nagar,4,2,2563,Semi-Furnished,16,15433498,50535
Kolar hills,5,1,4601,Unfurnished,4,23040744,67608
Misrod,5,3,3573,Furnished,26,15015740,38956
MP Nagar,3,4,1804,Semi-Furnished,11,14403232,46048
Avadhpuri,4,1,2528,Furnished,18,11108007,31479
Kolar Road,1,1,473,Unfurnished,3,2457987,5558
Anand nagar,2,2,1114,Furnished,26,6367728,20913
kohefiza,5,1,3625,Unfurnished,12,16302107,43415
Karond,4,3,2398,Semi-Furnished,12,11691440,34590
Saket nagar,1,4,621,Semi-Furnished,7,4218252,13198
Narela,4,2,2002,Semi-Furnished,28,8660664,22524
Minal,5,2,3933,Furnished,14,18506047,49402
Saket nagar,1,2,707,Furnished,17,4834204,17012
Arjun Nagar,2,3,912,Furnished,7,5413322,18331
Ratnagiri,1,3,629,Semi-Furnished,23,2914665,6865
Lalghati,2,2,1177,Semi-Furnished,5,5740149,14710
Narela,2,3,885,Unfurnished,16,3880529,7864
Bittan Market,2,3,948,Furnished,16,6569163,21423
Shanti Nagar,1,4,447,Unfurnished,1,2729980,9670
jahangirabad,5,1,4715,Semi-Furnished,21,21707313,56890
Ratnagiri,4,1,3195,Semi-Furnished,15,14935501,40154
MP Nagar,2,2,1196,Semi-Furnished,30,9639838,28033
Shivaji Nagar,4,1,2766,Furnished,12,16652993,53939
eidgah hills,5,4,3025,Furnished,3,18123066,59818
Gandhi nagar,3,4,1856,Semi-Furnished,2,11525384,42683
Prabhat petrol pump,3,3,1871,Unfurnished,18,9092572,24708
Kolar Road,3,2,1515,Semi-Furnished,30,7588277,20962
Tajul masjid,4,1,2006,Semi-Furnished,3,10940211,34703
Roshanpura,1,3,512,Furnished,30,2369849,8436
ibrahimpura,4,1,3313,Unfurnished,0,14243174,34646
Kolar hills,5,3,3822,Semi-Furnished,1,19167177,57185
Kolar hills,3,1,1295,Unfurnished,15,6489549,20888
Habibganj,3,3,1809,Furnished,23,9874396,32897
sultaniya road,4,2,3027,Furnished,28,15779053,47351
Kolar hills,3,4,1495,Semi-Furnished,4,7447546,23384
Shanti Nagar,3,4,1926,Semi-Furnished,17,11313973,36014
Ratnagiri,2,4,862,Unfurnished,23,3966058,10494
Anand nagar,5,3,4786,Unfurnished,1,27854034,88984
Bittan Market,3,3,1431,Semi-Furnished,15,9930630,30573
Hoshangabad Road,4,4,2496,Semi-Furnished,12,12769023,38297
Indrapuri,3,1,1974,Semi-Furnished,19,7927612,18635
ibrahimpura,1,4,551,Furnished,19,2362911,7193
Bawadiya Kalan,1,1,551,Furnished,30,2548495,5438
VIP road,2,2,901,Unfurnished,29,5926165,20646
Nizamuddin colony,3,4,1346,Furnished,8,8712519,27242
New market,2,4,1152,Furnished,4,8140978,26849
New market,3,4,1631,Unfurnished,22,11477388,37447
VIP road,4,2,3350,Unfurnished,21,21752052,71658
chuna bhatti,2,1,953,Semi-Furnished,21,4450767,13964
Saket nagar,4,3,2481,Unfurnished,22,16909822,56281
Prabhat petrol pump,2,2,828,Unfurnished,23,3998302,11526
Habibganj,1,2,434,Unfurnished,1,2377503,8660
Ayodhya nagar,2,2,1040,Furnished,16,6450033,23779
VIP road,1,1,775,Semi-Furnished,13,4948600,15434
ibrahimpura,5,3,3319,Unfurnished,3,14252924,37735
Piplani,3,1,1258,Unfurnished,15,8856293,27596
eidgah hills,3,2,1579,Furnished,5,9486062,32324
Gulmohar,3,3,1684,Unfurnished,13,10757786,35724
Chuna Bhatti,3,4,1281,Furnished,16,5946201,15317
Karond,4,1,2698,Unfurnished,18,13156225,36959
chuna bhatti,2,1,1183,Semi-Furnished,30,5482536,14233
ibrahimpura,1,3,664,Unfurnished,14,2849864,7949
ibrahimpura,1,4,523,Furnished,28,2217207,6971
Bairagarh,4,1,2852,Semi-Furnished,15,12899659,35910
Barkheda,3,1,1561,Furnished,26,6847970,20395
Shanti Nagar,1,4,672,Furnished,16,3904202,14698
Kolar hills,5,1,4763,Furnished,4,23832605,70815
Misrod,5,4,4155,Semi-Furnished,21,17443928,46406
Arjun Nagar,3,3,1712,Semi-Furnished,7,10302984,35183
Ayodhya bypass,5,2,3321,Unfurnished,7,17651577,53015
Chuna Bhatti,1,2,645,Unfurnished,4,2942433,8490
Ayodhya bypass,3,1,1295,Unfurnished,10,6816347,20653
Shivaji Nagar,2,1,1060,Unfurnished,14,6397438,22991
Arera Colony,4,4,2130,Unfurnished,27,15932951,50500
Prabhat petrol pump,3,4,1501,Furnished,25,7304002,19988
jahangirabad,3,1,1657,Furnished,9,7531363,20010
Ratnagiri,2,4,808,Unfurnished,0,3883359,10755
Sonagiri,4,3,3015,Furnished,4,13934499,37586
Arera Colony,3,4,1668,Furnished,8,12522569,39419
Shanti Nagar,4,4,3052,Furnished,0,17978553,58234
Nizamuddin colony,1,2,646,Semi-Furnished,19,4272893,15503
Shyamla Hills,1,3,576,Unfurnished,30,4401926,13963
MP Nagar,3,4,1433,Furnished,29,11425046,37006
Vijay nagar,2,2,990,Semi-Furnished,29,7059869,25254
MP Nagar,4,1,3306,Semi-Furnished,30,26481125,83927
Misrod,3,4,1449,Semi-Furnished,16,6033409,17077
ibrahimpura,5,3,3467,Unfurnished,21,14899674,37631
New market,5,3,4424,Furnished,14,31047088,95506
Gulmohar,3,2,1271,Semi-Furnished,24,8165319,26378
Tajul masjid,4,1,3080,Unfurnished,17,16996906,54191
Prabhat petrol pump,3,4,1940,Unfurnished,19,9423926,25421
kohefiza,2,1,1007,Furnished,26,4564030,13621
Barkheda,4,3,2723,Unfurnished,11,11945258,33550
Tajul masjid,4,3,3435,Semi-Furnished,29,18983410,62014
Govindpura,2,4,808,Unfurnished,3,4230755,12391
MP Nagar,1,1,433,Furnished,2,3509784,9188
ibrahimpura,4,2,2807,Unfurnished,6,12162816,29336
ibrahimpura,2,3,1122,Unfurnished,11,4840109,12284
chuna bhatti,5,1,3282,Furnished,30,15454761,41296
Gandhi nagar,5,2,4588,Furnished,24,28458759,106826
Arera Colony,1,4,543,Unfurnished,29,4102554,13911
Shanti Nagar,5,2,3535,Furnished,22,20864025,69070
Arera Colony,3,4,1394,Furnished,1,10546639,31932
Ayodhya bypass,2,4,1199,Semi-Furnished,22,6442883,17422
Shivaji Nagar,1,2,754,Unfurnished,0,4430757,15429
Vijay nagar,2,2,922,Semi-Furnished,25,6737091,23342
MP Nagar,2,2,866,Unfurnished,22,6987816,21514
Kolar Road,2,3,1007,Semi-Furnished,25,5046504,14793
Saket nagar,4,1,2115,Furnished,28,14310351,47288
Piplani,2,1,831,Unfurnished,16,5911033,20076
Misrod,3,1,1517,Furnished,16,6413960,18684
Hoshangabad Road,3,1,1954,Semi-Furnished,4,9955806,28152
VIP road,3,3,1979,Furnished,1,12805966,40285
Arjun Nagar,4,2,2386,Semi-Furnished,24,14246911,45760
Shyamla Hills,3,1,1842,Semi-Furnished,20,13908677,44489
Prabhat petrol pump,4,4,3482,Furnished,6,17076321,46814
jahangirabad,1,4,496,Unfurnished,1,2356898,5522
Misrod,2,4,820,Unfurnished,18,3532897,8162
MP Nagar,1,4,755,Semi-Furnished,5,6042754,19994
New market,2,4,876,Furnished,16,6042982,19855
Prabhat petrol pump,3,3,1984,Furnished,27,9684600,28204
Roshanpura,1,1,437,Unfurnished,18,2056709,5216
Shivaji Nagar,4,2,2853,Unfurnished,9,17198027,57037
Kolar hills,4,1,2170,Furnished,20,10830011,30908
Hoshangabad Road,2,3,865,Unfurnished,11,4468361,11757
Chuna Bhatti,2,1,1146,Furnished,3,5445266,15194
Sonagiri,1,3,496,Semi-Furnished,11,2234147,5176
Vikas Nagar,2,1,837,Furnished,8,5750870,19441
Ratnagiri,1,3,503,Furnished,20,2435744,5431
Kolar Road,4,4,2784,Unfurnished,0,13965674,41623
Bittan Market,2,2,1112,Furnished,10,7718759,26127
Ratnagiri,3,2,1734,Unfurnished,3,8072614,21613
Sonagiri,4,3,3025,Furnished,9,14011822,37414
Kamla Nagar,4,4,2003,Semi-Furnished,4,10359963,32965
Misrod,1,4,585,Furnished,19,2486823,5421
jahangirabad,5,3,3155,Semi-Furnished,13,14509969,36431
Kolar hills,4,4,2017,Semi-Furnished,28,10029231,30673
Ashoka garden,2,3,1151,Furnished,24,5993390,20390
Chuna Bhatti,2,4,1188,Furnished,19,5679890,15741
char Imli,5,3,4211,Furnished,19,27770917,87038
Minal,2,2,868,Unfurnished,22,4091495,11882
eidgah hills,5,1,3806,Furnished,23,22878465,75193
eidgah hills,2,1,891,Furnished,4,5253418,17344
Ayodhya nagar,3,1,1767,Unfurnished,16,10879028,40443
Vijay nagar,3,2,1376,Unfurnished,11,9951311,34239
Karond,2,2,1192,Furnished,28,5937968,18591
Ratnagiri,4,1,3433,Semi-Furnished,1,16124409,45038
Piplani,2,3,817,Semi-Furnished,26,5716428,17972
Kolar Road,4,1,3259,Unfurnished,24,16277195,47227
sultaniya road,5,3,3066,Semi-Furnished,25,15940543,48256
Sonagiri,2,4,1031,Furnished,15,4677149,11564
Ratnagiri,4,2,3177,Furnished,24,14881902,42219
Misrod,4,1,2250,Unfurnished,16,9436720,23626
Tajul masjid,1,2,598,Unfurnished,19,3314973,9940
Avadhpuri,1,1,520,Semi-Furnished,19,2272558,4765
Tajul masjid,2,1,1087,Unfurnished,0,5980967,21377
sultaniya road,3,4,1490,Unfurnished,20,7833816,23688
Ayodhya bypass,4,4,2942,Unfurnished,7,15587275,47909
Gandhi nagar,2,1,882,Furnished,27,5441180,20795
Lalghati,5,3,3543,Furnished,15,17037728,49153
Sonagiri,4,1,3123,Furnished,2,14297521,35960
Roshanpura,3,2,1670,Furnished,12,7977691,22905
Saket nagar,4,4,2918,Semi-Furnished,17,19898582,65960
Misrod,2,3,1091,Semi-Furnished,18,4610774,12803
Service road,3,3,1327,Semi-Furnished,29,7735352,23857
New market,5,4,4242,Semi-Furnished,10,29734107,91659
Saket nagar,3,3,1728,Unfurnished,26,11799374,39118
kohefiza,5,4,4797,Unfurnished,18,21586929,55740
sultaniya road,4,4,2223,Semi-Furnished,22,11568983,35221
Shivaji Nagar,1,3,738,Unfurnished,24,4362734,15752
Arjun Nagar,5,2,4375,Unfurnished,29,26229787,89232
Arera Colony,1,2,507,Furnished,5,3716058,13973
Kolar Road,5,4,4571,Semi-Furnished,29,22888257,69425
Piplani,4,1,2556,Semi-Furnished,27,17953861,57482
jahangirabad,4,2,3152,Unfurnished,29,14497545,36555
Nizamuddin colony,5,4,4818,Semi-Furnished,16,31399974,100749
Karond,4,1,2333,Furnished,12,11384567,34619
Arjun Nagar,5,4,4044,Semi-Furnished,24,24235905,80646
Narela,1,3,408,Unfurnished,0,1798451,6288
Lalghati,3,1,1686,Semi-Furnished,8,8167433,25295
sultaniya road,5,4,4859,Semi-Furnished,13,25354093,79691
Anand nagar,3,2,1966,Unfurnished,27,11303807,37370
ibrahimpura,1,1,701,Unfurnished,16,2956717,7391
Vikas Nagar,3,3,1703,Furnished,6,11574756,37403
Piplani,5,2,3036,Unfurnished,28,21165640,65990
jahangirabad,3,1,1577,Unfurnished,10,7156054,19870
kohefiza,2,4,987,Semi-Furnished,3,4395017,12137
jahangirabad,4,3,3488,Unfurnished,13,16061597,42806
Shivaji Nagar,4,4,2411,Semi-Furnished,30,14475709,48277
Sonagiri,4,4,2084,Semi-Furnished,8,9683431,25738
Shanti Nagar,3,1,1317,Unfurnished,26,7754238,23689
Narela,2,3,971,Semi-Furnished,29,4096909,11150
jahangirabad,3,4,1641,Furnished,24,7562581,18169
Govindpura,4,1,3162,Unfurnished,17,16701677,51892
Shanti Nagar,3,3,1899,Furnished,22,11176478,35352
Piplani,5,3,3816,Unfurnished,6,26741690,85421
Barkheda,3,2,1343,Unfurnished,17,5927072,18264
Saket nagar,5,2,4818,Furnished,9,32734639,111409
Saket nagar,1,3,692,Furnished,2,4793718,17099
chuna bhatti,2,2,1089,Unfurnished,22,5146510,14927
Sonagiri,2,4,908,Unfurnished,29,4149153,9200
Tajul masjid,5,3,4969,Semi-Furnished,7,27343834,88792
Bairagarh,5,3,4272,Furnished,19,19202880,51582
sultaniya road,1,1,524,Furnished,20,2787865,7450
char Imli,2,4,1017,Furnished,6,6778031,22983
Habibganj,5,3,3749,Furnished,9,20520127,68383
Avadhpuri,4,1,3331,Furnished,25,14579200,43346
Nizamuddin colony,3,4,1926,Semi-Furnished,23,12494279,40784
chuna bhatti,5,3,3731,Unfurnished,24,17447669,46918
Gulmohar,3,2,1593,Semi-Furnished,24,10191745,34227
Ashoka garden,1,2,427,Semi-Furnished,10,2140598,7880
Vikas Nagar,1,4,500,Semi-Furnished,2,3422804,11812
Vijay nagar,2,2,955,Unfurnished,4,6975264,24355
Saket nagar,2,1,1140,Furnished,3,7805107,25843
Barkheda,3,4,1738,Unfurnished,2,7669812,23928
Nizamuddin colony,1,3,681,Semi-Furnished,2,4362728,15006
Barkheda,5,2,4064,Unfurnished,21,17842229,54480
char Imli,2,4,1057,Unfurnished,6,6951270,21280
New market,3,4,1401,Semi-Furnished,23,9742954,28945
sultaniya road,1,3,632,Unfurnished,16,3226055,9086
Govindpura,5,4,3967,Unfurnished,20,21050223,64525
Bawadiya Kalan,4,4,2968,Furnished,0,13350275,37408
MP Nagar,1,4,494,Semi-Furnished,18,3903234,13407
Service road,2,1,859,Unfurnished,0,4884930,17770
Indrapuri,5,3,3852,Unfurnished,7,15467389,37820
ibrahimpura,5,4,3720,Unfurnished,5,15911363,40641
Minal,1,4,649,Semi-Furnished,22,3001654,8842
Chuna Bhatti,3,4,1595,Unfurnished,22,7448519,21191
Ayodhya bypass,2,2,1078,Furnished,28,5652939,17106
chuna bhatti,2,4,1141,Semi-Furnished,13,5374030,16430
Misrod,1,4,699,Unfurnished,8,2905591,7687
Karond,5,1,4358,Semi-Furnished,23,21355181,59338
Bairagarh,3,1,1688,Unfurnished,6,7558541,19497
Vijay nagar,5,2,4215,Furnished,29,30338953,100807
Lalghati,1,3,718,Furnished,8,3361764,10033
Tajul masjid,1,1,416,Furnished,24,2223961,8518
chuna bhatti,2,4,1113,Unfurnished,7,5253917,12997
Ayodhya nagar,2,4,1120,Furnished,27,6978415,25149
Barkheda,4,1,2805,Furnished,19,12357488,34757
Minal,2,2,955,Furnished,30,4468443,12950
Bairagarh,5,4,3110,Furnished,11,14030735,35983
Indrapuri,4,4,2469,Unfurnished,25,9890564,23746
Roshanpura,1,4,517,Unfurnished,12,2409601,7491
Bairagarh,3,1,1712,Semi-Furnished,3,7662620,21163
Nizamuddin colony,5,2,4690,Unfurnished,4,30447328,98551
Bittan Market,5,2,4466,Unfurnished,1,31263464,96932
Shanti Nagar,1,4,468,Furnished,13,2761771,7985
Habibganj,4,3,2800,Unfurnished,14,15364378,49277
Kolar hills,3,2,1813,Semi-Furnished,11,9060980,27198
Govindpura,2,1,1091,Unfurnished,7,5766461,17346
Minal,5,2,3272,Unfurnished,3,15397843,44101
Minal,3,4,1711,Unfurnished,18,8090934,21412
kohefiza,3,3,1531,Semi-Furnished,16,6947227,18617
MP Nagar,2,3,1003,Semi-Furnished,26,8050556,23610
Tajul masjid,3,3,1832,Semi-Furnished,14,10068412,32970
Indrapuri,5,4,4454,Furnished,28,17745908,44800
Shanti Nagar,5,3,3522,Furnished,3,20874044,66637
Kolar hills,4,2,2101,Semi-Furnished,4,10488190,30314
Kamla Nagar,2,1,898,Unfurnished,4,4724629,14715
Minal,2,2,1009,Unfurnished,7,4728326,13214
Ratnagiri,4,3,3178,Furnished,19,14958992,41126
Misrod,3,4,1964,Furnished,14,8217606,21370
Piplani,3,4,1631,Semi-Furnished,15,11457429,37108
Lalghati,2,4,911,Furnished,17,4293662,13953
Kamla Nagar,5,1,4582,Semi-Furnished,28,23771093,71574
Ayodhya nagar,4,4,3441,Furnished,5,21323972,78920
Shivaji Nagar,5,3,4309,Unfurnished,10,25820496,87137
Saket nagar,2,1,1117,Semi-Furnished,25,7551012,26144
Nizamuddin colony,5,1,4669,Furnished,5,30393790,96222
Barkheda,3,3,1816,Unfurnished,12,8084676,23292
Bawadiya Kalan,1,4,614,Furnished,17,2824605,8648
Bittan Market,2,2,872,Semi-Furnished,7,6067646,20701
sultaniya road,2,2,1017,Semi-Furnished,12,5361300,15403
Avadhpuri,2,2,807,Unfurnished,15,3483744,12051
Saket nagar,5,1,4693,Furnished,26,31885209,107091
Kamla Nagar,3,2,1753,Furnished,30,9135706,27720
Anand nagar,1,4,554,Semi-Furnished,27,3121543,10796
Kamla Nagar,4,4,3063,Unfurnished,23,15967875,50011
Saket nagar,1,1,534,Furnished,30,3684289,13516
MP Nagar,4,3,2784,Semi-Furnished,21,22370591,69799
Saket nagar,5,1,4514,Furnished,27,30720244,103573
Bawadiya Kalan,1,4,634,Unfurnished,24,2758195,6244
MP Nagar,4,3,3266,Furnished,19,26111763,81617
Narela,1,3,785,Semi-Furnished,16,3471988,8322
Kolar hills,3,1,1565,Unfurnished,3,7865431,24605
Govindpura,2,2,1131,Semi-Furnished,11,6047346,19003
MP Nagar,4,4,3497,Unfurnished,8,27886716,86710
Kolar Road,5,4,4190,Semi-Furnished,15,20979073,61701
sultaniya road,5,4,4298,Unfurnished,19,22267594,69090
Saket nagar,4,2,2778,Unfurnished,1,18833070,65564
Nizamuddin colony,4,2,2792,Semi-Furnished,6,18084140,60240
Ashoka garden,5,1,3991,Semi-Furnished,21,20723102,62059
Roshanpura,3,3,1655,Furnished,7,7966306,21314
Roshanpura,4,1,2816,Unfurnished,20,13421330,39310
Gulmohar,5,2,4535,Furnished,6,29107152,96931
sultaniya road,4,1,3144,Unfurnished,10,16310026,52282
Kamla Nagar,4,1,3027,Semi-Furnished,5,15682131,47156
Karond,4,2,3277,Semi-Furnished,19,16013312,46061
Arera Colony,3,2,1758,Semi-Furnished,1,13255075,41751
Shivaji Nagar,2,2,1073,Semi-Furnished,6,6498864,19933
New market,2,1,1169,Semi-Furnished,12,8136461,25112
Gandhi nagar,3,1,1755,Semi-Furnished,0,10919315,42109
Bairagarh,3,3,1804,Semi-Furnished,13,8180258,22734
Indrapuri,4,1,3054,Furnished,12,12177551,31026
Kolar hills,5,4,3715,Unfurnished,29,18535417,55746
Vikas Nagar,5,3,3264,Furnished,29,22218101,74093
Govindpura,4,1,2980,Semi-Furnished,8,15716624,47310
Ratnagiri,1,2,608,Semi-Furnished,21,2935785,7296
sultaniya road,3,3,1544,Semi-Furnished,27,7943020,23594
Bairagarh,5,2,3589,Semi-Furnished,1,16196241,41539
New market,5,1,4743,Furnished,16,33300199,103555
sultaniya road,2,2,997,Furnished,27,5238946,14520
Vikas Nagar,1,1,692,Semi-Furnished,13,4779266,16047
Chuna Bhatti,2,2,985,Furnished,19,4587833,11300
Barkheda,1,1,496,Semi-Furnished,19,2103048,7601
VIP road,3,3,1899,Furnished,12,12398212,38224
Prabhat petrol pump,3,4,1940,Furnished,5,9512324,25523
Ratnagiri,1,3,572,Semi-Furnished,12,2625313,8701
Vikas Nagar,4,1,3258,Furnished,18,22106409,73262
Arjun Nagar,2,2,863,Furnished,9,5212089,18826
Piplani,2,3,1084,Furnished,26,7678709,24668
Lalghati,2,3,966,Furnished,26,4612225,13072
Lalghati,5,2,4938,Furnished,3,23790589,69976
Kamla Nagar,2,1,1123,Furnished,16,5890907,16793
kohefiza,1,3,741,Unfurnished,24,3352981,7924
Kolar hills,2,1,1173,Furnished,9,5765127,15939
Gandhi nagar,1,4,486,Furnished,26,3056109,12555
Chuna Bhatti,2,2,970,Semi-Furnished,27,4533411,11029
Saket nagar,4,3,3390,Unfurnished,14,23120826,79749
MP Nagar,5,1,4288,Unfurnished,20,34382011,108121
Arjun Nagar,4,2,2110,Unfurnished,29,12688997,43305
Habibganj,1,2,666,Unfurnished,3,3703482,12758
Kolar hills,5,4,4148,Furnished,5,20671524,61836
Kamla Nagar,1,3,705,Furnished,8,3701780,9804
Shanti Nagar,4,2,2030,Semi-Furnished,15,11987492,38032
MP Nagar,5,3,3709,Unfurnished,25,29734008,90911
Ratnagiri,2,3,1181,Furnished,5,5538488,14080
Kamla Nagar,3,2,1586,Unfurnished,11,8162859,23628
Service road,1,2,487,Furnished,21,2820010,7853
sultaniya road,5,2,3825,Semi-Furnished,1,19957976,62066
Avadhpuri,1,2,649,Semi-Furnished,19,2836439,7722
Barkheda,4,2,2272,Unfurnished,1,10028092,28969
Karond,2,1,1071,Furnished,8,5220779,16720
Arera Colony,1,1,693,Furnished,10,5122000,17042
Bawadiya Kalan,5,3,3768,Furnished,24,16945122,43742
Gulmohar,2,4,823,Unfurnished,14,5350662,17033
Saket nagar,3,4,1919,Unfurnished,20,13018637,44263
Arera Colony,1,3,637,Furnished,8,4846133,15359
Arjun Nagar,5,4,4700,Furnished,0,28287575,93551
Arera Colony,2,1,1124,Furnished,30,8505758,26078
MP Nagar,2,2,906,Unfurnished,8,7189261,21694
Arjun Nagar,5,3,3251,Unfurnished,17,19522712,65918
Kolar Road,5,4,3669,Unfurnished,6,18310391,56756
Minal,2,3,829,Unfurnished,22,3852210,10405
jahangirabad,5,3,4539,Semi-Furnished,1,20866851,55287
Indrapuri,3,1,1485,Unfurnished,1,5869017,13809
VIP road,4,4,3327,Furnished,26,21660110,68387
New market,2,4,925,Furnished,7,6463546,18428
Avadhpuri,4,3,2614,Semi-Furnished,18,11454507,33928
Govindpura,4,2,2427,Semi-Furnished,2,12794425,36992
Vikas Nagar,3,2,1274,Semi-Furnished,22,8762453,29702
Lalghati,5,2,4749,Semi-Furnished,20,22748421,65276
Arjun Nagar,3,1,1503,Furnished,8,8952548,31766
Gulmohar,1,3,606,Unfurnished,2,3900598,11180
Kolar hills,5,3,3758,Semi-Furnished,20,18725120,56916
Ayodhya nagar,3,2,1273,Furnished,22,7815709,27682
Kolar Road,2,2,1076,Unfurnished,25,5392187,16217
Bittan Market,5,2,4940,Furnished,27,34525986,107376
Kolar hills,3,1,1527,Semi-Furnished,26,7666194,24341
Indrapuri,5,2,4746,Semi-Furnished,14,18899729,48429
Kolar hills,3,2,1566,Unfurnished,10,7837669,22386
Ayodhya nagar,5,1,4164,Furnished,15,25865479,95447
eidgah hills,4,3,2239,Unfurnished,9,13452963,45045
Piplani,2,2,1051,Semi-Furnished,24,7417008,22660
Shanti Nagar,1,1,712,Semi-Furnished,23,4235017,12104
Bairagarh,1,3,663,Unfurnished,20,2893597,6957
Kolar hills,4,4,2249,Furnished,21,11160331,32352
char Imli,1,2,477,Furnished,18,3163891,10539
Hoshangabad Road,1,2,658,Semi-Furnished,22,3382428,9430
sultaniya road,1,3,743,Unfurnished,26,3938489,12346
Kamla Nagar,4,2,3376,Furnished,0,17470219,52409
Saket nagar,4,3,2243,Unfurnished,1,15218293,49647
Ratnagiri,3,3,1643,Unfurnished,29,7640793,20456
Minal,1,2,448,Furnished,26,2165811,6401
Habibganj,1,3,561,Furnished,15,3184946,9001
Bairagarh,4,3,2085,Unfurnished,16,9462393,25239
Shyamla Hills,4,1,2312,Semi-Furnished,19,17319984,57377
Anand nagar,1,1,715,Furnished,6,4070622,15203
Ashoka garden,4,2,2181,Furnished,13,11372408,36612
Habibganj,5,1,4101,Furnished,5,22603417,72959
Indrapuri,5,1,3893,Furnished,22,15565571,40511
Service road,1,1,778,Unfurnished,0,4543420,13089
Arera Colony,3,4,1670,Unfurnished,19,12516821,42068
Avadhpuri,4,3,3184,Unfurnished,23,14079104,41031
Shivaji Nagar,4,3,2998,Furnished,5,17991028,59915
Tajul masjid,3,1,1838,Furnished,22,10020499,34243
Barkheda,1,1,712,Semi-Furnished,4,3219024,8367
Bawadiya Kalan,3,1,1255,Semi-Furnished,29,5577953,15540
Govindpura,4,4,3440,Unfurnished,14,18211882,53349
Tajul masjid,1,1,555,Semi-Furnished,11,3084720,11008
Bittan Market,2,2,831,Unfurnished,22,5825933,18199
Ayodhya nagar,4,1,3137,Unfurnished,23,19502464,71586
Gulmohar,2,2,907,Semi-Furnished,6,5755030,20892
Arjun Nagar,1,1,619,Unfurnished,15,3703816,13056
Bawadiya Kalan,2,4,969,Unfurnished,28,4280201,12440
Barkheda,5,3,3209,Furnished,18,14175325,43550
Bittan Market,3,4,1582,Semi-Furnished,9,11019525,35064
Bairagarh,3,4,1325,Furnished,20,5992823,16487
Gandhi nagar,3,1,1227,Semi-Furnished,24,7597244,29769
Ayodhya nagar,1,1,631,Furnished,26,3854742,13666
kohefiza,3,1,1568,Furnished,14,7076537,19151
Kolar hills,3,1,1463,Unfurnished,12,7294872,21666
Avadhpuri,4,3,2478,Unfurnished,13,10994477,30797
Arjun Nagar,4,2,2669,Semi-Furnished,29,16093025,51565
Arjun Nagar,3,2,1703,Unfurnished,27,10170152,35912
Shyamla Hills,5,4,4282,Semi-Furnished,23,32090004,105555
Anand nagar,4,3,2064,Semi-Furnished,27,11898452,37387
Karond,4,3,3279,Furnished,17,15974002,47475
Minal,3,4,1855,Furnished,5,8756512,22696
Tajul masjid,3,3,1840,Unfurnished,20,10125107,33206
Habibganj,4,4,3389,Furnished,29,18680746,60598
Vikas Nagar,1,1,417,Unfurnished,25,2857013,7798
Bittan Market,4,1,2407,Semi-Furnished,30,16756217,53496
Saket nagar,2,2,816,Unfurnished,0,5575688,17179
Kolar Road,4,2,3012,Semi-Furnished,11,15027340,46516
Karond,3,4,1759,Semi-Furnished,12,8625167,26238
Gandhi nagar,2,3,826,Semi-Furnished,21,5056073,17708
Govindpura,2,2,1045,Semi-Furnished,9,5491107,17195
Misrod,4,2,2181,Semi-Furnished,10,9130533,24748
eidgah hills,1,3,427,Unfurnished,7,2531484,6710
Gulmohar,4,1,3436,Semi-Furnished,6,22011276,73528
Shyamla Hills,3,1,1966,Unfurnished,10,14770269,49707
Kamla Nagar,3,2,1507,Furnished,29,7898195,24795
Roshanpura,5,1,4116,Furnished,13,19698401,58934
Bairagarh,2,1,1059,Furnished,12,4745585,13347
Bittan Market,5,1,4513,Furnished,25,31527106,99189
Bawadiya Kalan,5,3,4851,Semi-Furnished,1,21894531,57164
Kolar hills,3,1,1891,Unfurnished,18,9381843,28007
Govindpura,4,2,2982,Unfurnished,0,15745766,47720
Tajul masjid,4,1,3315,Furnished,25,18165068,58641
Nizamuddin colony,5,1,3064,Semi-Furnished,24,19839285,64724
Narela,2,2,819,Unfurnished,13,3469833,10039
Kolar Road,4,2,2049,Semi-Furnished,13,10251891,32588
Lalghati,5,3,3716,Unfurnished,15,17872496,53688
Kamla Nagar,2,2,1107,Unfurnished,12,5731330,16400
Prabhat petrol pump,1,4,525,Unfurnished,1,2534840,8283
Misrod,1,4,484,Semi-Furnished,16,2040948,4259
Gandhi nagar,3,1,1682,Unfurnished,2,10358522,39322
MP Nagar,3,1,1248,Furnished,8,10001977,31672
MP Nagar,3,2,1323,Unfurnished,6,10627630,31614
Gulmohar,3,2,1397,Semi-Furnished,25,8913360,30735
Ratnagiri,2,3,929,Unfurnished,28,4378302,11280
jahangirabad,4,3,3484,Furnished,25,15971519,40519
MP Nagar,3,2,1203,Semi-Furnished,27,9585053,31013
Roshanpura,1,4,731,Furnished,28,3551771,11033
chuna bhatti,3,1,1405,Unfurnished,8,6698481,19852
Lalghati,2,2,1091,Unfurnished,21,5324776,17098
Gulmohar,1,2,588,Unfurnished,20,3696186,11210
char Imli,4,1,3081,Furnished,9,20388331,64035
Lalghati,3,2,1503,Semi-Furnished,30,7193885,22142
kohefiza,4,1,3096,Unfurnished,10,14027293,36907
Kolar Road,4,2,2995,Semi-Furnished,20,14910854,45932
Saket nagar,5,3,3287,Semi-Furnished,10,22425463,75406
Ayodhya nagar,3,1,1873,Semi-Furnished,16,11658683,41317
Bairagarh,5,2,4377,Unfurnished,25,19661923,51332
Govindpura,3,1,1651,Semi-Furnished,11,8809460,26682
jahangirabad,2,4,990,Furnished,29,4455632,13371
Hoshangabad Road,2,3,1007,Unfurnished,12,5085766,16727
Bairagarh,5,1,3642,Furnished,13,16401675,44599
Prabhat petrol pump,4,2,2178,Furnished,20,10579730,31400
Bittan Market,1,2,433,Unfurnished,1,3112648,10539
Avadhpuri,3,2,1655,Furnished,21,7279218,22924
Arjun Nagar,2,4,1062,Furnished,4,6276883,19871
Govindpura,2,4,989,Furnished,13,5237141,16749
Habibganj,5,1,4245,Unfurnished,0,23389744,77083
Chuna Bhatti,4,2,2047,Furnished,17,9630319,27104
Karond,1,2,433,Semi-Furnished,26,2128344,7567
ibrahimpura,3,1,1302,Semi-Furnished,10,5628708,14839
Lalghati,4,2,2784,Unfurnished,16,13284628,40267
Arjun Nagar,5,4,3174,Unfurnished,18,19094189,62077
Roshanpura,2,3,982,Unfurnished,28,4668462,13304
Indrapuri,3,3,1245,Unfurnished,7,4998860,11630
Lalghati,5,3,4767,Furnished,12,22894760,68212
kohefiza,3,1,1297,Furnished,0,5784047,16343
MP Nagar,5,4,3332,Furnished,20,26718731,82780
Nizamuddin colony,4,1,2191,Unfurnished,2,14328803,44095
New market,2,3,1067,Furnished,8,7376788,25002
Vikas Nagar,5,1,4848,Furnished,15,32997227,111454
Avadhpuri,5,1,4259,Furnished,20,18660315,55334
Karond,3,1,1560,Furnished,5,7594158,21134
Arera Colony,5,4,3466,Furnished,3,25978817,81662
Karond,3,3,1967,Semi-Furnished,11,9616597,27586
Lalghati,2,4,1115,Unfurnished,27,5420194,14758
Arera Colony,2,1,1177,Furnished,17,8915414,27126
Shyamla Hills,4,1,2983,Semi-Furnished,17,22307177,75082
ibrahimpura,1,2,770,Semi-Furnished,29,3338835,8437
Habibganj,2,2,948,Furnished,4,5220671,19045
Ayodhya nagar,2,4,861,Unfurnished,24,5389184,19741
Minal,2,3,1184,Furnished,16,5538222,15407
Prabhat petrol pump,4,3,3236,Furnished,24,15926153,47167
Ayodhya bypass,1,3,710,Unfurnished,9,3684137,10311
VIP road,5,2,4079,Semi-Furnished,22,26459571,86686
Gulmohar,1,3,619,Furnished,18,3881569,13912
Prabhat petrol pump,1,1,685,Furnished,19,3393957,9190
Bairagarh,4,4,2966,Semi-Furnished,0,13276787,34618
Ratnagiri,4,3,2688,Unfurnished,12,12646615,36583
Roshanpura,2,2,1128,Unfurnished,16,5492985,16193
Bittan Market,1,4,631,Furnished,9,4417408,12332
Avadhpuri,1,3,430,Furnished,7,1899628,6006
Shanti Nagar,2,4,965,Semi-Furnished,7,5674471,17521
Bairagarh,2,3,1163,Semi-Furnished,10,5233801,12089
kohefiza,4,2,3130,Furnished,23,13986221,38205
Nizamuddin colony,5,3,3537,Furnished,22,22971796,73050
Arera Colony,2,2,1167,Semi-Furnished,17,8716881,28051
VIP road,4,2,2512,Furnished,17,16244968,52609
Ayodhya nagar,4,1,3084,Semi-Furnished,18,19021702,70356
Karond,1,3,558,Unfurnished,28,2722855,7572
Arjun Nagar,5,2,3064,Semi-Furnished,0,18352200,60012
eidgah hills,4,3,2773,Semi-Furnished,3,16561635,57366
Barkheda,1,4,693,Semi-Furnished,13,2956677,8602
Shivaji Nagar,3,2,1476,Unfurnished,16,8799967,31425
Vijay nagar,1,1,515,Unfurnished,0,3724380,14122
Ayodhya nagar,3,1,1936,Furnished,6,11944157,45998
Chuna Bhatti,5,4,4301,Semi-Furnished,4,20121271,56964
Ayodhya bypass,3,4,1635,Furnished,24,8760182,24331
sultaniya road,3,3,1240,Semi-Furnished,29,6374468,21655
Hoshangabad Road,5,2,4395,Unfurnished,14,22325751,67168
Indrapuri,3,1,1851,Unfurnished,28,7443866,19437
Prabhat petrol pump,5,3,3411,Unfurnished,7,16674080,49083
New market,1,4,515,Semi-Furnished,21,3658554,13092
Vijay nagar,3,3,1885,Semi-Furnished,6,13650101,46747
jahangirabad,4,4,2768,Furnished,18,12810212,33794
Prabhat petrol pump,2,2,1001,Unfurnished,17,4966574,14127
Karond,2,3,1144,Unfurnished,7,5526546,17814
sultaniya road,4,2,2520,Furnished,24,13179193,41210
Bittan Market,4,1,2299,Semi-Furnished,19,16033891,48865
kohefiza,5,3,3176,Semi-Furnished,24,14310946,37466
Arjun Nagar,3,2,1903,Semi-Furnished,30,11382374,36868
Barkheda,1,4,464,Semi-Furnished,2,2075852,5064
Shyamla Hills,2,1,882,Unfurnished,30,6645936,20501
Ashoka garden,1,4,485,Unfurnished,30,2449873,6549
Avadhpuri,5,1,3253,Semi-Furnished,13,14368147,40938
eidgah hills,1,4,448,Unfurnished,0,2777823,9016
eidgah hills,4,2,2549,Semi-Furnished,9,15389338,51975
Kolar Road,1,3,745,Unfurnished,19,3749506,12952
Ayodhya nagar,2,2,886,Unfurnished,17,5422784,22230
Karond,1,3,607,Unfurnished,12,3043615,6821
eidgah hills,2,2,951,Unfurnished,12,5652090,18232
Tajul masjid,2,2,1058,Furnished,23,5778399,19873
Minal,3,1,1687,Furnished,20,7998242,23565
Vikas Nagar,2,1,870,Unfurnished,19,5888385,18032
Anand nagar,4,1,2408,Semi-Furnished,14,14008822,45393
Minal,3,4,1418,Unfurnished,9,6654184,18230
New market,5,4,3673,Furnished,29,25718140,79424
Minal,2,4,904,Semi-Furnished,19,4332840,13239
char Imli,2,1,981,Semi-Furnished,3,6386987,19947
Roshanpura,4,4,2069,Furnished,25,9955119,30739
Ayodhya nagar,2,2,1138,Furnished,14,6958298,27910
Indrapuri,1,4,516,Unfurnished,24,2014746,3937
jahangirabad,5,4,4820,Unfurnished,15,22218731,58431
Tajul masjid,2,4,829,Furnished,20,4495389,16136
Tajul masjid,5,2,4765,Unfurnished,15,26201323,84912
Ayodhya nagar,1,2,687,Semi-Furnished,28,4267065,15449
Kolar Road,4,3,3470,Unfurnished,9,17367508,52422
VIP road,4,4,2718,Unfurnished,10,17631385,59056
Saket nagar,1,1,601,Unfurnished,3,4169753,14036
Ratnagiri,4,2,2349,Furnished,7,11103445,31473
Shanti Nagar,2,2,943,Unfurnished,3,5498873,17851
Arera Colony,5,3,4679,Unfurnished,1,35140344,111149
sultaniya road,3,4,1620,Furnished,17,8388700,24153
Avadhpuri,1,2,433,Semi-Furnished,2,1997639,3814
Bittan Market,4,4,3277,Semi-Furnished,19,22968346,72740
Ratnagiri,3,3,1687,Furnished,27,7883986,23545
Avadhpuri,1,4,648,Semi-Furnished,21,2870363,7049
Gulmohar,4,3,2308,Furnished,1,14699315,48485
Avadhpuri,2,1,1073,Semi-Furnished,1,4662005,13849
Nizamuddin colony,1,4,585,Furnished,20,3861867,13946
Ashoka garden,5,2,4210,Furnished,30,21916949,66467
Misrod,3,4,1708,Unfurnished,10,7266385,17384
Govindpura,3,2,1487,Unfurnished,27,7917488,23821
New market,1,3,478,Unfurnished,13,3252705,11833
ibrahimpura,4,2,3148,Semi-Furnished,15,13566210,33482
Shivaji Nagar,4,2,2854,Unfurnished,22,17074565,58499
Hoshangabad Road,1,4,779,Furnished,7,3910009,11321
Service road,3,2,1649,Semi-Furnished,7,9495343,32440
Lalghati,4,2,2322,Semi-Furnished,30,11172474,33045
char Imli,1,2,499,Furnished,9,3382007,10959
sultaniya road,3,4,1619,Furnished,2,8321126,27155
Bawadiya Kalan,2,4,812,Semi-Furnished,11,3665533,9270
Vikas Nagar,4,4,2048,Unfurnished,17,13839748,46392
Hoshangabad Road,1,4,527,Furnished,21,2629059,7594
Kamla Nagar,1,1,568,Semi-Furnished,7,2958676,8864
Indrapuri,2,2,998,Semi-Furnished,13,4077135,11401
Nizamuddin colony,3,2,1344,Unfurnished,21,8816364,28256
Vikas Nagar,3,3,1255,Unfurnished,7,8511167,29657
Habibganj,1,2,533,Unfurnished,5,2871313,9493
Kolar Road,4,2,2846,Semi-Furnished,26,14314869,42024
Piplani,4,3,2115,Semi-Furnished,1,14896268,47105
Barkheda,5,4,4769,Furnished,5,20986968,63261
Ayodhya bypass,2,4,868,Furnished,20,4542317,14375
Nizamuddin colony,1,2,499,Semi-Furnished,0,3246501,8485
eidgah hills,2,2,899,Furnished,21,5414803,16236
Avadhpuri,5,2,3951,Semi-Furnished,30,17304113,53127
Habibganj,2,3,1033,Furnished,2,5583492,18359
Arera Colony,2,1,1076,Semi-Furnished,20,8076104,25748
Sonagiri,5,1,4636,Semi-Furnished,21,21420424,54651
Gandhi nagar,4,3,3236,Furnished,7,19981237,74580
char Imli,1,3,475,Furnished,0,3201344,11128
Kolar hills,3,3,1856,Semi-Furnished,6,9228693,26449
Ashoka garden,2,2,1154,Unfurnished,0,5999647,19965
Chuna Bhatti,1,2,741,Unfurnished,3,3569398,9390
chuna bhatti,3,3,1965,Unfurnished,6,9305667,26356
Arera Colony,2,2,1012,Semi-Furnished,27,7579936,25510
Roshanpura,3,2,1727,Semi-Furnished,16,8254829,22942
Misrod,1,3,766,Furnished,21,3245301,8065
Prabhat petrol pump,1,2,526,Furnished,12,2646035,5863
Anand nagar,5,1,3146,Semi-Furnished,4,18222888,60338
Roshanpura,1,2,730,Semi-Furnished,17,3551128,11765
kohefiza,1,2,668,Furnished,0,2980755,7579
Bittan Market,4,4,3418,Furnished,22,23909046,75684
kohefiza,4,3,2163,Furnished,11,9698604,24530
Service road,3,1,1265,Furnished,3,7254414,23842
Saket nagar,1,3,573,Semi-Furnished,15,3978188,11377
Ratnagiri,5,4,3576,Furnished,6,16791243,45245
Roshanpura,1,3,641,Semi-Furnished,5,3150312,10691
jahangirabad,5,2,3811,Furnished,18,17611772,47167
Ayodhya bypass,2,4,1117,Furnished,21,5957947,17572
eidgah hills,4,4,2280,Furnished,6,13757054,45915
char Imli,1,4,457,Furnished,8,2996763,11300
Indrapuri,3,3,1673,Furnished,19,6784961,18049
eidgah hills,5,2,3089,Unfurnished,2,18610122,61525
Kolar Road,5,4,4843,Semi-Furnished,11,24156461,71096
Service road,1,4,560,Unfurnished,28,3225883,10838
Lalghati,3,3,1263,Semi-Furnished,7,6157362,18411
MP Nagar,5,4,4197,Furnished,27,33621924,103113
Minal,2,1,988,Semi-Furnished,12,4655747,11738
eidgah hills,2,4,906,Furnished,15,5501536,16765
Chuna Bhatti,2,2,935,Furnished,1,4380595,10416
Chuna Bhatti,1,3,412,Unfurnished,23,1957997,5880
Vijay nagar,3,4,1464,Furnished,22,10465246,34576
Minal,4,3,3291,Semi-Furnished,30,15435222,44032
Anand nagar,3,1,1530,Semi-Furnished,30,8802309,27655
Indrapuri,5,2,3714,Furnished,2,14854346,37104
Chuna Bhatti,3,2,1345,Semi-Furnished,25,6357566,18124
Govindpura,3,1,1479,Semi-Furnished,13,7843276,22002
Hoshangabad Road,1,2,467,Furnished,5,2397758,5248
Kolar hills,2,3,959,Unfurnished,28,4814385,15893
Lalghati,2,4,959,Unfurnished,26,4554236,14693
Vikas Nagar,5,4,4287,Furnished,1,29136518,98500
Saket nagar,2,3,1050,Furnished,20,7222809,25272
Shanti Nagar,3,2,1334,Unfurnished,30,7816696,23639
Shivaji Nagar,1,1,655,Unfurnished,24,3946669,13949
Kolar Road,4,1,2001,Unfurnished,12,9948132,31922
ibrahimpura,3,4,1895,Semi-Furnished,1,8105946,22472
Narela,4,2,2206,Semi-Furnished,8,9471279,23970
Gulmohar,3,1,1509,Semi-Furnished,14,9557881,30153
Bawadiya Kalan,4,4,3037,Unfurnished,22,13756213,35441
Chuna Bhatti,1,1,485,Furnished,1,2196175,6874
Ratnagiri,1,2,438,Semi-Furnished,24,2027599,7118
Avadhpuri,5,1,4614,Unfurnished,17,20254080,61656
Prabhat petrol pump,4,3,3027,Semi-Furnished,23,14801829,42344
New market,1,4,733,Semi-Furnished,16,5097717,15328
Kolar Road,1,4,407,Furnished,28,1955250,4778
Lalghati,5,2,4199,Semi-Furnished,19,20075957,57012
Karond,1,1,540,Unfurnished,3,2739708,7051
Avadhpuri,1,1,755,Furnished,14,3236065,11128
kohefiza,2,3,1093,Unfurnished,18,4938063,13281
Service road,4,2,2816,Semi-Furnished,27,16370427,51553
Gandhi nagar,2,3,1091,Semi-Furnished,12,6697327,24541
Gulmohar,2,2,962,Semi-Furnished,26,6109772,21983
New market,1,4,522,Furnished,11,3666416,13445
sultaniya road,3,2,1905,Furnished,1,9929971,28621
VIP road,5,4,3811,Semi-Furnished,5,24741867,78868
Lalghati,2,2,995,Furnished,15,4693310,15244
eidgah hills,3,1,1345,Furnished,10,8169031,26753
Tajul masjid,4,2,3469,Unfurnished,17,19043724,63528
Shanti Nagar,5,1,3327,Furnished,9,19586266,61843
Ratnagiri,4,4,2757,Furnished,1,12889374,37413
chuna bhatti,1,2,502,Semi-Furnished,2,2382241,7522
Gandhi nagar,1,4,485,Unfurnished,21,3085312,9591
Bittan Market,5,3,4955,Unfurnished,19,34756092,108056
Prabhat petrol pump,1,1,534,Furnished,0,2648332,7063
Prabhat petrol pump,2,2,876,Unfurnished,19,4292673,12876
Karond,3,3,1324,Semi-Furnished,17,6569881,19988
Avadhpuri,4,3,3099,Semi-Furnished,14,13703592,42157
Hoshangabad Road,5,1,3260,Furnished,28,16636801,49709
Misrod,2,1,887,Furnished,23,3729076,10565
Barkheda,2,1,914,Unfurnished,11,4000384,10353
ibrahimpura,4,4,2702,Unfurnished,20,11614897,31458
Arjun Nagar,4,3,3268,Unfurnished,29,19528202,65576
jahangirabad,4,3,3120,Unfurnished,18,14365307,38918
Ayodhya nagar,1,2,644,Furnished,13,4020247,14690
Shanti Nagar,1,4,493,Furnished,19,2886583,9574
New market,2,3,930,Furnished,17,6545562,18939
MP Nagar,5,4,4550,Semi-Furnished,10,36331066,113365
New market,2,3,808,Semi-Furnished,4,5617779,19486
Lalghati,5,1,3149,Unfurnished,24,15030100,42135
Bawadiya Kalan,1,1,559,Semi-Furnished,11,2594785,8209
Arera Colony,5,1,4451,Furnished,8,33399297,107798
Nizamuddin colony,5,3,3093,Furnished,17,20163922,64897
Sonagiri,3,1,1979,Semi-Furnished,4,9125470,22612
Piplani,1,1,710,Unfurnished,28,4943098,15978
Minal,2,2,1002,Furnished,8,4763491,12747
Bairagarh,4,3,2467,Semi-Furnished,1,11025984,28652
Bittan Market,2,1,801,Semi-Furnished,30,5690757,19520
Lalghati,4,2,2011,Semi-Furnished,24,9562409,28193
Vijay nagar,3,1,1927,Unfurnished,19,13820707,44785
Saket nagar,4,1,2027,Semi-Furnished,25,13832480,48445
kohefiza,4,4,3374,Semi-Furnished,19,15217241,41014
char Imli,5,4,4787,Semi-Furnished,18,31656122,99907
Nizamuddin colony,2,4,805,Semi-Furnished,29,5266346,15482
Bairagarh,3,1,1994,Unfurnished,19,8938573,24832
ibrahimpura,4,3,2944,Semi-Furnished,3,12722470,31678
Karond,4,3,3385,Unfurnished,21,16595919,48564
Arjun Nagar,5,3,4494,Unfurnished,5,27010100,90146
Sonagiri,3,3,1776,Semi-Furnished,15,8120966,22687
MP Nagar,5,3,3348,Furnished,23,26686586,85165
sultaniya road,3,4,1606,Furnished,20,8371838,26877
Service road,3,2,1460,Furnished,4,8458278,26500
Shivaji Nagar,1,2,745,Furnished,12,4457649,15718
Sonagiri,4,2,3141,Semi-Furnished,6,14536515,36447
jahangirabad,3,4,1223,Furnished,25,5547874,13362
Lalghati,5,4,3646,Furnished,16,17487581,50385
Barkheda,5,1,4634,Unfurnished,28,20384808,61170
Lalghati,4,2,2296,Furnished,12,10931461,30562
Anand nagar,5,4,4730,Unfurnished,19,27468329,89326
Prabhat petrol pump,4,3,2562,Unfurnished,4,12480192,34712
Misrod,4,1,3001,Furnished,18,12700405,34735
Ratnagiri,3,1,1992,Furnished,17,9452171,25883
Ashoka garden,3,1,1807,Semi-Furnished,14,9422494,29891
Chuna Bhatti,3,3,1870,Furnished,24,8702457,23977
Ayodhya bypass,5,4,3435,Unfurnished,24,18106890,53498
Arera Colony,1,2,538,Unfurnished,17,4017886,13430
Kolar Road,3,1,1444,Semi-Furnished,12,7156510,23266
Prabhat petrol pump,2,3,868,Semi-Furnished,9,4264325,12447
Indrapuri,3,4,1368,Unfurnished,23,5406093,14599
Nizamuddin colony,2,4,1111,Semi-Furnished,26,7158202,23846
Misrod,3,3,1482,Furnished,12,6129123,15607
Bawadiya Kalan,5,3,4526,Furnished,21,20333500,53939
Sonagiri,3,3,1722,Unfurnished,1,7998759,19468
kohefiza,4,1,2541,Semi-Furnished,19,11359629,29524
Misrod,1,3,576,Semi-Furnished,28,2417364,8020
Bittan Market,3,2,1386,Semi-Furnished,6,9642227,31595
Misrod,3,2,1729,Unfurnished,13,7359146,20693
Bawadiya Kalan,1,3,653,Semi-Furnished,14,2927298,6671
Anand nagar,4,1,3446,Semi-Furnished,26,20023850,63732
Shanti Nagar,4,1,2214,Semi-Furnished,0,12964919,41140
Gulmohar,1,4,745,Semi-Furnished,25,4780722,17415
Ratnagiri,2,4,912,Semi-Furnished,24,4188436,10581
Arjun Nagar,3,2,1998,Semi-Furnished,2,11915778,41522
Misrod,2,1,1125,Unfurnished,5,4655727,14151
Arjun Nagar,3,2,1496,Unfurnished,13,8929553,30604
Shyamla Hills,3,4,1492,Semi-Furnished,28,11125000,38120
Anand nagar,4,3,3087,Furnished,15,17944852,60517
Ratnagiri,1,3,725,Furnished,7,3365842,8364
kohefiza,1,1,405,Furnished,16,1741799,5891
Habibganj,4,4,3206,Furnished,15,17647825,55923
New market,5,4,4648,Semi-Furnished,18,32558560,100371
Vikas Nagar,1,3,648,Unfurnished,21,4495997,13675
Shanti Nagar,3,2,1445,Unfurnished,15,8508761,25495
Arera Colony,5,3,3200,Furnished,11,23995519,77971
Nizamuddin colony,5,3,3628,Unfurnished,25,23647789,75593
chuna bhatti,4,2,3089,Semi-Furnished,7,14463314,39372
VIP road,3,2,1216,Semi-Furnished,16,7820980,26738
Ayodhya bypass,2,2,1020,Furnished,2,5326703,18067
Shanti Nagar,5,3,4507,Semi-Furnished,12,26540917,87116
Sonagiri,5,3,4232,Semi-Furnished,14,19405983,49289
Gandhi nagar,2,1,1177,Unfurnished,22,7373978,25700
Vikas Nagar,3,2,1538,Furnished,6,10486283,36943
Ayodhya bypass,3,1,1358,Unfurnished,18,7109738,21231
kohefiza,5,2,3806,Unfurnished,18,17165717,46992
Roshanpura,4,3,3118,Semi-Furnished,13,14957547,43740
Karond,5,3,4926,Unfurnished,16,24218225,69725
MP Nagar,2,3,1012,Semi-Furnished,2,8041710,25466
Bittan Market,5,1,3494,Furnished,20,24403200,75509
char Imli,5,3,3341,Furnished,1,22111769,71157
Misrod,4,4,2693,Furnished,10,11282930,27954
MP Nagar,5,1,3706,Furnished,4,29585775,92984
Vijay nagar,4,1,3062,Semi-Furnished,30,22134743,74253
Habibganj,2,2,1083,Furnished,16,6005065,20052
ibrahimpura,1,2,752,Unfurnished,9,3182466,8193
Ayodhya nagar,5,4,4156,Unfurnished,5,25671624,94651
Bawadiya Kalan,3,3,1512,Furnished,21,6803850,17960
Hoshangabad Road,5,4,4220,Unfurnished,19,21444458,64145
Minal,2,1,1093,Furnished,7,5177033,14657
Shyamla Hills,4,1,2540,Semi-Furnished,18,19080650,62902
char Imli,4,1,2707,Furnished,11,17830238,56922
eidgah hills,3,3,1396,Unfurnished,20,8325720,28500
Habibganj,1,3,574,Furnished,2,3152249,9933
Ayodhya bypass,4,1,3289,Semi-Furnished,23,17392468,51919
Misrod,5,4,4223,Unfurnished,21,17775898,45452
Piplani,2,1,1149,Unfurnished,17,8063205,26720
Bairagarh,2,2,1064,Unfurnished,28,4859277,11303
Shanti Nagar,1,1,784,Furnished,16,4643856,16115
Tajul masjid,4,1,2751,Unfurnished,19,15065541,50244
Anand nagar,3,4,1905,Semi-Furnished,3,11031112,36619
Prabhat petrol pump,5,1,4501,Semi-Furnished,24,22151864,62431
Barkheda,1,2,712,Semi-Furnished,4,3127324,11134
kohefiza,3,4,1555,Unfurnished,13,6994162,18076
Vikas Nagar,5,2,4785,Semi-Furnished,23,32444765,108658
Ayodhya nagar,3,4,1739,Unfurnished,11,10699214,39676
Vijay nagar,1,1,671,Semi-Furnished,28,4908975,16593
sultaniya road,5,4,3593,Unfurnished,15,18762203,58641
Roshanpura,3,2,1289,Unfurnished,16,6174459,17436
Misrod,3,2,1949,Semi-Furnished,28,8212925,22645
kohefiza,2,3,883,Furnished,21,3959755,9682
Shivaji Nagar,5,1,4795,Semi-Furnished,22,28686516,95882
Narela,1,1,509,Furnished,14,2244355,4965
ibrahimpura,4,3,2289,Semi-Furnished,17,9765128,24337
Sonagiri,5,1,3702,Semi-Furnished,3,17075191,46382
Karond,4,1,2189,Semi-Furnished,27,10809285,32452
Misrod,5,3,3638,Semi-Furnished,25,15262900,39599
Prabhat petrol pump,3,3,1797,Unfurnished,6,8808460,25156
Ayodhya bypass,5,3,3855,Semi-Furnished,4,20386134,63227
jahangirabad,1,3,567,Furnished,9,2627087,5384
kohefiza,1,3,763,Semi-Furnished,0,3521413,10266
Kamla Nagar,2,2,1109,Unfurnished,11,5701272,19335
Bairagarh,2,4,1154,Semi-Furnished,30,5231408,13300
Anand nagar,5,4,3743,Unfurnished,12,21796308,69348
Anand nagar,3,1,1223,Semi-Furnished,19,7003350,21826
Shyamla Hills,4,2,3024,Unfurnished,25,22768925,74688
Minal,4,4,2064,Semi-Furnished,25,9773357,27637
Chuna Bhatti,4,4,2686,Furnished,0,12692512,36212
Barkheda,2,3,1125,Furnished,4,5014154,13608
Bawadiya Kalan,4,2,2317,Semi-Furnished,11,10431922,26371
Ayodhya bypass,3,2,1273,Furnished,1,6774243,21256
Tajul masjid,1,4,461,Unfurnished,0,2493341,8029
Service road,5,4,3971,Furnished,0,23007386,75412
Indrapuri,4,1,3432,Unfurnished,16,13701465,34330
Narela,1,1,436,Furnished,25,1971730,3615
Kolar Road,1,4,701,Semi-Furnished,5,3433760,12515
Gandhi nagar,3,2,1761,Furnished,17,10845728,38522
Shanti Nagar,4,2,2375,Semi-Furnished,23,13928348,44869
Ayodhya bypass,3,3,1552,Furnished,10,8210338,23095
Indrapuri,4,4,2815,Unfurnished,27,11355367,27514
Hoshangabad Road,1,1,429,Furnished,26,2231299,6201
sultaniya road,4,2,3048,Unfurnished,3,15778165,50721
Tajul masjid,4,1,2883,Unfurnished,7,15802280,52680
sultaniya road,2,2,1078,Unfurnished,23,5660465,18320
Ratnagiri,4,4,2922,Furnished,16,13753523,36708
Kolar hills,3,3,1628,Semi-Furnished,4,8222288,25825
jahangirabad,4,1,2075,Furnished,7,9472307,24029
Govindpura,4,3,3367,Unfurnished,23,17752376,52714
Minal,3,1,1432,Furnished,23,6653194,17077
Shivaji Nagar,2,4,1181,Semi-Furnished,3,7069556,21816
Chuna Bhatti,2,2,911,Unfurnished,30,4268950,11922
kohefiza,2,2,1155,Semi-Furnished,22,5158534,14345
Habibganj,1,3,667,Furnished,2,3738741,11553
Ratnagiri,4,1,3081,Unfurnished,29,14432050,39719
VIP road,4,4,3193,Unfurnished,24,20798870,68607
Arjun Nagar,5,2,3459,Semi-Furnished,3,20848200,71008
Bawadiya Kalan,3,1,1217,Unfurnished,30,5534747,14472
Prabhat petrol pump,3,4,1503,Unfurnished,27,7286309,23037
VIP road,1,1,797,Furnished,11,5274208,16841
Avadhpuri,5,3,3478,Semi-Furnished,29,15289346,46432
Shyamla Hills,3,2,1468,Furnished,6,11045154,37711
Lalghati,4,3,2586,Furnished,21,12451156,35221
Vijay nagar,5,2,4731,Furnished,10,34087832,112654
Piplani,1,1,559,Unfurnished,29,3896582,11334
char Imli,3,1,1791,Semi-Furnished,9,11764475,38865
Kamla Nagar,1,1,419,Semi-Furnished,5,2173576,7814
Indrapuri,3,2,1777,Furnished,11,7029724,19233
Service road,3,2,1476,Semi-Furnished,25,8617208,26633
Sonagiri,1,2,768,Furnished,17,3444338,7985
Shyamla Hills,3,4,1971,Furnished,23,14796090,49753
sultaniya road,1,3,561,Furnished,11,2998780,8107
Prabhat petrol pump,1,3,790,Unfurnished,4,3955687,11389
Minal,4,3,3070,Unfurnished,12,14484173,40626
Bawadiya Kalan,1,3,418,Semi-Furnished,20,1814411,6683
Arera Colony,2,1,903,Unfurnished,3,6782351,21635
Barkheda,1,3,468,Furnished,21,2091615,5098
Barkheda,5,1,4336,Unfurnished,5,19109451,56666
Anand nagar,1,2,465,Unfurnished,11,2793731,8909
Arera Colony,1,2,529,Unfurnished,12,3958074,13625
Gandhi nagar,1,3,536,Furnished,3,3228787,12515
Prabhat petrol pump,1,4,704,Furnished,16,3488560,9511
Shyamla Hills,3,3,1637,Semi-Furnished,0,12276289,41963
eidgah hills,3,1,1325,Furnished,3,7902583,26838
Barkheda,1,2,537,Unfurnished,16,2367186,5480
Nizamuddin colony,1,2,516,Furnished,27,3283054,11727
Gandhi nagar,1,3,459,Furnished,11,2829778,9565
MP Nagar,5,2,3307,Semi-Furnished,27,26435322,83126
Lalghati,4,1,2202,Semi-Furnished,18,10541593,31714
Shanti Nagar,4,3,3241,Furnished,16,19218495,59974
eidgah hills,1,4,787,Furnished,29,4766684,14581
Bairagarh,5,2,4115,Semi-Furnished,18,18487161,50448
Anand nagar,2,2,969,Semi-Furnished,11,5623665,17110
Ratnagiri,5,3,4490,Furnished,6,21122390,57442
MP Nagar,4,2,3146,Furnished,4,25071812,80244
New market,3,2,1375,Semi-Furnished,7,9706255,29085
Nizamuddin colony,4,4,3248,Furnished,27,21060959,66320
Habibganj,4,3,2015,Semi-Furnished,15,10984882,36620
Prabhat petrol pump,1,1,564,Furnished,16,2811423,9519
Arera Colony,5,4,3968,Unfurnished,17,29850618,95237
sultaniya road,3,4,1827,Semi-Furnished,10,9584995,30646
Vikas Nagar,2,2,802,Unfurnished,9,5483064,19544
Roshanpura,3,3,1573,Unfurnished,12,7586786,21745
Bawadiya Kalan,5,3,3352,Unfurnished,28,15144149,41666
Kamla Nagar,2,2,1171,Semi-Furnished,29,6060045,19022
Kamla Nagar,1,4,623,Semi-Furnished,15,3237837,10371
Arjun Nagar,2,3,881,Semi-Furnished,23,5246727,17801
Ashoka garden,5,3,4520,Unfurnished,20,23493992,70496
Anand nagar,2,4,1076,Semi-Furnished,3,6205727,22103
kohefiza,5,2,3453,Furnished,22,15520071,41903
Kamla Nagar,2,3,1042,Unfurnished,22,5355587,17462
Avadhpuri,3,3,1817,Furnished,15,8058803,24563
Piplani,3,1,1239,Unfurnished,12,8665589,29135
char Imli,2,2,1196,Semi-Furnished,27,7794966,23625
Ayodhya nagar,2,2,1184,Unfurnished,1,7395736,26946
Roshanpura,5,2,4548,Furnished,18,21740034,65668
Roshanpura,5,3,4872,Unfurnished,27,23345915,70137
sultaniya road,5,4,3359,Furnished,25,17455092,53175
Arera Colony,1,3,473,Semi-Furnished,25,3469611,9571
Ayodhya nagar,3,4,1757,Semi-Furnished,20,10988128,40671
Ayodhya nagar,4,2,3100,Semi-Furnished,8,19130432,71660
Service road,1,1,641,Unfurnished,1,3634021,11864
Shyamla Hills,1,2,535,Unfurnished,26,4054564,13584
Tajul masjid,3,2,1369,Unfurnished,6,7590688,23201
Narela,4,3,3069,Furnished,28,13123141,34766
Ayodhya nagar,3,3,1786,Furnished,8,11139265,42970
char Imli,5,4,4347,Unfurnished,21,28600285,90156
Arera Colony,5,1,4515,Semi-Furnished,13,33854396,107730
kohefiza,3,2,1542,Furnished,24,6877968,19463
Bairagarh,4,1,2205,Furnished,3,9966210,25774
Saket nagar,3,1,1644,Semi-Furnished,23,11199875,39756
Ashoka garden,5,3,4492,Furnished,30,23410528,70405
chuna bhatti,1,3,613,Furnished,6,2786929,9962
jahangirabad,4,3,2815,Semi-Furnished,30,12978121,32374
Minal,4,3,2264,Semi-Furnished,1,10688211,28499
Gulmohar,4,1,2405,Semi-Furnished,21,15325537,51022
Bairagarh,2,3,955,Semi-Furnished,27,4230875,11820
char Imli,4,1,2697,Unfurnished,27,17840020,57429
chuna bhatti,5,2,3654,Semi-Furnished,8,17201216,45776
Nizamuddin colony,3,3,1487,Unfurnished,18,9632580,33208
Chuna Bhatti,5,1,4604,Semi-Furnished,17,21664650,59431
Kolar Road,1,3,506,Unfurnished,27,2462352,6611
Sonagiri,4,3,3298,Furnished,9,15265497,40681
MP Nagar,1,4,594,Furnished,0,4685501,16401
Karond,5,4,4740,Furnished,9,23148568,66183
Sonagiri,5,2,3173,Furnished,26,14609617,36573
Bairagarh,4,4,2793,Semi-Furnished,15,12621142,31544
Vijay nagar,4,1,3140,Semi-Furnished,26,22608782,73799
Prabhat petrol pump,5,2,4613,Furnished,27,22544689,65330
ibrahimpura,4,2,3131,Unfurnished,4,13469126,34270
Govindpura,4,1,2590,Unfurnished,25,13787090,40638
char Imli,1,2,515,Furnished,13,3449732,11068
Arera Colony,5,4,3175,Semi-Furnished,26,23793929,75970
Indrapuri,2,1,978,Furnished,17,3875516,8380
MP Nagar,2,4,1015,Furnished,12,8048317,25178
Saket nagar,4,4,2713,Semi-Furnished,3,18509707,61619
Lalghati,1,1,530,Unfurnished,11,2547302,9088
Prabhat petrol pump,5,4,3796,Semi-Furnished,9,18668131,51438
Saket nagar,3,3,1655,Furnished,9,11213964,36440
sultaniya road,4,4,2713,Furnished,19,14206827,41975
Kolar hills,5,2,4794,Unfurnished,22,24041181,73376
Shivaji Nagar,3,3,1546,Unfurnished,1,9236661,31908
Service road,3,1,1616,Unfurnished,16,9291781,32556
chuna bhatti,3,2,1985,Furnished,23,9389908,26186
Gandhi nagar,3,4,1508,Semi-Furnished,21,9442786,33333
kohefiza,4,1,2577,Unfurnished,15,11656726,31905
ibrahimpura,1,3,502,Unfurnished,2,2080472,4816
Vijay nagar,4,4,2895,Semi-Furnished,17,20811193,68369
Karond,5,2,3662,Semi-Furnished,4,17939613,51479
Lalghati,1,3,413,Furnished,12,1936321,7149
ibrahimpura,3,3,1927,Furnished,0,8249580,19773
Kolar hills,1,1,612,Semi-Furnished,2,3049667,8395
Prabhat petrol pump,4,4,2682,Furnished,9,13131099,36202
Kamla Nagar,1,3,682,Unfurnished,26,3448471,11886
Service road,1,1,513,Semi-Furnished,1,2946412,8252
Indrapuri,1,2,538,Unfurnished,17,2081485,4341
Nizamuddin colony,2,4,924,Furnished,21,6010401,18665
Vijay nagar,3,3,1828,Semi-Furnished,20,13127431,42694
Avadhpuri,4,2,2918,Unfurnished,0,12788268,38391
VIP road,5,1,4098,Semi-Furnished,12,26678852,86520
Ayodhya bypass,3,2,1218,Unfurnished,15,6469852,18190
Hoshangabad Road,1,1,414,Furnished,24,2068919,4287
Saket nagar,4,2,2660,Furnished,14,18041270,59502
Roshanpura,2,3,806,Furnished,20,3947928,10876
VIP road,4,1,2271,Furnished,15,14694492,48680
Nizamuddin colony,5,1,3389,Unfurnished,5,21945724,70424
Karond,1,2,794,Semi-Furnished,6,3880825,11663
Bairagarh,3,3,1262,Unfurnished,3,5719955,16401
Avadhpuri,3,3,1626,Furnished,11,7129846,21298
Saket nagar,1,3,594,Furnished,30,4011569,15572
New market,1,2,427,Unfurnished,4,2894632,8605
VIP road,2,3,987,Semi-Furnished,9,6466267,20219
Service road,1,4,785,Semi-Furnished,25,4484430,15252
Anand nagar,5,3,4168,Furnished,18,24151433,77773
sultaniya road,5,3,4005,Semi-Furnished,2,20838233,64227
Vikas Nagar,1,1,517,Unfurnished,1,3560312,11818
Hoshangabad Road,2,2,1176,Furnished,5,6067943,16743
Indrapuri,4,3,2782,Furnished,30,11168383,28264
Habibganj,3,4,1784,Furnished,16,9886169,32304
Ayodhya nagar,3,2,1489,Semi-Furnished,24,9189972,34198
Piplani,2,2,873,Semi-Furnished,26,6142921,19275
Govindpura,2,1,1055,Unfurnished,0,5545329,15608
sultaniya road,1,1,415,Unfurnished,14,2076942,6046
New market,3,4,1647,Furnished,26,11444018,37968
ibrahimpura,4,2,2597,Semi-Furnished,30,11214520,28113
ibrahimpura,1,1,665,Semi-Furnished,13,2823242,7249
Service road,1,2,481,Furnished,7,2852177,9364
Ashoka garden,1,4,626,Furnished,13,3255297,11436
Gulmohar,3,2,1294,Unfurnished,13,8296295,28024
New market,4,4,2811,Semi-Furnished,1,19679139,63431
sultaniya road,3,1,1288,Semi-Furnished,26,6784313,22349
Saket nagar,2,3,999,Furnished,1,6880534,22930
Piplani,2,2,1123,Furnished,7,7773731,22823
Kolar Road,5,3,4570,Furnished,28,22919236,66931
Avadhpuri,3,3,1458,Unfurnished,2,6456231,18454
Indrapuri,1,4,549,Semi-Furnished,27,2149492,5529
Anand nagar,3,1,1530,Unfurnished,1,8900639,27622
Bairagarh,5,3,4618,Unfurnished,22,20763662,55027
Ratnagiri,5,3,4835,Semi-Furnished,29,22728224,62633
MP Nagar,2,3,1103,Furnished,29,8724304,28838
Bawadiya Kalan,1,4,400,Semi-Furnished,8,1792017,3382
Karond,5,2,4537,Furnished,28,22213037,63595
Misrod,4,4,3112,Semi-Furnished,22,13105222,35471
ibrahimpura,4,3,2511,Unfurnished,7,10764669,28754
Bairagarh,4,3,2852,Semi-Furnished,12,12781963,33355
Lalghati,4,2,2374,Semi-Furnished,8,11462024,33148
char Imli,2,2,987,Furnished,3,6592081,19909
char Imli,4,2,3030,Semi-Furnished,22,20080423,62063
Arjun Nagar,4,2,2246,Unfurnished,24,13388903,46817
Minal,1,1,534,Unfurnished,18,2551087,6043
Avadhpuri,3,3,1823,Semi-Furnished,11,8004822,25057
Chuna Bhatti,1,4,415,Semi-Furnished,7,2036859,6192
jahangirabad,2,3,1050,Semi-Furnished,6,4780355,11459
Indrapuri,4,2,2738,Furnished,5,10874570,27993
Arjun Nagar,4,1,2047,Furnished,24,12344108,41367
Saket nagar,3,2,1364,Semi-Furnished,5,9211918,32172
Bittan Market,1,1,767,Semi-Furnished,17,5326482,15797
Shivaji Nagar,5,4,3130,Unfurnished,7,18753788,64257
Gandhi nagar,1,4,676,Semi-Furnished,3,4192149,16308
Ratnagiri,4,1,2160,Furnished,15,10194856,28044
Roshanpura,3,3,1514,Unfurnished,29,7287317,22420
Ayodhya bypass,4,4,2175,Unfurnished,7,11510988,36232
ibrahimpura,1,3,584,Semi-Furnished,28,2479522,5097
Service road,1,1,508,Furnished,28,2923488,8934
Habibganj,2,4,940,Unfurnished,10,5138771,15536
Barkheda,3,2,1778,Furnished,8,7790901,22245
Bawadiya Kalan,1,3,426,Semi-Furnished,23,1862381,3886
Ashoka garden,2,1,1045,Semi-Furnished,24,5499384,17657
Kamla Nagar,3,3,1463,Unfurnished,14,7552880,23056
Gandhi nagar,3,1,1882,Furnished,4,11744691,44554
Barkheda,3,1,1854,Unfurnished,25,8069501,23077
New market,5,1,4540,Unfurnished,28,31789199,101091
Shanti Nagar,2,2,939,Unfurnished,8,5589943,18358
Kolar hills,5,2,4216,Unfurnished,14,21134949,64987
Govindpura,3,2,1853,Semi-Furnished,22,9893024,30150
Service road,5,3,4632,Unfurnished,20,26835554,87775
Ayodhya bypass,2,3,1056,Furnished,23,5568725,17203
Habibganj,5,2,4897,Furnished,15,26891253,86452
Ashoka garden,5,1,4186,Unfurnished,26,21714113,67114
Misrod,1,1,714,Furnished,8,3086919,6316
Service road,1,3,652,Semi-Furnished,5,3862751,13240
Service road,2,1,1012,Furnished,28,5837035,20376
Tajul masjid,5,2,3755,Unfurnished,11,20683798,68604
Bittan Market,4,4,3154,Unfurnished,11,21989338,68968
sultaniya road,1,3,499,Furnished,16,2604475,6782
Shyamla Hills,5,4,4592,Unfurnished,17,34348196,116019
kohefiza,3,3,1402,Semi-Furnished,23,6379102,17141
chuna bhatti,3,3,1578,Furnished,26,7405693,21872
Roshanpura,1,2,614,Semi-Furnished,1,2923860,7791
Ayodhya nagar,1,4,503,Unfurnished,17,3159705,11801
Prabhat petrol pump,4,1,2158,Unfurnished,13,10545886,29916
Gulmohar,1,2,724,Unfurnished,14,4676012,14333
Bawadiya Kalan,5,1,4684,Furnished,1,21115768,57373
Avadhpuri,2,4,1031,Furnished,2,4508651,12173
Arera Colony,3,1,1752,Furnished,26,13187663,40421
Shanti Nagar,1,2,556,Unfurnished,25,3374423,10337
eidgah hills,3,2,1599,Unfurnished,9,9577942,32459
Nizamuddin colony,5,4,3921,Furnished,10,25564345,81509
char Imli,1,4,570,Furnished,1,3849812,12629
Lalghati,4,1,3429,Furnished,4,16558881,49146
Prabhat petrol pump,4,1,2572,Semi-Furnished,20,12518389,34289
Karond,3,3,1744,Semi-Furnished,29,8644098,22928
Piplani,2,1,935,Semi-Furnished,10,6526729,21081
eidgah hills,2,1,1122,Semi-Furnished,11,6756085,22164
Anand nagar,2,1,1055,Semi-Furnished,5,6084401,20515
Anand nagar,5,4,3662,Unfurnished,7,21307393,69769
ibrahimpura,4,3,2006,Semi-Furnished,7,8605261,23128
Barkheda,5,4,4427,Furnished,23,19393386,59100
Chuna Bhatti,5,1,4978,Semi-Furnished,19,23309370,64454
Barkheda,4,4,3391,Semi-Furnished,19,14984661,43856
Bairagarh,5,2,3475,Unfurnished,3,15619044,42924
Prabhat petrol pump,1,1,500,Furnished,28,2516059,8809
Kamla Nagar,3,2,1543,Furnished,6,7974504,24468
Arjun Nagar,3,1,1353,Semi-Furnished,18,8128526,25623
Saket nagar,1,4,467,Semi-Furnished,10,3234518,12648
Ayodhya bypass,3,2,1724,Unfurnished,1,9159344,27211
Avadhpuri,4,4,2412,Semi-Furnished,7,10568075,29357
ibrahimpura,5,2,4773,Unfurnished,8,20536755,52703
Kolar hills,1,3,521,Unfurnished,30,2586584,8575
Roshanpura,3,4,1307,Furnished,25,6280094,18913
Ayodhya nagar,2,1,928,Unfurnished,17,5680904,21646
Hoshangabad Road,3,2,1220,Unfurnished,24,6127328,16710
eidgah hills,3,4,1872,Furnished,2,11312271,39168
Narela,5,2,3661,Furnished,7,15714966,41699
Saket nagar,3,4,1809,Unfurnished,3,12248271,40093
Misrod,4,2,3013,Unfurnished,8,12638773,32398
Barkheda,2,3,887,Furnished,2,3812131,13290
Piplani,2,3,1013,Semi-Furnished,14,7119536,22963
eidgah hills,1,3,478,Unfurnished,18,2944013,10709
Indrapuri,3,4,1327,Furnished,24,5328896,12444
Saket nagar,5,1,4433,Semi-Furnished,17,30115791,101278
Saket nagar,5,3,3196,Furnished,18,21753283,74712
Ayodhya bypass,3,1,1961,Furnished,15,10391068,30948
Gulmohar,2,2,1192,Semi-Furnished,24,7564847,25027
Gulmohar,1,1,799,Semi-Furnished,0,5040829,14833
Narela,5,3,3603,Unfurnished,14,15589189,41406
Ashoka garden,5,1,3458,Unfurnished,29,17981302,57277
Bawadiya Kalan,4,4,2707,Furnished,28,12160505,32777
VIP road,4,2,2378,Semi-Furnished,26,15406008,50876
jahangirabad,2,1,895,Unfurnished,28,4163495,10251
eidgah hills,5,4,3253,Furnished,15,19593719,63166
Lalghati,5,3,4490,Unfurnished,0,21465186,61224
Arera Colony,3,1,1388,Furnished,1,10310716,35078
Karond,4,1,2153,Unfurnished,6,10555759,32047
chuna bhatti,2,4,1040,Unfurnished,27,4985608,15415
Indrapuri,3,3,1755,Semi-Furnished,26,7102860,19144
Hoshangabad Road,5,2,3925,Unfurnished,25,20008785,57980
ibrahimpura,4,3,3174,Unfurnished,29,13561946,36311
chuna bhatti,2,4,1073,Unfurnished,3,5002010,13917
Bairagarh,1,3,656,Semi-Furnished,27,2871927,7104
Ratnagiri,1,1,507,Unfurnished,20,2459258,8203
Shanti Nagar,4,1,3499,Unfurnished,24,20709708,66525
Chuna Bhatti,2,2,923,Furnished,6,4384564,11306
Ratnagiri,1,4,475,Furnished,28,2180930,6712
New market,2,3,1112,Furnished,4,7699365,22590
sultaniya road,3,3,1300,Unfurnished,20,6683086,21358
Kolar hills,4,4,2928,Unfurnished,8,14574937,43237
Gulmohar,3,4,1704,Unfurnished,8,10820919,37543
Roshanpura,4,2,2878,Semi-Furnished,18,13764301,41269
Kolar hills,2,4,836,Semi-Furnished,20,4163268,10542
Kamla Nagar,5,3,4658,Furnished,1,24302272,74837
Avadhpuri,1,1,759,Unfurnished,0,3283631,9479
kohefiza,4,4,2611,Semi-Furnished,14,11684542,32200
jahangirabad,2,2,1164,Furnished,29,5302734,15283
Kamla Nagar,2,3,908,Semi-Furnished,29,4632165,16235
Arera Colony,4,1,2585,Furnished,5,19338521,62425
Habibganj,4,2,2934,Semi-Furnished,1,16089356,53875
Shyamla Hills,4,1,3461,Furnished,20,26014862,87731
char Imli,5,4,3714,Semi-Furnished,1,24475293,77617
VIP road,2,3,1004,Furnished,13,6467526,20972
Arjun Nagar,3,3,1794,Semi-Furnished,15,10818495,35035
Avadhpuri,1,4,680,Unfurnished,28,3062646,8720
Avadhpuri,2,3,1100,Unfurnished,15,4906780,12672
Kolar hills,2,4,1078,Furnished,25,5421005,17685
Govindpura,3,3,1608,Unfurnished,8,8613363,24117
Govindpura,2,3,1180,Semi-Furnished,28,6341989,18427
Govindpura,5,2,3550,Unfurnished,30,18752156,55176
sultaniya road,3,3,1304,Semi-Furnished,3,6860981,20731
Bawadiya Kalan,1,1,646,Furnished,30,3000215,6661
Narela,4,4,2061,Unfurnished,23,8808082,23015
chuna bhatti,5,3,3400,Furnished,16,15991370,44997
Barkheda,1,3,460,Furnished,23,2065190,6300
Anand nagar,2,4,905,Unfurnished,20,5229689,18728
Nizamuddin colony,3,2,1699,Furnished,29,11100972,33796
char Imli,2,2,837,Unfurnished,20,5477894,15842
Kolar Road,5,1,4235,Furnished,4,21200483,62728
kohefiza,1,4,477,Furnished,24,2119740,4658
Lalghati,4,3,3465,Unfurnished,13,16686791,49454
Karond,3,2,1638,Semi-Furnished,15,7988486,21390
Tajul masjid,5,1,4086,Furnished,1,22539814,73031
Habibganj,4,3,2439,Semi-Furnished,22,13382070,45483
char Imli,4,1,3218,Semi-Furnished,16,21145717,69166
Arjun Nagar,5,3,3645,Unfurnished,16,21791111,74376
jahangirabad,5,4,4756,Furnished,22,21906119,56834
Saket nagar,4,2,2481,Unfurnished,4,16782751,56330
Ratnagiri,5,3,4023,Semi-Furnished,29,18916360,51953
eidgah hills,5,4,3486,Unfurnished,5,20853080,70457
Barkheda,1,1,625,Furnished,20,2835438,7985
Minal,5,2,3665,Semi-Furnished,13,17173445,48781
Misrod,4,4,2882,Semi-Furnished,28,12053277,32583
Nizamuddin colony,2,2,1117,Furnished,4,7272769,23082
Avadhpuri,4,3,3259,Semi-Furnished,0,14340047,42085
eidgah hills,3,1,1720,Unfurnished,25,10251958,34751
Ayodhya bypass,3,4,1677,Unfurnished,6,8929698,26067
MP Nagar,1,1,618,Unfurnished,13,4856818,13526
Barkheda,1,3,513,Semi-Furnished,5,2184384,7939
Prabhat petrol pump,3,3,1297,Furnished,11,6379650,17367
Tajul masjid,4,2,2338,Semi-Furnished,19,12793715,41054
Gandhi nagar,4,4,3220,Furnished,23,20045964,74459
Tajul masjid,3,4,1565,Unfurnished,19,8512804,27717
Chuna Bhatti,2,3,1061,Unfurnished,14,4972641,14114
Bittan Market,1,1,541,Semi-Furnished,22,3697733,12906
Govindpura,1,4,770,Semi-Furnished,22,4007117,13398
Sonagiri,2,4,896,Semi-Furnished,12,4213914,11657
ibrahimpura,4,2,2164,Furnished,11,9212834,24381
Anand nagar,2,3,815,Unfurnished,25,4650484,14435
Habibganj,1,4,609,Unfurnished,9,3340182,11937
Karond,2,1,1169,Unfurnished,16,5703430,18038
eidgah hills,4,2,3278,Unfurnished,1,19585817,66079
Sonagiri,2,4,931,Unfurnished,17,4322655,12176
Shivaji Nagar,3,1,1339,Furnished,27,7986161,24973
Anand nagar,5,1,3147,Furnished,5,18329008,59987
Gandhi nagar,1,2,400,Semi-Furnished,23,2551986,9142
Vikas Nagar,2,4,1088,Unfurnished,19,7347088,26995
Shyamla Hills,2,4,1169,Furnished,23,8769426,30090
eidgah hills,1,3,645,Furnished,11,3952158,11477
Avadhpuri,3,4,1619,Semi-Furnished,12,7039254,20933
Minal,3,4,1216,Semi-Furnished,18,5747792,17532
Hoshangabad Road,3,1,1726,Furnished,19,8741370,23926
Roshanpura,5,3,4306,Unfurnished,1,20688066,62114
Prabhat petrol pump,1,2,453,Unfurnished,30,2274172,4838
Karond,4,3,3193,Semi-Furnished,16,15571486,44626
Nizamuddin colony,4,1,3062,Unfurnished,27,19847616,65192
ibrahimpura,5,4,4350,Furnished,1,18734703,48967
Narela,3,3,1540,Furnished,8,6603494,18032
Bairagarh,2,2,808,Semi-Furnished,6,3638113,7713
MP Nagar,5,2,3701,Unfurnished,23,29637410,92701
Ayodhya bypass,4,1,3361,Furnished,0,17737774,54140
chuna bhatti,5,4,3473,Furnished,18,16289091,46407
Lalghati,1,3,497,Unfurnished,20,2413690,7459
Roshanpura,4,4,3051,Semi-Furnished,16,14690032,41038
Vijay nagar,5,4,4519,Furnished,7,32635064,109699
sultaniya road,3,1,1597,Furnished,29,8294484,25973
Avadhpuri,4,4,3174,Furnished,27,14055254,40160
Indrapuri,1,3,509,Furnished,16,2098666,4569
Gandhi nagar,2,2,1087,Semi-Furnished,22,6792357,26838
sultaniya road,3,2,1976,Furnished,8,10347745,30199
Kolar Road,3,1,1771,Semi-Furnished,16,8927382,26109
Kolar Road,5,2,3990,Semi-Furnished,30,20021776,61576
Roshanpura,3,1,1883,Semi-Furnished,5,9010329,27740
Anand nagar,4,1,2538,Unfurnished,22,14632816,48207
Karond,1,4,594,Furnished,28,2909028,10172
Karond,1,4,470,Unfurnished,3,2400745,5095
eidgah hills,3,1,1450,Furnished,28,8769602,29453
Avadhpuri,2,2,991,Semi-Furnished,29,4308264,10958
Kolar Road,1,3,628,Semi-Furnished,21,3048668,8135
Sonagiri,1,3,734,Furnished,0,3303591,7849
Arera Colony,2,3,1096,Unfurnished,26,8191193,25298
Narela,1,1,689,Unfurnished,14,2896820,6938
kohefiza,3,3,1580,Furnished,2,7206734,20002
sultaniya road,4,4,2507,Furnished,24,12978348,41900
Minal,2,4,1122,Unfurnished,4,5349828,15817
Prabhat petrol pump,4,4,3187,Furnished,18,15688250,43235
kohefiza,3,1,1976,Semi-Furnished,24,8953960,25035
Prabhat petrol pump,2,2,804,Semi-Furnished,18,3914425,10302
Arera Colony,3,2,1377,Furnished,30,10337338,34833
Minal,5,1,3509,Furnished,15,16554541,43955
Ayodhya nagar,3,4,1889,Unfurnished,18,11681058,44477
VIP road,5,3,4311,Furnished,4,28097447,91410
Sonagiri,4,1,2178,Unfurnished,20,9971169,24487
eidgah hills,3,3,1601,Unfurnished,12,9583244,32342
Bawadiya Kalan,2,3,845,Furnished,5,3835973,8521
Prabhat petrol pump,4,2,2907,Semi-Furnished,8,14251596,41520
Kamla Nagar,2,4,1170,Unfurnished,10,6061128,18920
Bawadiya Kalan,4,3,2639,Furnished,20,11828197,33011
Arera Colony,1,4,492,Semi-Furnished,18,3642604,12999
Anand nagar,1,2,612,Semi-Furnished,5,3602678,10542
Habibganj,1,2,622,Furnished,28,3507010,11219
Arjun Nagar,3,3,1325,Furnished,7,7959810,27502
Prabhat petrol pump,2,3,1159,Semi-Furnished,14,5727660,16373
Indrapuri,3,2,1979,Furnished,13,7977594,20292
Nizamuddin colony,5,4,3107,Semi-Furnished,19,20146195,65593
eidgah hills,5,1,3415,Furnished,27,20555888,69688
Arera Colony,5,2,3284,Semi-Furnished,4,24593444,78246
Bawadiya Kalan,1,3,699,Unfurnished,10,3146288,8123
Bittan Market,4,4,2337,Semi-Furnished,14,16433951,52607
Service road,2,3,1143,Semi-Furnished,12,6538547,21633
Ayodhya nagar,5,4,3760,Furnished,19,23405928,87612
Prabhat petrol pump,3,3,1844,Semi-Furnished,9,9009985,24780
Shivaji Nagar,2,4,1122,Furnished,7,6797680,21674
ibrahimpura,3,2,1646,Semi-Furnished,19,7162634,17601
Ayodhya bypass,2,4,1000,Furnished,9,5374453,16771
kohefiza,5,2,4937,Unfurnished,4,22262288,58917
Govindpura,4,4,3213,Furnished,5,17037296,50600
Bairagarh,4,2,2527,Semi-Furnished,26,11375241,29867
Narela,5,4,4009,Semi-Furnished,23,17273881,42799
Hoshangabad Road,3,3,1795,Furnished,13,9186701,25366
Ratnagiri,1,3,541,Semi-Furnished,25,2610143,6854
Minal,2,1,1060,Semi-Furnished,24,4909589,12715
Ayodhya bypass,5,2,4355,Unfurnished,23,23035234,71251
Gulmohar,4,2,2430,Semi-Furnished,18,15489324,51534
Hoshangabad Road,3,2,1260,Semi-Furnished,3,6464742,20325
Gulmohar,5,3,3129,Unfurnished,17,20124126,65900
Kolar hills,5,4,3057,Semi-Furnished,28,15377780,47113
Narela,2,2,935,Unfurnished,13,4004795,9180
Service road,3,4,1573,Semi-Furnished,6,9057100,28206
Arjun Nagar,4,2,2070,Furnished,30,12421563,42819
Bawadiya Kalan,5,2,3283,Unfurnished,30,14679540,38765
Karond,4,3,2709,Semi-Furnished,3,13236759,38048
Narela,4,2,2781,Unfurnished,15,11896508,28968
Barkheda,3,1,1412,Unfurnished,5,6185135,16979
Shanti Nagar,5,3,3502,Furnished,13,20592518,65460
Karond,5,4,3837,Unfurnished,17,18781444,52922
Kamla Nagar,1,3,553,Furnished,28,2963538,10569
Saket nagar,5,4,4697,Unfurnished,7,31927874,108856
Govindpura,4,4,3199,Furnished,26,16927582,51957
Bittan Market,1,4,465,Unfurnished,9,3305028,9530
Ashoka garden,3,4,1259,Furnished,3,6587236,19418
Narela,2,1,885,Furnished,28,3880778,11673
Gulmohar,1,2,646,Unfurnished,3,4098160,13875
Piplani,4,2,3478,Unfurnished,23,24284429,74893
eidgah hills,5,2,3062,Furnished,30,18350408,60489
Bawadiya Kalan,3,4,1514,Furnished,8,6840433,19174
Anand nagar,5,4,3913,Semi-Furnished,15,22624213,75274
Vikas Nagar,4,3,2082,Unfurnished,21,14173601,48914
kohefiza,1,2,546,Semi-Furnished,30,2477470,5072
MP Nagar,4,3,2162,Furnished,28,17368323,54580
ibrahimpura,1,4,688,Unfurnished,21,2966310,6752
Ratnagiri,1,2,418,Unfurnished,15,2005038,6368
Hoshangabad Road,2,3,1185,Furnished,29,6057057,19182
New market,1,1,498,Unfurnished,28,3418360,11693
Govindpura,5,3,3552,Unfurnished,16,18835360,57218
Avadhpuri,2,4,1065,Unfurnished,9,4640185,14640
Ratnagiri,4,3,2933,Semi-Furnished,11,13704152,37290
Ayodhya bypass,3,4,1990,Furnished,11,10510550,32328
Shyamla Hills,5,2,4815,Unfurnished,1,36057756,119311
Habibganj,3,1,1796,Furnished,11,9846340,32864
eidgah hills,2,3,942,Unfurnished,12,5564251,19611
Narela,4,1,2601,Furnished,8,11266494,30411
Hoshangabad Road,2,4,1181,Unfurnished,17,6104340,17585
Minal,2,2,891,Unfurnished,27,4099371,10097
Sonagiri,1,3,498,Semi-Furnished,18,2237867,7307
Piplani,5,4,4487,Unfurnished,5,31433470,100295
Lalghati,1,2,586,Unfurnished,19,2759621,7018
Karond,2,2,916,Semi-Furnished,15,4424530,14327
Narela,1,3,615,Semi-Furnished,22,2734191,5456
Roshanpura,3,2,1513,Unfurnished,27,7279751,20647
Service road,4,2,2695,Furnished,14,15596217,49405
Bittan Market,5,1,4714,Furnished,25,32990733,101921
Govindpura,5,3,4215,Unfurnished,26,22315129,68988
Kolar hills,5,4,3245,Furnished,23,16236855,47918
Bawadiya Kalan,1,1,753,Furnished,10,3396275,10364
Vikas Nagar,2,3,1189,Furnished,1,8092353,26735
MP Nagar,1,3,728,Furnished,11,5796272,17215
Tajul masjid,2,4,965,Furnished,5,5295225,18424
jahangirabad,1,1,475,Furnished,25,2178465,6808
Nizamuddin colony,4,4,2035,Unfurnished,19,13289784,42898
ibrahimpura,5,1,4144,Unfurnished,8,17895164,46369
jahangirabad,1,3,673,Unfurnished,29,3150655,6533
Sonagiri,1,2,482,Unfurnished,9,2193481,7112
Roshanpura,2,3,1075,Furnished,21,5211343,15834
Arera Colony,3,2,1548,Unfurnished,21,11512412,35666
Shyamla Hills,5,4,4865,Furnished,21,36464658,121021
Minal,5,1,4889,Semi-Furnished,1,23007394,65273
Arjun Nagar,1,3,778,Semi-Furnished,6,4759240,14259
Shyamla Hills,5,2,3060,Furnished,23,22867914,77788
Habibganj,4,1,2719,Unfurnished,6,14889523,47746
Kolar Road,5,1,3998,Unfurnished,24,19973508,60126
Bawadiya Kalan,2,4,850,Semi-Furnished,19,3873471,11898
Shivaji Nagar,3,2,1473,Unfurnished,26,8777045,28304
Shivaji Nagar,4,4,2986,Semi-Furnished,29,17851247,59635
Lalghati,1,3,760,Furnished,14,3670421,10292
Chuna Bhatti,1,2,758,Furnished,30,3506729,8469
Minal,3,2,1264,Unfurnished,25,5994822,16683
Saket nagar,4,3,3100,Furnished,12,21036519,70736
Prabhat petrol pump,5,3,4251,Semi-Furnished,16,20771694,58176
Habibganj,4,3,2313,Unfurnished,30,12801794,40349
kohefiza,5,4,3993,Semi-Furnished,8,17915883,48885
Shivaji Nagar,2,3,928,Semi-Furnished,23,5601941,20488
MP Nagar,2,1,1071,Furnished,10,8496404,27780
Gulmohar,1,2,402,Unfurnished,21,2496190,7336
Sonagiri,5,4,3130,Furnished,29,14472471,35643
eidgah hills,1,1,779,Unfurnished,22,4626468,16483
Arjun Nagar,2,2,1148,Furnished,28,6985545,24257
Bittan Market,1,4,517,Furnished,24,3654390,10892
Roshanpura,2,3,1069,Semi-Furnished,23,5177135,15161
Service road,3,4,1933,Unfurnished,26,11145664,35036
Gandhi nagar,4,1,2830,Unfurnished,17,17614233,67002
Service road,3,1,1767,Semi-Furnished,4,10329756,33602
Barkheda,3,1,1785,Semi-Furnished,19,7915271,23058
Roshanpura,1,4,684,Furnished,14,3259621,11191
Tajul masjid,1,3,625,Unfurnished,18,3358795,12156
eidgah hills,1,4,700,Unfurnished,4,4184695,13631
Hoshangabad Road,5,4,3508,Furnished,14,17942228,54533
Piplani,2,4,1115,Semi-Furnished,17,7885262,23420
Bairagarh,4,2,2098,Semi-Furnished,24,9497702,25040
Hoshangabad Road,5,3,3171,Semi-Furnished,25,16125471,47599
Chuna Bhatti,1,1,607,Furnished,7,2893270,9855
Chuna Bhatti,1,3,565,Semi-Furnished,20,2567286,5924
Anand nagar,5,2,4996,Furnished,1,29005080,93339
Ratnagiri,1,1,765,Furnished,5,3540327,10461
sultaniya road,4,4,2726,Semi-Furnished,27,14271752,44508
Arjun Nagar,5,3,4543,Unfurnished,15,27282295,89486
Narela,4,2,2140,Unfurnished,5,9186674,23766
Piplani,4,4,3157,Unfurnished,8,22154522,69580
Shyamla Hills,4,4,2355,Unfurnished,2,17694169,60355
Avadhpuri,3,2,1475,Semi-Furnished,22,6575246,20559
sultaniya road,4,1,2755,Semi-Furnished,2,14267026,43062
Bawadiya Kalan,2,3,1103,Furnished,10,4926685,13716
eidgah hills,2,1,1114,Semi-Furnished,28,6657714,23300
Minal,2,1,995,Unfurnished,24,4768804,14649
Hoshangabad Road,3,1,1286,Furnished,28,6556344,19245
Service road,5,4,3434,Unfurnished,27,19875149,65008
Kolar hills,4,1,2384,Unfurnished,29,11839074,34139
Chuna Bhatti,3,2,1717,Semi-Furnished,22,8031015,23944
Indrapuri,4,1,3147,Unfurnished,14,12649646,30474
Karond,5,3,4273,Semi-Furnished,8,20955951,61582
chuna bhatti,5,1,3844,Furnished,18,18133098,48257
Hoshangabad Road,1,2,408,Furnished,22,2162802,5628
Shyamla Hills,2,1,1147,Semi-Furnished,21,8641469,29719
Gandhi nagar,4,3,2675,Semi-Furnished,1,16670688,62751
sultaniya road,1,2,626,Semi-Furnished,27,3220490,8130
Shanti Nagar,2,2,1055,Semi-Furnished,12,6241252,21073
Karond,1,4,672,Semi-Furnished,30,3375072,10553
chuna bhatti,3,1,1525,Semi-Furnished,19,7194819,20634
Roshanpura,3,2,1749,Unfurnished,22,8295696,25031
Bawadiya Kalan,4,2,3498,Furnished,14,15721480,42151
Shanti Nagar,4,2,2681,Furnished,16,15718124,50522
Arjun Nagar,4,2,2239,Furnished,8,13527433,42891
Anand nagar,4,3,2643,Furnished,1,15364570,52136
New market,4,1,2287,Furnished,12,15923516,48850
Kamla Nagar,4,2,2317,Semi-Furnished,26,12009728,37705
Vijay nagar,5,1,4323,Semi-Furnished,13,31100468,104421
Shyamla Hills,1,3,733,Semi-Furnished,19,5490111,19436
Misrod,4,1,2338,Unfurnished,14,9830478,24952
Karond,4,1,2417,Furnished,28,11754950,32264
Vikas Nagar,2,2,1141,Furnished,21,7754478,25256
Shivaji Nagar,4,3,2531,Furnished,2,15161081,51999
Indrapuri,4,3,2794,Semi-Furnished,5,11150072,27145
Tajul masjid,1,2,422,Furnished,30,2260973,5632
ibrahimpura,1,2,415,Semi-Furnished,21,1713733,3485
Service road,5,1,3559,Unfurnished,14,20565732,69275
Ayodhya bypass,1,1,579,Unfurnished,27,2978202,8201
Barkheda,5,1,4796,Semi-Furnished,10,21118655,60358
Narela,4,1,2127,Furnished,8,9164895,23619
Bairagarh,4,1,3137,Unfurnished,13,14048531,38938
chuna bhatti,2,2,1146,Semi-Furnished,8,5454445,15926
Ratnagiri,1,1,587,Semi-Furnished,14,2824126,6643
Bittan Market,3,1,1231,Semi-Furnished,0,8575278,26138
Avadhpuri,1,4,446,Semi-Furnished,28,2021423,6683
Piplani,4,4,2234,Furnished,26,15555456,47448
Nizamuddin colony,5,3,3986,Semi-Furnished,28,25963898,85023
Gulmohar,2,4,1045,Unfurnished,22,6612481,20082
Indrapuri,2,4,1036,Unfurnished,13,4074105,9656
Vijay nagar,4,2,3020,Unfurnished,24,21650655,71728
kohefiza,4,2,2976,Unfurnished,15,13470305,35446
Roshanpura,5,3,3642,Furnished,30,17426138,49098
Hoshangabad Road,4,1,2189,Semi-Furnished,9,11129264,33746
eidgah hills,3,4,1472,Furnished,8,8921114,28946
Prabhat petrol pump,2,1,922,Unfurnished,22,4456461,14649
Gandhi nagar,1,3,699,Unfurnished,12,4433512,17709
Vijay nagar,3,1,1277,Semi-Furnished,3,9239592,31194
eidgah hills,5,1,4331,Furnished,7,26071065,88564
Indrapuri,2,4,1108,Furnished,2,4378154,12519
Bawadiya Kalan,2,4,862,Unfurnished,5,3810972,10822
Vijay nagar,3,3,1409,Semi-Furnished,22,10116794,33089
Habibganj,2,3,841,Unfurnished,3,4529062,13210
Minal,5,4,3008,Semi-Furnished,2,14082246,40584
Vijay nagar,1,2,416,Unfurnished,27,2930533,11541
Ashoka garden,5,1,4699,Furnished,30,24384912,76058
Bawadiya Kalan,4,4,2682,Furnished,9,12144458,30813
Arera Colony,4,3,3258,Semi-Furnished,0,24376532,78890
Avadhpuri,3,3,1433,Semi-Furnished,23,6314165,18531
Karond,2,2,874,Furnished,30,4256142,10410
Arera Colony,4,3,2807,Semi-Furnished,18,20991410,67786
jahangirabad,2,3,1044,Unfurnished,14,4776508,13477
Bawadiya Kalan,2,1,932,Furnished,3,4287884,12901
MP Nagar,5,1,4804,Semi-Furnished,26,38432314,121479
Ayodhya bypass,3,4,1251,Furnished,1,6562072,20806
Anand nagar,3,2,1349,Unfurnished,27,7841222,24739
MP Nagar,2,1,1017,Unfurnished,29,8099985,25142
Kamla Nagar,2,2,1129,Furnished,7,5894385,18762
Vikas Nagar,1,2,471,Semi-Furnished,25,3181494,11949
Nizamuddin colony,4,1,2216,Unfurnished,17,14450540,45031
Ashoka garden,2,4,1190,Furnished,14,6276139,20554
Govindpura,2,2,902,Furnished,18,4706617,13897
Habibganj,1,4,582,Unfurnished,3,3265294,9109
Tajul masjid,4,1,3026,Semi-Furnished,27,16720908,54281
Kolar hills,1,4,445,Furnished,26,2284041,6865
jahangirabad,5,3,3202,Furnished,9,14785944,36465
Narela,1,3,658,Furnished,5,2795193,6603
Narela,2,2,853,Furnished,11,3641912,10305
Shivaji Nagar,4,2,2481,Unfurnished,25,14968588,49287
Roshanpura,4,2,2209,Semi-Furnished,26,10650598,29082
Prabhat petrol pump,3,4,1961,Furnished,24,9603717,27695
Bawadiya Kalan,5,4,4789,Semi-Furnished,3,21463320,55839
Kolar hills,1,3,632,Semi-Furnished,1,3231604,8226
Kolar hills,3,2,1456,Unfurnished,6,7180407,21592
Govindpura,1,2,797,Furnished,12,4208220,10889
sultaniya road,2,4,841,Unfurnished,14,4438431,12245
chuna bhatti,5,2,4756,Furnished,22,22393488,61742
Vijay nagar,4,4,3083,Unfurnished,13,22115332,74698
ibrahimpura,2,4,1033,Semi-Furnished,26,4354419,9571
Arera Colony,4,4,3019,Unfurnished,29,22580381,71844
Bittan Market,2,3,856,Semi-Furnished,29,6052079,19674
Misrod,3,1,1935,Furnished,27,8214942,19470
Lalghati,1,4,602,Furnished,25,2886715,9565
Service road,1,3,711,Semi-Furnished,15,4126090,13559
Kolar hills,4,1,2669,Semi-Furnished,17,13337043,38814
Minal,1,4,514,Semi-Furnished,15,2401942,7314
Sonagiri,4,4,2161,Semi-Furnished,23,9868979,24639
Bairagarh,4,3,3419,Furnished,17,15322252,42509
Bairagarh,5,3,3555,Furnished,1,16072909,40674
Nizamuddin colony,4,1,3484,Unfurnished,14,22607226,71986
Bairagarh,3,4,1281,Furnished,22,5758099,14097
Barkheda,4,3,2959,Furnished,20,12945644,37934
Ashoka garden,1,1,684,Unfurnished,7,3494580,10475
Bittan Market,1,4,462,Unfurnished,4,3201455,11313
Kolar hills,5,4,3927,Furnished,9,19548909,60691
Barkheda,2,2,1086,Furnished,21,4810306,15373
eidgah hills,5,4,4641,Semi-Furnished,28,27937904,91152
Nizamuddin colony,3,3,1260,Semi-Furnished,1,8231627,26331
Indrapuri,5,4,3945,Unfurnished,16,15852226,40680
kohefiza,4,2,2030,Furnished,10,9190186,22890
Narela,5,4,3534,Furnished,23,15204688,39038
Saket nagar,2,4,812,Furnished,10,5439483,18498
Shivaji Nagar,2,4,1065,Unfurnished,12,6317769,22932
Indrapuri,5,4,4988,Unfurnished,29,20003323,49990
VIP road,5,1,4344,Unfurnished,26,28283085,91178
Shyamla Hills,1,4,712,Unfurnished,16,5340404,18571
Bawadiya Kalan,5,1,4810,Semi-Furnished,3,21696865,57690
Nizamuddin colony,4,1,2917,Semi-Furnished,8,18964369,61125
ibrahimpura,5,2,3928,Semi-Furnished,3,16795750,43780
Gulmohar,2,4,809,Unfurnished,15,5214649,15137
Shyamla Hills,5,3,3634,Furnished,19,27277433,91484
Barkheda,3,3,1277,Unfurnished,17,5552027,17019
Anand nagar,3,4,1319,Unfurnished,14,7660332,25937
Kamla Nagar,3,3,1734,Semi-Furnished,24,8971371,26326
Karond,2,3,936,Furnished,11,4658302,12409
Roshanpura,3,4,1746,Furnished,18,8399497,23970
sultaniya road,2,4,1117,Semi-Furnished,24,5727477,15950
Kolar Road,1,4,792,Semi-Furnished,15,4006287,13199
Gulmohar,5,1,3124,Unfurnished,22,19996825,65553
Gandhi nagar,2,4,1111,Furnished,24,6868907,27193
Gulmohar,3,1,1508,Unfurnished,9,9726017,31390
Avadhpuri,4,4,2643,Furnished,24,11565978,33695
Service road,4,4,2905,Unfurnished,25,16883891,56978
Piplani,3,1,1433,Furnished,17,10024374,33395
ibrahimpura,2,3,1035,Unfurnished,7,4468910,13116
chuna bhatti,4,2,2759,Unfurnished,0,13060776,34855
eidgah hills,1,3,741,Semi-Furnished,15,4506903,14267
kohefiza,2,2,869,Semi-Furnished,30,3811262,9973
Vijay nagar,2,2,905,Furnished,5,6417648,19813
Roshanpura,3,3,1564,Furnished,15,7471531,23203
Karond,2,2,1046,Furnished,5,5217253,15447
Habibganj,5,2,4831,Unfurnished,15,26568332,87992
eidgah hills,2,2,1053,Semi-Furnished,12,6241758,22168
Hoshangabad Road,3,1,1613,Unfurnished,9,8288768,23037
Roshanpura,3,3,1212,Furnished,12,5815103,18951
Vijay nagar,1,4,705,Semi-Furnished,30,5145477,17258
Indrapuri,3,2,1384,Semi-Furnished,9,5536597,14773
Roshanpura,1,4,772,Unfurnished,0,3761792,11517
Narela,5,3,4170,Unfurnished,6,17939900,44904
Minal,1,2,721,Semi-Furnished,15,3326454,10265
Shivaji Nagar,3,1,1707,Semi-Furnished,24,10183204,32260
Ratnagiri,1,4,791,Unfurnished,29,3665030,9327
Shyamla Hills,5,4,4600,Unfurnished,5,34577356,115668
sultaniya road,2,2,1129,Furnished,14,5875511,18407
Nizamuddin colony,2,2,852,Semi-Furnished,0,5605183,19686
Barkheda,2,3,982,Semi-Furnished,22,4251663,14054
Arjun Nagar,1,4,751,Semi-Furnished,19,4527884,13125
eidgah hills,4,3,3404,Furnished,25,20364186,69090
Lalghati,5,4,3588,Semi-Furnished,6,17123263,49451
jahangirabad,3,2,1383,Furnished,15,6381622,15091
Vijay nagar,2,4,849,Furnished,27,6099137,18606
char Imli,1,3,718,Unfurnished,29,4651041,13293
Hoshangabad Road,2,2,1097,Furnished,1,5548955,15772
Kolar Road,4,1,3118,Unfurnished,12,15610598,46819
Minal,1,2,588,Semi-Furnished,18,2681707,6787
kohefiza,5,4,3017,Furnished,23,13533726,34825
Roshanpura,5,1,3046,Furnished,9,14582695,44320
Habibganj,2,4,1035,Furnished,9,5742597,17830
kohefiza,3,2,1766,Furnished,11,7965012,21618
Karond,1,3,611,Furnished,12,3006950,8037
Ayodhya bypass,4,3,2535,Furnished,26,13473684,40411
Kolar hills,1,1,465,Furnished,2,2263760,6404
Minal,4,2,2075,Semi-Furnished,22,9717750,26928
chuna bhatti,5,3,4288,Unfurnished,30,20136159,56751
New market,3,4,1453,Semi-Furnished,4,10210366,32952
Gulmohar,5,1,3347,Unfurnished,1,21499185,71321
Shivaji Nagar,1,3,559,Semi-Furnished,1,3384781,11282
Lalghati,1,3,599,Unfurnished,13,2865056,10385
Roshanpura,5,2,4628,Furnished,6,22121538,64590
Sonagiri,5,2,4591,Semi-Furnished,27,21047812,53695
Shanti Nagar,1,2,641,Furnished,17,3812805,12905
Service road,1,2,501,Unfurnished,19,2932972,11254
Gulmohar,2,1,1062,Semi-Furnished,24,6745661,22021
Chuna Bhatti,1,2,757,Furnished,5,3513928,7858
Shanti Nagar,5,2,3985,Semi-Furnished,23,23478564,77424
chuna bhatti,4,3,3192,Unfurnished,29,15091259,41801
Piplani,5,4,3737,Furnished,5,26196140,81783
Lalghati,5,1,3164,Unfurnished,30,15100567,44065
Gandhi nagar,1,2,597,Unfurnished,0,3771601,15568
sultaniya road,1,3,504,Semi-Furnished,2,2713108,7211
Tajul masjid,2,4,992,Furnished,24,5497980,16916
Ratnagiri,2,3,970,Semi-Furnished,2,4535638,12808
Barkheda,5,3,3314,Semi-Furnished,18,14508146,42467
Avadhpuri,5,4,4908,Unfurnished,7,21621975,64972
Karond,2,3,950,Semi-Furnished,3,4632285,13858
char Imli,4,1,3234,Unfurnished,22,21431096,68329
Ayodhya bypass,2,4,819,Unfurnished,6,4350878,11736
Vikas Nagar,1,2,433,Unfurnished,25,2916794,8060
Tajul masjid,5,2,4110,Semi-Furnished,23,22664434,72126
MP Nagar,4,3,3002,Unfurnished,3,24059070,73151
Ayodhya bypass,5,4,4954,Unfurnished,13,26184612,80216
Ayodhya bypass,4,3,2274,Semi-Furnished,8,11994511,38131
Prabhat petrol pump,1,1,717,Semi-Furnished,29,3448974,9180
jahangirabad,3,3,1427,Furnished,1,6481805,18722
Shivaji Nagar,2,1,1096,Unfurnished,6,6511456,21988
Vijay nagar,3,1,1872,Unfurnished,10,13443528,44895
sultaniya road,5,2,3203,Unfurnished,17,16742988,49428
Ashoka garden,2,4,1160,Furnished,28,6077120,19165
Gulmohar,2,1,835,Unfurnished,2,5440462,18312
Nizamuddin colony,5,2,4158,Semi-Furnished,9,26986170,86218
Indrapuri,3,4,1416,Furnished,16,5756148,14113
Kolar Road,4,1,3290,Furnished,28,16479345,47427
Lalghati,2,2,1011,Semi-Furnished,30,4798542,15868
Saket nagar,1,1,502,Furnished,20,3411671,12922
Narela,2,4,1182,Semi-Furnished,21,5162582,11986
char Imli,3,1,1501,Unfurnished,24,9985451,30240
Karond,5,1,4941,Unfurnished,22,24167375,67491
Habibganj,2,3,981,Semi-Furnished,4,5363716,18286
VIP road,3,1,1231,Semi-Furnished,28,8029610,24017
Kamla Nagar,1,3,448,Furnished,29,2390943,6848
Avadhpuri,1,4,696,Semi-Furnished,14,3058778,8095
Bittan Market,4,2,3280,Furnished,23,22887595,73228
eidgah hills,5,3,4593,Unfurnished,21,27626605,92912
Minal,3,2,1828,Unfurnished,14,8648123,24081
Kamla Nagar,4,1,3163,Unfurnished,5,16493590,50807
Indrapuri,1,1,717,Semi-Furnished,9,2958655,5210
Anand nagar,3,4,1790,Unfurnished,1,10446285,35568
Bittan Market,3,2,1332,Furnished,12,9281792,28289
Shyamla Hills,1,1,486,Furnished,21,3633013,11657
Shivaji Nagar,1,4,751,Semi-Furnished,29,4491570,13648
Piplani,3,2,1509,Unfurnished,10,10482051,32254
Nizamuddin colony,5,2,3400,Unfurnished,10,22168622,73240
Bawadiya Kalan,4,1,3298,Unfurnished,7,14746854,37873
chuna bhatti,4,3,2915,Unfurnished,15,13624197,37223
Kamla Nagar,4,2,2620,Semi-Furnished,14,13717107,40470
Misrod,3,2,1442,Unfurnished,8,6145428,15333
Habibganj,3,1,1941,Semi-Furnished,28,10610945,34974
Service road,5,3,3862,Semi-Furnished,18,22382429,73935
Lalghati,2,1,932,Semi-Furnished,25,4399951,13037
Indrapuri,4,4,2324,Semi-Furnished,10,9248102,21927
sultaniya road,3,2,1773,Unfurnished,0,9282949,26533
Roshanpura,2,1,989,Semi-Furnished,18,4650761,12076
Vijay nagar,5,1,4495,Unfurnished,14,32428706,107779
Shyamla Hills,1,1,688,Unfurnished,21,5183620,16036
Piplani,4,4,3434,Semi-Furnished,9,24076854,74265
Chuna Bhatti,3,3,1772,Furnished,22,8299493,23924
Piplani,5,3,3883,Unfurnished,30,27181881,84907
New market,5,4,3846,Furnished,30,27009498,86520
Indrapuri,5,4,4333,Semi-Furnished,18,17359644,41430
Nizamuddin colony,5,3,3878,Semi-Furnished,21,25135688,82076
Arjun Nagar,5,1,3580,Unfurnished,27,21450543,72499
Minal,3,4,1564,Unfurnished,14,7269336,19307
Karond,4,4,2765,Unfurnished,9,13587273,38295
Service road,5,3,4468,Semi-Furnished,28,25876960,85095
Shyamla Hills,1,4,469,Furnished,18,3426902,13052
Misrod,4,2,2301,Unfurnished,0,9734706,23587
Barkheda,1,1,512,Unfurnished,16,2307546,6492
VIP road,3,1,1375,Unfurnished,11,9014594,30065
Hoshangabad Road,3,3,1437,Unfurnished,8,7351450,22763
MP Nagar,5,2,3034,Unfurnished,7,24217452,74455
Shivaji Nagar,4,3,3347,Semi-Furnished,9,19995535,65258
Shanti Nagar,1,1,578,Unfurnished,27,3509987,9780
Chuna Bhatti,1,2,674,Semi-Furnished,8,3119001,6860
Nizamuddin colony,4,4,2724,Unfurnished,17,17690042,55619
Anand nagar,1,2,560,Semi-Furnished,20,3205740,10334
Bittan Market,2,3,822,Unfurnished,18,5728790,17279
Anand nagar,3,1,1581,Furnished,13,9232508,30964
Vijay nagar,5,1,3092,Semi-Furnished,28,22339309,72707
Misrod,2,2,856,Furnished,13,3644057,10872
Hoshangabad Road,3,2,1228,Unfurnished,14,6282540,16835
Nizamuddin colony,2,4,902,Unfurnished,21,5893884,19335
Piplani,5,3,4169,Semi-Furnished,18,29266167,92706
Vijay nagar,5,4,3714,Semi-Furnished,30,26768084,88185
New market,4,1,2674,Semi-Furnished,30,18653989,58137
New market,3,3,1396,Furnished,30,9724775,30766
ibrahimpura,5,1,4438,Unfurnished,22,19179138,50257
Lalghati,1,4,710,Semi-Furnished,4,3375027,10653
Ayodhya bypass,1,2,590,Furnished,28,3091019,10712
Vijay nagar,4,2,2590,Furnished,25,18726324,61827
Hoshangabad Road,1,3,667,Semi-Furnished,2,3383445,10463
chuna bhatti,1,4,787,Semi-Furnished,20,3732726,12163
Kolar hills,2,1,1138,Unfurnished,18,5653688,16264
Vikas Nagar,3,3,1787,Unfurnished,17,12202295,41485
kohefiza,2,4,1200,Semi-Furnished,25,5450494,13873
Ayodhya nagar,4,3,2938,Unfurnished,14,18256084,68270
Gulmohar,1,3,724,Furnished,20,4720662,17130
Kolar Road,2,1,810,Furnished,9,4102339,10684
Lalghati,5,4,3348,Semi-Furnished,3,16019343,46303
Barkheda,3,3,1350,Furnished,8,5924656,16496
Shivaji Nagar,3,4,1438,Semi-Furnished,8,8584963,27252
Ayodhya nagar,1,2,722,Furnished,12,4485695,16386
Hoshangabad Road,3,2,1502,Semi-Furnished,18,7654465,23353
Roshanpura,5,1,4533,Unfurnished,8,21730883,65094
Shivaji Nagar,1,4,769,Unfurnished,6,4609878,14597
Ayodhya nagar,2,1,998,Semi-Furnished,4,6173132,24452
Kolar hills,5,1,3180,Semi-Furnished,2,15920351,46504
Kamla Nagar,4,4,2112,Semi-Furnished,3,10912518,33567
Lalghati,3,4,1512,Semi-Furnished,28,7342573,21442
Ratnagiri,4,1,2776,Semi-Furnished,28,13031176,35165
Bittan Market,5,3,4069,Unfurnished,5,28513690,91119
Shivaji Nagar,5,2,4121,Semi-Furnished,21,24658796,84247
Vikas Nagar,1,1,595,Furnished,25,4000807,13200
Prabhat petrol pump,5,3,3231,Semi-Furnished,2,15743599,43343
New market,3,1,1265,Semi-Furnished,20,8912830,27187
jahangirabad,5,3,4963,Furnished,6,22818655,61007
sultaniya road,1,2,773,Semi-Furnished,23,3967647,13720
Sonagiri,3,1,1448,Unfurnished,13,6652343,17714
Ayodhya nagar,5,1,3177,Furnished,22,19607041,71288
Narela,5,3,3516,Unfurnished,20,15120275,36868
Vikas Nagar,4,4,3313,Semi-Furnished,6,22517490,76167
Ayodhya nagar,3,4,1385,Furnished,4,8508558,30578
Piplani,1,1,437,Unfurnished,14,3107611,7655
Vikas Nagar,5,2,4298,Unfurnished,0,29145044,99696
Saket nagar,4,2,3173,Furnished,11,21477840,71218
Avadhpuri,3,3,1804,Furnished,20,7988967,22576
Kamla Nagar,2,2,931,Unfurnished,14,4798746,15906
Piplani,5,2,3060,Furnished,29,21349265,68421
eidgah hills,5,3,4108,Unfurnished,26,24703194,82756
Ashoka garden,2,3,1155,Furnished,18,6029085,17514
Habibganj,3,2,1316,Unfurnished,11,7243101,24384
eidgah hills,3,2,1930,Furnished,12,11522949,39541
Kamla Nagar,2,1,1158,Semi-Furnished,4,6095821,19161
Kamla Nagar,5,3,3909,Unfurnished,27,20376098,60737
Anand nagar,3,1,1924,Semi-Furnished,10,11063654,35850
sultaniya road,5,1,3890,Unfurnished,13,20294265,63962
Indrapuri,4,4,2565,Furnished,3,10204854,26162
Gulmohar,5,3,4805,Semi-Furnished,15,30778929,100782
Barkheda,2,1,1098,Unfurnished,5,4889223,15357
Gandhi nagar,1,4,639,Semi-Furnished,7,4048973,14612
eidgah hills,4,3,2756,Furnished,21,16473435,54237
Prabhat petrol pump,3,1,1331,Furnished,6,6487541,20012
New market,2,4,1051,Semi-Furnished,16,7432790,23624
New market,4,3,3395,Unfurnished,28,23794027,73674
Bawadiya Kalan,4,1,2979,Furnished,6,13359846,37292
Ashoka garden,4,1,2504,Unfurnished,18,13016476,40603
Kamla Nagar,5,3,4965,Semi-Furnished,27,25828730,79603
Habibganj,5,1,4987,Semi-Furnished,2,27428374,90553
Vikas Nagar,1,3,520,Semi-Furnished,18,3628220,10168
Piplani,4,3,2218,Semi-Furnished,14,15606102,49176
VIP road,5,4,3750,Furnished,0,24351868,80206
Arjun Nagar,2,2,857,Furnished,3,5059272,16529
eidgah hills,4,4,3187,Furnished,27,19054290,63311
Shyamla Hills,3,1,1854,Furnished,16,13931938,45082
Service road,4,2,3442,Furnished,24,20028878,66807
Shyamla Hills,4,2,3481,Semi-Furnished,24,26101164,86859
Vijay nagar,1,2,598,Unfurnished,16,4303786,12542
Service road,1,2,652,Semi-Furnished,0,3801908,14088
Shanti Nagar,1,4,771,Furnished,10,4642212,16058
Vijay nagar,3,3,1882,Unfurnished,13,13484258,45740
Roshanpura,4,4,2896,Unfurnished,1,13804456,40241
Prabhat petrol pump,5,2,4191,Furnished,28,20467805,59949
sultaniya road,5,1,4676,Furnished,3,24409954,75671
Govindpura,5,1,3524,Unfurnished,25,18697581,56591
Barkheda,2,2,805,Furnished,4,3585600,9273
jahangirabad,3,3,1863,Unfurnished,27,8539536,20472
Shanti Nagar,3,4,1803,Unfurnished,15,10717578,32262
Sonagiri,2,3,1084,Semi-Furnished,29,5044905,14770
jahangirabad,1,3,482,Semi-Furnished,18,2214390,7656
kohefiza,2,4,1153,Semi-Furnished,29,5152706,12503
Shyamla Hills,5,1,4360,Furnished,5,32695583,107342
Arera Colony,1,1,515,Semi-Furnished,29,3839522,11214
eidgah hills,4,2,3106,Semi-Furnished,16,18594850,62731
Arjun Nagar,5,3,3162,Unfurnished,27,18926054,63140
Hoshangabad Road,1,3,520,Unfurnished,24,2739885,9198
Ayodhya nagar,1,3,717,Furnished,2,4428397,15945
Narela,2,2,857,Semi-Furnished,21,3680858,8423
Shivaji Nagar,2,1,1144,Unfurnished,1,6787768,23074
Nizamuddin colony,5,2,4722,Unfurnished,30,30643006,100108
Habibganj,4,2,3147,Semi-Furnished,18,17398721,58013
New market,1,3,596,Unfurnished,25,4106455,12063
Ratnagiri,1,4,522,Unfurnished,9,2480986,7109
Minal,1,3,406,Unfurnished,9,1818840,3654
Roshanpura,2,4,902,Unfurnished,11,4376445,12546
Hoshangabad Road,4,1,2084,Unfurnished,15,10543165,33052
Misrod,5,3,3480,Semi-Furnished,16,14594119,36773
ibrahimpura,2,2,904,Unfurnished,29,3952018,9122
chuna bhatti,2,1,1013,Furnished,0,4851320,14040
Karond,1,1,503,Furnished,30,2479804,6639
Indrapuri,2,3,936,Furnished,6,3704647,10353
kohefiza,1,1,796,Unfurnished,30,3608009,8609
Bairagarh,3,1,1397,Unfurnished,3,6292658,18484
Karond,2,2,1185,Unfurnished,6,5781089,16255
Ayodhya bypass,2,1,939,Unfurnished,26,4901832,14219
Ashoka garden,2,4,812,Furnished,7,4178775,14038
Ayodhya nagar,5,1,4536,Furnished,2,28141918,102337
Gandhi nagar,5,1,3978,Furnished,0,24567155,90837
Narela,4,4,3021,Semi-Furnished,0,13037489,31232
Roshanpura,3,2,1567,Unfurnished,13,7561385,20562
MP Nagar,5,1,4281,Semi-Furnished,2,34280240,105463
Chuna Bhatti,4,2,2959,Unfurnished,13,13977893,39251
Ayodhya bypass,5,1,4557,Unfurnished,23,24152965,72856
Shivaji Nagar,2,4,1108,Unfurnished,23,6702738,20675
Ayodhya bypass,5,3,4081,Furnished,22,21573037,66255
Prabhat petrol pump,5,4,4624,Unfurnished,27,22632615,63386
Karond,3,2,1252,Semi-Furnished,25,6146133,17381
Govindpura,5,3,4948,Semi-Furnished,1,26320731,80876
Misrod,3,4,1573,Semi-Furnished,28,6638990,19199
Gulmohar,3,3,1209,Furnished,3,7663314,27217
Tajul masjid,5,2,3836,Furnished,12,21130985,68454
Vijay nagar,4,3,2084,Semi-Furnished,30,14948620,50318
Karond,4,1,2325,Semi-Furnished,10,11484546,32221
Ashoka garden,5,4,3040,Semi-Furnished,0,15867080,46935
Kamla Nagar,2,4,1103,Unfurnished,26,5721959,19286
VIP road,2,1,1147,Unfurnished,30,7539924,22538
sultaniya road,2,4,960,Unfurnished,24,5049024,16095
Avadhpuri,4,1,2186,Unfurnished,14,9521666,29763
eidgah hills,5,1,3472,Semi-Furnished,30,20764906,67865
Minal,5,4,4967,Unfurnished,6,23373944,64708
Kolar Road,1,2,540,Furnished,12,2780716,8907
Kolar hills,3,1,1501,Semi-Furnished,13,7533381,22550
Vijay nagar,1,1,707,Unfurnished,13,5153021,15177
Indrapuri,4,2,2290,Unfurnished,0,9144151,21238
Govindpura,5,3,4422,Semi-Furnished,9,23408704,70212
Shivaji Nagar,1,2,592,Semi-Furnished,9,3516280,12223
MP Nagar,1,1,484,Furnished,10,3961191,12397
Hoshangabad Road,5,4,3248,Semi-Furnished,10,16608658,46805
Habibganj,3,4,1323,Unfurnished,12,7274607,25458
Vikas Nagar,2,4,1191,Unfurnished,3,8177801,28446
Prabhat petrol pump,4,2,3314,Unfurnished,17,16280201,45795
Ayodhya nagar,4,2,3422,Unfurnished,9,21231121,80411
Ayodhya bypass,5,4,3910,Unfurnished,13,20730600,62148
char Imli,4,4,3210,Furnished,4,21224723,68543
eidgah hills,1,1,469,Semi-Furnished,5,2791863,9887
Gandhi nagar,2,3,887,Semi-Furnished,22,5530318,19260
Nizamuddin colony,4,4,3473,Semi-Furnished,8,22662632,71431
Ratnagiri,2,1,948,Unfurnished,13,4371905,11339
Ashoka garden,5,2,4761,Furnished,17,24839354,78065
Gandhi nagar,5,2,3764,Semi-Furnished,8,23377096,84914
Gulmohar,1,1,780,Furnished,25,4990747,17207
Avadhpuri,1,4,502,Furnished,9,2209513,7869
Vikas Nagar,1,3,661,Unfurnished,30,4406918,15944
Piplani,3,4,1747,Unfurnished,25,12263878,38156
Service road,3,3,1677,Furnished,25,9796761,33764
Ayodhya bypass,4,3,3190,Semi-Furnished,12,16935189,52769
sultaniya road,5,1,3492,Furnished,5,18184133,57363
Kolar Road,2,2,1057,Semi-Furnished,21,5375308,15176
Prabhat petrol pump,5,3,3399,Semi-Furnished,19,16729146,47778
Lalghati,4,1,2368,Semi-Furnished,30,11438955,31587
Indrapuri,5,4,4725,Furnished,12,18964349,46717
Anand nagar,3,4,1449,Semi-Furnished,30,8380584,28557
Saket nagar,1,4,499,Semi-Furnished,1,3322476,11213
Minal,4,1,2873,Furnished,22,13512768,38504
Narela,1,2,601,Unfurnished,22,2676526,6497
Ayodhya bypass,2,3,1014,Unfurnished,3,5457451,18140
Ratnagiri,4,4,2071,Semi-Furnished,17,9804091,28205
Ayodhya nagar,1,1,570,Semi-Furnished,28,3596043,14805
Shanti Nagar,2,2,1015,Semi-Furnished,5,5977482,17584
Ratnagiri,5,3,3061,Unfurnished,4,14453808,39249
Bittan Market,5,1,4671,Semi-Furnished,14,32686635,104091
Hoshangabad Road,1,3,674,Furnished,16,3518618,11048
VIP road,4,2,2148,Semi-Furnished,17,13948448,45484
eidgah hills,2,4,1013,Unfurnished,7,6135083,18720
Kolar Road,3,2,1627,Furnished,16,8072713,23574
Misrod,1,4,755,Semi-Furnished,5,3254594,10054
Saket nagar,3,2,1869,Furnished,14,12807737,44774
Bittan Market,5,3,3061,Semi-Furnished,0,21348216,69073
Karond,2,4,870,Furnished,19,4225204,12215
eidgah hills,3,1,1961,Semi-Furnished,27,11764848,38206
Piplani,1,3,534,Unfurnished,28,3700533,10415
Minal,5,1,4501,Unfurnished,12,21163495,59074
Bairagarh,5,3,3872,Furnished,22,17443973,47800
Arera Colony,3,1,1422,Unfurnished,11,10613810,36001
Nizamuddin colony,2,1,847,Semi-Furnished,28,5529030,17345
Bittan Market,3,2,1634,Furnished,25,11452388,37067
Gulmohar,1,1,407,Unfurnished,19,2664352,9907
Saket nagar,2,2,992,Unfurnished,9,6739318,23079
chuna bhatti,1,3,481,Furnished,10,2359159,4824
Roshanpura,3,3,1200,Unfurnished,17,5712689,17314
New market,4,2,2957,Semi-Furnished,14,20767524,66208
kohefiza,2,1,879,Furnished,28,3959210,11262
Roshanpura,4,1,2279,Furnished,19,10923118,30531
Misrod,4,1,3401,Unfurnished,7,14361195,39321
eidgah hills,3,2,1206,Furnished,1,7290351,25154
Service road,1,3,533,Furnished,0,3019547,10348
Roshanpura,3,1,1351,Unfurnished,23,6475331,18004
Nizamuddin colony,3,1,1447,Semi-Furnished,15,9480228,29752
Prabhat petrol pump,2,1,1155,Furnished,17,5689677,14383
Habibganj,5,2,3968,Furnished,12,21727188,71656
Barkheda,2,1,841,Unfurnished,0,3715435,11512
Gandhi nagar,5,1,4657,Unfurnished,5,28775639,108987
kohefiza,3,3,1730,Semi-Furnished,19,7770795,21016
chuna bhatti,3,2,1243,Semi-Furnished,26,5852218,16665
Chuna Bhatti,5,3,3999,Semi-Furnished,23,18803943,53355
ibrahimpura,3,3,1617,Furnished,22,6863943,18050
Kolar hills,3,3,1891,Semi-Furnished,12,9539215,28833
Vijay nagar,3,2,1821,Furnished,15,13087725,41735
Hoshangabad Road,5,1,3641,Semi-Furnished,3,18624553,54687
Piplani,5,3,3228,Furnished,12,22682969,69706
Ashoka garden,5,1,3293,Furnished,2,17180188,52606
Ayodhya nagar,1,1,652,Furnished,24,3954645,13911
Roshanpura,4,3,2341,Furnished,28,11322548,31634
jahangirabad,4,2,2119,Unfurnished,21,9803457,26170
Kamla Nagar,5,2,4924,Semi-Furnished,21,25511586,80578
Saket nagar,3,2,1861,Semi-Furnished,9,12708581,43019
Tajul masjid,4,1,2990,Semi-Furnished,27,16453729,55698
Ratnagiri,4,2,2054,Unfurnished,12,9626231,25101
Kolar Road,2,1,1037,Semi-Furnished,7,5216692,14993
Arjun Nagar,3,3,1488,Unfurnished,11,8964728,28512
ibrahimpura,2,1,993,Unfurnished,3,4255955,9996
Shivaji Nagar,5,4,4164,Furnished,25,24910464,82756
Barkheda,1,2,471,Unfurnished,25,2158397,4462
Vikas Nagar,1,3,772,Furnished,12,5200349,16627
Chuna Bhatti,2,2,1086,Furnished,21,5096094,14393
Indrapuri,2,3,908,Furnished,12,3688609,7242
Service road,5,1,4768,Semi-Furnished,21,27670451,92332
Arera Colony,3,1,1796,Semi-Furnished,2,13421223,41353
Misrod,3,1,1267,Semi-Furnished,11,5310818,15595
Saket nagar,1,4,759,Furnished,14,5136017,15812
Barkheda,2,4,1199,Unfurnished,13,5351454,14956
eidgah hills,4,1,2561,Unfurnished,27,15379047,49891
Avadhpuri,5,3,4383,Semi-Furnished,29,19235812,57542
Gulmohar,1,4,793,Unfurnished,14,5019908,15197
kohefiza,4,3,3212,Unfurnished,26,14403285,39615
Avadhpuri,2,1,995,Furnished,10,4411271,12892
New market,3,4,1902,Semi-Furnished,1,13382575,42917
Arera Colony,5,3,4960,Furnished,10,37234327,119620
Vikas Nagar,4,4,3156,Unfurnished,22,21519920,71103
Sonagiri,3,4,1938,Semi-Furnished,26,8856087,24117
Minal,1,3,522,Unfurnished,21,2384439,6083
Ayodhya nagar,3,1,1491,Unfurnished,17,9291659,33365
Nizamuddin colony,4,4,3438,Unfurnished,18,22406798,71916
eidgah hills,3,3,1851,Unfurnished,23,11104535,36468
Ashoka garden,4,4,3443,Semi-Furnished,13,17818390,53891
ibrahimpura,4,2,2271,Furnished,10,9790686,23556
Narela,1,1,573,Furnished,27,2464595,4888
Shivaji Nagar,5,3,3737,Semi-Furnished,14,22497537,75212
Ayodhya bypass,4,2,2537,Semi-Furnished,11,13426820,41165
Piplani,2,2,960,Semi-Furnished,17,6649052,21154
Shyamla Hills,5,2,4602,Unfurnished,15,34568439,114277
Ayodhya nagar,3,4,1689,Furnished,1,10402044,39351
Govindpura,2,4,983,Furnished,0,5134167,14057
Narela,5,4,3613,Semi-Furnished,26,15541003,40477
MP Nagar,4,2,3040,Semi-Furnished,6,24341459,77059
Saket nagar,1,2,422,Semi-Furnished,28,2779551,11118
MP Nagar,1,1,591,Furnished,17,4642886,13342
Gandhi nagar,2,2,836,Semi-Furnished,10,5272343,18294
Vijay nagar,3,4,1777,Semi-Furnished,10,12769219,42859
Service road,1,3,462,Furnished,9,2754383,7258
Narela,1,3,642,Semi-Furnished,10,2713441,8170
New market,1,1,525,Furnished,5,3684337,13327
Shivaji Nagar,3,3,1636,Semi-Furnished,23,9854946,32682
Avadhpuri,4,1,3318,Unfurnished,21,14625002,41886
Gandhi nagar,5,3,3063,Unfurnished,19,19029193,68716
Shyamla Hills,1,2,573,Semi-Furnished,14,4356976,13353
Habibganj,5,1,4220,Unfurnished,4,23176391,76700
Indrapuri,5,1,3415,Furnished,19,13713091,33972
kohefiza,5,4,4725,Furnished,17,21187955,57343
Govindpura,1,4,652,Furnished,1,3376264,9965
Barkheda,2,4,1155,Unfurnished,7,5003319,15257
Roshanpura,4,1,2911,Furnished,2,13934700,41496
Shanti Nagar,1,2,585,Furnished,13,3544133,11868
Hoshangabad Road,5,2,4454,Semi-Furnished,11,22690083,66831
chuna bhatti,1,1,426,Semi-Furnished,1,2052939,6076
Service road,1,3,583,Unfurnished,17,3372485,10859
Tajul masjid,4,3,2967,Furnished,20,16220307,54057
Sonagiri,4,2,3419,Furnished,1,15741475,40450
Ayodhya nagar,1,2,566,Unfurnished,13,3492900,13609
Chuna Bhatti,3,3,1466,Furnished,2,6874039,19777
Shivaji Nagar,1,3,640,Semi-Furnished,27,3757051,13128
Saket nagar,3,4,1994,Furnished,24,13497699,44466
sultaniya road,5,4,4391,Unfurnished,0,22924954,69058
Lalghati,1,2,641,Furnished,15,3051346,10506
MP Nagar,3,1,1291,Semi-Furnished,22,10259875,32114
Govindpura,3,3,1426,Unfurnished,8,7605131,20888
Roshanpura,5,4,3026,Unfurnished,23,14553607,43270
Kolar Road,4,3,2126,Furnished,8,10679856,31038
Vijay nagar,2,1,914,Furnished,7,6619955,22151
Anand nagar,4,4,2141,Unfurnished,8,12371728,39025
Prabhat petrol pump,5,3,4858,Furnished,20,23886336,68020
Tajul masjid,1,1,728,Semi-Furnished,27,3990165,12058
Nizamuddin colony,3,4,1886,Furnished,12,12200267,38013
Hoshangabad Road,1,4,668,Semi-Furnished,27,3399745,9258
Karond,1,2,429,Furnished,8,2032832,5410
Ayodhya nagar,5,2,4557,Furnished,19,28275086,104031
Service road,2,3,976,Semi-Furnished,6,5717804,18569
Service road,3,3,1379,Unfurnished,26,8072265,26751
Anand nagar,5,2,4078,Furnished,22,23580217,76112
Gulmohar,4,2,2947,Furnished,2,18901401,62866
Shyamla Hills,1,3,656,Unfurnished,22,4897226,15486
Ashoka garden,3,1,1701,Furnished,10,8881607,25420
Kamla Nagar,5,1,4054,Semi-Furnished,8,21151404,65226
Saket nagar,2,2,1073,Unfurnished,6,7321910,22746
sultaniya road,5,4,3299,Unfurnished,13,17189264,53893
kohefiza,2,1,1163,Semi-Furnished,13,5184722,15561
Arera Colony,3,2,1708,Furnished,4,12846625,41545
Minal,3,3,1719,Semi-Furnished,1,8121273,20517
Sonagiri,3,3,1270,Unfurnished,6,5913995,15946
Ashoka garden,1,1,628,Furnished,0,3301657,10762
Saket nagar,1,4,658,Unfurnished,16,4491343,16271
Vijay nagar,4,4,2572,Furnished,7,18470734,61511
Shivaji Nagar,3,3,1246,Furnished,20,7455046,23629
Prabhat petrol pump,5,4,4370,Semi-Furnished,6,21319430,61427
VIP road,5,4,4802,Unfurnished,18,31202810,99728
Piplani,5,1,4895,Unfurnished,18,34168906,107571
chuna bhatti,2,2,1048,Unfurnished,20,4987600,12038
Hoshangabad Road,1,1,560,Furnished,22,2783574,7791
Gandhi nagar,3,4,1829,Semi-Furnished,29,11296812,41970
Habibganj,5,3,4692,Semi-Furnished,2,25866828,85596
Kamla Nagar,3,1,1564,Unfurnished,18,8128636,25293
Ashoka garden,5,1,4608,Semi-Furnished,23,24024401,74029
Gulmohar,5,3,4296,Semi-Furnished,26,27495449,88717
Prabhat petrol pump,5,1,4854,Semi-Furnished,26,23879431,69661
char Imli,4,4,3102,Semi-Furnished,16,20521331,64394
Kamla Nagar,2,4,1033,Unfurnished,3,5445958,18208
Gulmohar,3,2,1814,Semi-Furnished,30,11618704,36505
Saket nagar,1,1,620,Unfurnished,1,4127210,13609
Barkheda,5,1,4722,Unfurnished,16,20841291,62414
New market,4,1,3158,Unfurnished,26,22193886,67513
sultaniya road,3,4,1746,Unfurnished,20,9044457,29568
Ashoka garden,2,4,954,Unfurnished,9,4881354,16159
Misrod,4,1,2079,Furnished,15,8803245,22794
Prabhat petrol pump,5,2,3294,Semi-Furnished,0,16158446,45670
Vijay nagar,2,2,1036,Furnished,25,7456725,26319
Prabhat petrol pump,1,3,654,Semi-Furnished,11,3108566,9581
Arjun Nagar,3,3,1348,Semi-Furnished,13,8051261,28440
Indrapuri,1,4,655,Semi-Furnished,18,2520948,7963
Avadhpuri,2,3,980,Semi-Furnished,22,4355062,13091
VIP road,1,1,718,Furnished,16,4727749,15327
Ashoka garden,5,2,4478,Unfurnished,9,23212869,70807
Ayodhya nagar,2,1,1132,Semi-Furnished,24,6978103,26420
kohefiza,3,1,1965,Semi-Furnished,6,8906567,22452
Ashoka garden,5,4,3523,Unfurnished,2,18290542,55952
MP Nagar,2,4,932,Semi-Furnished,12,7544112,25218
Ayodhya bypass,1,2,746,Semi-Furnished,17,4035806,11347
Indrapuri,1,4,408,Unfurnished,20,1630619,4909
Prabhat petrol pump,5,2,3740,Semi-Furnished,1,18331735,51077
Roshanpura,2,1,952,Furnished,12,4547986,12236
Tajul masjid,5,2,4990,Semi-Furnished,18,27466897,88185
Chuna Bhatti,2,3,1081,Semi-Furnished,0,4989990,13332
Piplani,1,4,415,Semi-Furnished,5,2941741,9141
Prabhat petrol pump,4,1,2469,Unfurnished,22,12132937,35039
sultaniya road,2,4,1078,Unfurnished,18,5585508,17606
Sonagiri,2,2,850,Furnished,23,3901447,8991
ibrahimpura,4,1,3146,Unfurnished,19,13508403,34423
chuna bhatti,4,3,2093,Unfurnished,16,9737355,27222
Vikas Nagar,1,1,461,Semi-Furnished,5,3225597,10711
Kolar Road,4,1,3024,Semi-Furnished,29,15051383,44860
char Imli,3,2,1718,Unfurnished,25,11272188,35817
Vijay nagar,4,1,3465,Unfurnished,3,25041254,82621
Shyamla Hills,1,4,633,Unfurnished,9,4741610,17426
Minal,1,4,419,Unfurnished,25,2026149,5855
Barkheda,3,2,1295,Semi-Furnished,19,5731093,16360
Shyamla Hills,1,2,422,Furnished,13,3142499,8765
Vijay nagar,5,1,4059,Semi-Furnished,11,29324706,96111
MP Nagar,5,4,4249,Unfurnished,11,34048699,108100
Nizamuddin colony,3,2,1702,Unfurnished,10,11111930,36989
Tajul masjid,3,1,1922,Unfurnished,18,10549004,36134
Avadhpuri,5,1,3458,Semi-Furnished,13,15264761,45728
Kamla Nagar,5,4,4833,Furnished,25,25159876,78736
Ayodhya nagar,1,1,479,Semi-Furnished,25,2900540,10211
Ayodhya bypass,3,1,1654,Furnished,16,8836719,28435
Bawadiya Kalan,3,4,1889,Semi-Furnished,17,8501975,24614
Ratnagiri,3,4,1211,Furnished,25,5743000,14230
Nizamuddin colony,5,4,4158,Furnished,26,27033429,86931
jahangirabad,3,1,1832,Furnished,27,8428447,21524
Sonagiri,5,1,4720,Unfurnished,28,21805663,57017
Govindpura,2,1,982,Furnished,20,5290326,17292
Kamla Nagar,2,1,1008,Semi-Furnished,16,5206666,14141
sultaniya road,4,4,3316,Unfurnished,21,17205949,54884
Avadhpuri,2,4,1107,Semi-Furnished,9,4869394,14326
Anand nagar,3,1,1464,Unfurnished,12,8580110,28215
Chuna Bhatti,1,2,403,Semi-Furnished,22,1814787,3573
New market,2,4,1038,Unfurnished,19,7222087,21982
Habibganj,3,3,1379,Furnished,14,7551365,25243
Lalghati,2,4,1173,Unfurnished,15,5548232,18272
Narela,5,3,4066,Furnished,20,17412452,44663
Hoshangabad Road,4,1,3380,Unfurnished,25,17204439,49215
Service road,5,3,4306,Unfurnished,16,25024485,82348
Tajul masjid,1,3,673,Furnished,8,3632876,12583
Nizamuddin colony,3,4,1865,Semi-Furnished,6,12179817,38356
New market,4,2,3261,Semi-Furnished,8,22821920,71008
MP Nagar,1,4,651,Unfurnished,4,5282772,15119
Minal,1,2,437,Unfurnished,13,2032473,7275
Nizamuddin colony,3,4,1374,Semi-Furnished,3,8927960,28886
Govindpura,4,3,3252,Semi-Furnished,25,17182245,53656
Bittan Market,5,2,4801,Unfurnished,30,33556536,106798
Misrod,5,2,4842,Unfurnished,1,20408583,54572
Arera Colony,1,1,726,Furnished,19,5537043,17392
Karond,2,3,1058,Semi-Furnished,25,5201216,15511
Bittan Market,2,2,1095,Semi-Furnished,20,7710414,22507
Minal,3,4,1535,Semi-Furnished,27,7310813,21681
Hoshangabad Road,1,2,458,Semi-Furnished,0,2307154,7822
Minal,4,2,2630,Furnished,20,12284467,32462
Shyamla Hills,5,4,4736,Furnished,19,35549335,119169
Service road,5,4,3095,Furnished,3,17877273,57389
Bairagarh,3,2,1818,Furnished,28,8165726,22361
Nizamuddin colony,4,4,3196,Furnished,2,20682057,68416
Shyamla Hills,3,1,1817,Unfurnished,22,13580931,44243
Bittan Market,1,2,677,Unfurnished,23,4753040,16182
char Imli,3,3,1945,Furnished,29,12801905,40480
char Imli,5,4,4491,Furnished,21,29667453,93340
Gulmohar,3,2,1796,Unfurnished,10,11451966,36452
chuna bhatti,4,1,3356,Semi-Furnished,10,15689551,42905
Ashoka garden,1,2,492,Unfurnished,0,2622534,8647
Ayodhya nagar,1,1,733,Furnished,27,4633869,18017
char Imli,1,4,588,Unfurnished,8,3850340,13004
Tajul masjid,1,4,720,Furnished,20,3882262,11096
Minal,1,3,543,Semi-Furnished,4,2628412,7093
Chuna Bhatti,4,1,3465,Furnished,29,16230253,45330
Gandhi nagar,1,2,648,Semi-Furnished,8,3984170,15122
Lalghati,1,1,688,Unfurnished,26,3224165,10514
Karond,1,1,785,Furnished,1,3877221,10468
ibrahimpura,1,3,434,Furnished,15,1940600,5678
Gandhi nagar,4,2,2731,Semi-Furnished,1,17028413,62137
Sonagiri,4,1,3273,Unfurnished,19,15026783,40120
jahangirabad,1,1,625,Semi-Furnished,5,2970253,8879
Avadhpuri,3,3,1373,Furnished,25,5996217,19744
Shanti Nagar,2,2,817,Semi-Furnished,9,4726811,17135
Bittan Market,4,2,2977,Unfurnished,13,20928927,63637
Hoshangabad Road,5,2,4141,Semi-Furnished,8,21078990,60899
Roshanpura,5,3,4114,Semi-Furnished,0,19746528,58693
Bittan Market,1,2,628,Furnished,14,4350097,14476
Piplani,5,2,4050,Furnished,17,28314217,90113
Kolar Road,2,2,1187,Unfurnished,15,5866972,19043
Ayodhya bypass,5,2,4443,Semi-Furnished,26,23550613,70621
Piplani,3,4,1747,Unfurnished,3,12279239,40174
Arera Colony,2,4,968,Semi-Furnished,24,7324759,24991
Misrod,3,1,1542,Semi-Furnished,16,6517649,15802
Minal,4,1,3397,Furnished,22,16048794,46049
Barkheda,3,2,1517,Unfurnished,7,6593690,19867
VIP road,1,4,788,Semi-Furnished,23,5141568,16766
Vijay nagar,5,3,4940,Unfurnished,23,35492732,119090
Misrod,3,2,1952,Furnished,24,8280833,19941
Service road,4,3,2152,Furnished,3,12400145,42054
MP Nagar,3,4,1570,Semi-Furnished,18,12501460,40535
Gandhi nagar,5,4,4782,Unfurnished,12,29737774,109506
Bairagarh,2,4,1123,Semi-Furnished,19,5138102,13896
Nizamuddin colony,1,1,792,Semi-Furnished,1,5129002,17192
Saket nagar,3,4,1269,Unfurnished,20,8574863,29383
Govindpura,4,4,3249,Furnished,15,17219272,53450
eidgah hills,3,2,1299,Unfurnished,23,7837397,27733
Hoshangabad Road,1,1,445,Semi-Furnished,19,2344130,8415
Saket nagar,5,3,3157,Semi-Furnished,25,21548207,71738
Bairagarh,2,4,895,Semi-Furnished,2,4061828,9455
Prabhat petrol pump,2,1,1027,Furnished,14,5024827,15499
Barkheda,1,2,719,Furnished,23,3136028,7583
Shivaji Nagar,4,4,2203,Unfurnished,28,13315504,44558
Gulmohar,3,1,1474,Semi-Furnished,27,9520046,29548
kohefiza,4,4,2504,Semi-Furnished,28,11367399,30823
eidgah hills,2,3,985,Semi-Furnished,24,5881943,17941
Karond,3,3,1629,Semi-Furnished,23,7915462,22569
Bittan Market,3,3,1309,Furnished,17,9211751,28533
Shanti Nagar,2,3,969,Unfurnished,27,5648358,18296
Shanti Nagar,2,4,924,Semi-Furnished,0,5410867,18603
Govindpura,1,1,633,Semi-Furnished,3,3345958,10776
Kamla Nagar,1,1,472,Semi-Furnished,14,2374388,7456
ibrahimpura,3,4,1805,Unfurnished,10,7698241,21267
Indrapuri,2,1,1161,Unfurnished,29,4636818,12450
Ratnagiri,1,2,636,Semi-Furnished,7,2908113,6526
Shanti Nagar,1,3,552,Semi-Furnished,2,3242186,10743
Roshanpura,1,2,627,Semi-Furnished,8,3108555,7235
Barkheda,3,1,1485,Semi-Furnished,29,6442270,18147
chuna bhatti,1,1,624,Furnished,28,2836964,9243
MP Nagar,1,3,523,Unfurnished,15,4201902,11984
Kolar Road,2,4,932,Semi-Furnished,27,4664780,15782
Ayodhya bypass,5,3,4399,Furnished,10,23340212,70998
Chuna Bhatti,5,2,4414,Semi-Furnished,14,20650825,58988
Hoshangabad Road,3,3,1626,Semi-Furnished,30,8386501,25557
Arera Colony,1,3,688,Unfurnished,7,5177313,18040
Bittan Market,2,4,1011,Unfurnished,26,6982628,23060
Indrapuri,3,4,1574,Unfurnished,24,6217891,16210
Prabhat petrol pump,4,3,2157,Unfurnished,25,10578828,31890
Ratnagiri,3,1,1953,Furnished,28,9211980,26591
chuna bhatti,1,3,494,Unfurnished,20,2298317,6790
Sonagiri,1,2,766,Semi-Furnished,0,3451712,7837
Narela,2,2,827,Unfurnished,22,3545256,9944
Barkheda,1,2,745,Unfurnished,9,3317775,11397
Govindpura,3,2,1802,Unfurnished,6,9531757,27620
VIP road,2,3,881,Semi-Furnished,30,5785968,17808
kohefiza,3,3,1390,Unfurnished,17,6161486,18131
Gulmohar,1,2,788,Unfurnished,27,5142816,14993
Service road,1,4,606,Furnished,26,3507779,11879
Vijay nagar,5,3,4880,Unfurnished,3,35214138,118679
Nizamuddin colony,4,1,2087,Semi-Furnished,24,13546731,45110
Nizamuddin colony,3,1,1292,Unfurnished,16,8483419,25715
Arjun Nagar,3,1,1240,Semi-Furnished,22,7430332,25812
Bawadiya Kalan,1,2,700,Furnished,18,3240675,7447
Saket nagar,5,2,4943,Furnished,28,33681452,112573
Sonagiri,4,2,2014,Semi-Furnished,18,9274821,24630
Shivaji Nagar,1,2,702,Furnished,21,4233729,14422
Kolar Road,3,4,1555,Unfurnished,16,7763602,24714
Anand nagar,3,2,1768,Semi-Furnished,19,10155336,34327
Karond,1,2,768,Unfurnished,8,3786247,11964
Bawadiya Kalan,3,1,1798,Unfurnished,5,8163555,20087
Kamla Nagar,2,2,987,Semi-Furnished,24,5181407,15621
Bairagarh,3,4,1572,Furnished,30,7130372,18147
Karond,2,2,1088,Furnished,17,5354704,15358
Barkheda,3,3,1806,Semi-Furnished,28,7971735,22607
MP Nagar,4,2,3310,Unfurnished,10,26562872,81089
MP Nagar,3,1,1541,Unfurnished,15,12297902,37549
Ayodhya bypass,3,3,1379,Semi-Furnished,15,7266399,21651
VIP road,1,3,688,Unfurnished,5,4561039,15393
Gulmohar,5,3,3817,Furnished,9,24506412,80360
eidgah hills,4,4,2575,Unfurnished,25,15363346,51072
Minal,3,2,1867,Furnished,8,8814889,25463
Ashoka garden,2,1,870,Semi-Furnished,20,4615437,13126
Vikas Nagar,4,4,2961,Unfurnished,30,20129220,67146
Lalghati,3,3,1961,Unfurnished,8,9346663,25622
Barkheda,4,4,2361,Semi-Furnished,15,10321165,29096
Ayodhya nagar,4,3,2383,Furnished,13,14714589,54711
Anand nagar,5,1,4721,Unfurnished,16,27479561,89301
Prabhat petrol pump,5,3,4130,Unfurnished,23,20309829,58547
Indrapuri,1,1,518,Semi-Furnished,9,2166167,4775
Roshanpura,1,3,790,Unfurnished,20,3782049,9536
Karond,5,2,4560,Unfurnished,12,22285683,64010
Lalghati,5,2,4127,Unfurnished,5,19731474,56310
Ashoka garden,2,4,883,Semi-Furnished,26,4623290,14904
Gulmohar,1,4,523,Unfurnished,24,3408193,12245
Vikas Nagar,4,1,2783,Furnished,23,18908567,63942
Habibganj,1,4,567,Unfurnished,30,3216316,10214
Bittan Market,2,3,857,Unfurnished,30,6052081,19544
Service road,4,4,2975,Furnished,26,17306362,55400
Indrapuri,5,3,4745,Furnished,6,18892958,45551
eidgah hills,5,3,3964,Unfurnished,7,23853148,80784
Lalghati,3,2,1923,Furnished,10,9271959,28264
Kolar hills,1,2,406,Semi-Furnished,15,2008792,7867
Arera Colony,1,2,631,Furnished,22,4821585,14155
Arera Colony,3,3,1217,Semi-Furnished,22,9182014,29040
Ashoka garden,4,3,2360,Semi-Furnished,2,12205780,35791
eidgah hills,5,1,3032,Furnished,18,18209530,60397
Minal,3,2,1970,Furnished,25,9284754,26902
Kolar Road,4,1,2475,Furnished,23,12394348,37106
MP Nagar,2,1,1016,Semi-Furnished,11,8160534,26402
chuna bhatti,4,1,2246,Unfurnished,22,10616389,29796
Govindpura,5,3,3503,Furnished,17,18541634,56602
VIP road,3,4,1205,Unfurnished,22,7875217,26727
Vijay nagar,4,3,3019,Unfurnished,10,21753452,73031
Bairagarh,1,2,734,Unfurnished,19,3379809,7944
Vijay nagar,5,3,4149,Unfurnished,23,29896962,99847
Vijay nagar,5,3,4858,Unfurnished,1,34954793,116984
Bairagarh,2,1,1161,Unfurnished,19,5222567,13144
Saket nagar,4,2,2207,Unfurnished,10,15052522,50266
Chuna Bhatti,5,1,4926,Furnished,3,23057142,64841
Bawadiya Kalan,2,1,964,Unfurnished,15,4407172,13360
Indrapuri,2,4,1143,Semi-Furnished,21,4585565,11299
Govindpura,1,4,444,Semi-Furnished,8,2318686,8497
char Imli,2,2,1055,Furnished,12,7057229,21276
Prabhat petrol pump,1,4,753,Semi-Furnished,16,3664614,11395
MP Nagar,1,2,763,Unfurnished,3,6004769,18002
Arera Colony,5,3,4506,Unfurnished,9,33705388,110007
Karond,1,1,495,Furnished,25,2349841,8027
Karond,5,2,3501,Semi-Furnished,16,17127123,47435
Habibganj,2,1,892,Unfurnished,17,4934637,15754
eidgah hills,3,2,1578,Furnished,26,9518499,30913
Kamla Nagar,3,3,1742,Semi-Furnished,8,9009522,28860
Vikas Nagar,5,2,3229,Unfurnished,22,22028870,74280
Shanti Nagar,5,1,4367,Furnished,4,25726363,83126
Avadhpuri,4,4,3108,Unfurnished,20,13771729,40887
Misrod,4,3,2224,Semi-Furnished,15,9250638,25535
Ayodhya nagar,1,3,419,Semi-Furnished,1,2652712,9422
Lalghati,1,1,412,Furnished,20,1923483,5201
Nizamuddin colony,5,1,4387,Unfurnished,17,28608833,92068
Service road,3,3,1216,Furnished,6,7027894,22723
Misrod,4,4,2199,Unfurnished,17,9264122,24507
Minal,2,4,826,Semi-Furnished,14,3874862,11536
Shanti Nagar,1,4,556,Unfurnished,13,3307715,10051
Bittan Market,1,4,511,Furnished,4,3661166,11607
Narela,1,3,732,Furnished,25,3051097,8824
Indrapuri,3,1,1465,Unfurnished,11,5767222,13568
Habibganj,3,1,1357,Unfurnished,12,7432124,24192
Bawadiya Kalan,1,1,568,Semi-Furnished,30,2536403,8256
Ashoka garden,1,3,581,Furnished,22,2964078,9761
Anand nagar,1,3,452,Semi-Furnished,9,2632125,7518
Gandhi nagar,4,2,2030,Unfurnished,18,12600837,45805
Lalghati,5,2,3426,Furnished,17,16465924,47801
Lalghati,1,1,581,Unfurnished,2,2825265,6605
Vikas Nagar,2,2,980,Furnished,7,6686924,24353
Ratnagiri,2,3,1070,Unfurnished,12,4962387,14364
Sonagiri,5,4,3224,Semi-Furnished,16,14905055,39586
Kolar hills,4,3,2442,Semi-Furnished,27,12223798,37190
eidgah hills,5,3,4219,Furnished,15,25316480,82411
Vijay nagar,1,4,413,Unfurnished,25,2981222,9980
eidgah hills,2,3,1109,Furnished,19,6632839,23505
New market,3,4,1275,Semi-Furnished,6,9019231,29677
Kolar hills,2,3,1137,Unfurnished,16,5747974,18003
Sonagiri,4,2,2652,Semi-Furnished,19,12282929,31542
Shanti Nagar,3,1,1380,Semi-Furnished,28,8159140,25545
Nizamuddin colony,4,3,3288,Furnished,28,21329867,68111
Misrod,2,4,1163,Furnished,22,4885667,12504
Habibganj,2,3,951,Semi-Furnished,22,5232579,18008
Gulmohar,2,1,1107,Unfurnished,20,7104819,22725
Chuna Bhatti,5,3,4476,Semi-Furnished,9,21120898,58936
VIP road,2,4,890,Unfurnished,14,5737130,18456
Ratnagiri,5,3,3752,Semi-Furnished,4,17671782,47833
Chuna Bhatti,4,2,3233,Unfurnished,3,15118329,43204
Gulmohar,5,2,3161,Semi-Furnished,8,20268829,68163
Avadhpuri,5,1,3157,Unfurnished,25,13841491,41371
Sonagiri,1,3,433,Semi-Furnished,22,1997553,3610
VIP road,1,1,504,Furnished,6,3274807,12523
eidgah hills,4,1,3485,Semi-Furnished,27,20867112,71136
Minal,1,4,755,Semi-Furnished,9,3625788,11786
Shanti Nagar,4,1,2946,Semi-Furnished,13,17406738,55842
Kamla Nagar,2,3,915,Furnished,2,4697315,13636
ibrahimpura,4,3,3446,Semi-Furnished,24,14793542,38833
sultaniya road,5,3,4319,Semi-Furnished,0,22535175,69772
Vijay nagar,3,4,1646,Unfurnished,16,11755528,41165
VIP road,4,3,2093,Semi-Furnished,3,13563598,45737
Govindpura,5,1,4448,Furnished,29,23484440,72684
Bittan Market,1,3,734,Semi-Furnished,0,5211689,16832
Minal,5,1,4503,Semi-Furnished,24,21247277,59461
Bairagarh,5,2,4376,Unfurnished,18,19667987,54115
Chuna Bhatti,5,1,4813,Unfurnished,10,22619813,62541
Kolar Road,5,1,3707,Unfurnished,25,18466427,56992
Ratnagiri,2,2,1023,Unfurnished,23,4718720,14171
Barkheda,3,2,1932,Semi-Furnished,15,8565411,25614
Misrod,4,4,2979,Semi-Furnished,12,12463410,31446
Shanti Nagar,1,1,737,Unfurnished,5,4275711,13923
chuna bhatti,3,1,1822,Furnished,6,8548503,23830
Indrapuri,1,2,726,Semi-Furnished,26,2893231,6833
eidgah hills,5,1,4289,Semi-Furnished,17,25766680,84284
Ayodhya bypass,4,3,2725,Semi-Furnished,23,14504259,44537
jahangirabad,5,2,3406,Semi-Furnished,25,15635441,42802
Service road,5,3,4128,Unfurnished,25,23964632,77414
Service road,2,4,831,Furnished,1,4827251,14318
Karond,4,2,2124,Furnished,23,10443404,28615
jahangirabad,5,3,3154,Furnished,12,14555323,38339
Vijay nagar,5,4,4590,Unfurnished,20,33129409,108597
New market,4,2,2295,Unfurnished,16,15968919,50642
Ayodhya bypass,1,3,654,Furnished,26,3467985,8700
MP Nagar,4,3,3456,Unfurnished,13,27577583,84831
Avadhpuri,5,2,4178,Furnished,8,18373611,53458
Govindpura,5,1,4633,Unfurnished,28,24549932,74686
Saket nagar,5,3,3749,Furnished,26,25508277,86034
Ashoka garden,3,2,1965,Furnished,23,10134865,32588
sultaniya road,2,1,961,Furnished,9,5066063,16751
Minal,5,1,4017,Unfurnished,15,18873786,51329
MP Nagar,4,3,3398,Unfurnished,21,27108303,83408
Arjun Nagar,3,4,1551,Furnished,6,9344297,30362
Ashoka garden,1,4,513,Furnished,16,2676231,7010
Misrod,4,2,2677,Furnished,27,11339222,27759
Lalghati,5,3,4167,Furnished,11,20014747,60161
Arjun Nagar,2,1,1069,Unfurnished,1,6437892,21427
Lalghati,1,3,497,Unfurnished,7,2297521,6876
Sonagiri,1,4,718,Unfurnished,6,3235920,8748
Shanti Nagar,5,1,3874,Semi-Furnished,18,22865886,74988
VIP road,1,1,539,Semi-Furnished,28,3495128,9366
Saket nagar,5,4,3309,Furnished,30,22403283,77343
MP Nagar,5,1,4752,Semi-Furnished,9,37989365,120430
Hoshangabad Road,4,4,2858,Semi-Furnished,7,14621148,43759
Minal,1,4,560,Furnished,30,2655363,7209
Kolar hills,4,3,2232,Furnished,5,11255870,33890
char Imli,2,3,1118,Semi-Furnished,15,7447827,24526
Anand nagar,3,3,1359,Furnished,18,7892491,25930
Avadhpuri,3,4,1651,Unfurnished,6,7225841,22084
MP Nagar,5,3,4392,Furnished,5,35078780,110402
New market,5,2,3659,Semi-Furnished,14,25579612,80776
Shivaji Nagar,2,4,1020,Furnished,25,6029436,18720
Kolar Road,4,3,2582,Furnished,3,12917299,37766
Anand nagar,4,3,3275,Semi-Furnished,17,18959142,61782
eidgah hills,4,2,2580,Furnished,26,15404727,49967
Gandhi nagar,1,3,629,Semi-Furnished,7,3999451,13972
chuna bhatti,4,2,2476,Semi-Furnished,22,11631477,33836
Misrod,5,1,3032,Unfurnished,6,12662349,34414
Bawadiya Kalan,1,1,646,Unfurnished,12,2866163,6104
Arera Colony,5,3,4888,Furnished,8,36619928,115442
Gandhi nagar,4,2,2109,Semi-Furnished,26,13069128,49020
sultaniya road,3,2,1467,Semi-Furnished,23,7568987,21697
Sonagiri,3,1,1790,Furnished,10,8222855,22046
Service road,1,2,774,Furnished,29,4582280,16204
Bittan Market,3,2,1428,Unfurnished,28,10074223,31215
New market,3,4,1869,Furnished,14,13018664,42240
Avadhpuri,2,3,856,Unfurnished,22,3785527,9365
VIP road,3,3,1640,Unfurnished,10,10628476,35270
Narela,4,2,2146,Unfurnished,4,9277564,21919
Vijay nagar,1,3,433,Semi-Furnished,10,3092503,10186
Kamla Nagar,5,2,4538,Furnished,20,23652129,73309
kohefiza,4,1,2487,Semi-Furnished,21,11131365,30902
jahangirabad,5,3,4628,Semi-Furnished,27,21253874,57064
Saket nagar,2,3,968,Semi-Furnished,28,6502543,22571
char Imli,2,4,874,Semi-Furnished,27,5730350,16428
Bittan Market,5,3,3010,Furnished,7,21157258,67386
VIP road,1,1,441,Furnished,5,2882906,8556
Habibganj,2,3,838,Semi-Furnished,0,4641356,16557
Ayodhya bypass,3,3,1382,Furnished,19,7359219,20525
Ayodhya nagar,1,4,429,Unfurnished,15,2758419,8392
ibrahimpura,5,4,3899,Unfurnished,17,16739450,41524
Anand nagar,4,3,2953,Unfurnished,3,17059032,56088
Shivaji Nagar,5,1,4540,Semi-Furnished,5,27235970,88912
Lalghati,4,4,3405,Furnished,26,16368481,46873
MP Nagar,5,4,4838,Semi-Furnished,2,38751783,121705
kohefiza,1,2,419,Semi-Furnished,2,1835148,3969
Ratnagiri,5,1,4635,Semi-Furnished,7,21802915,61822
kohefiza,5,3,3420,Furnished,17,15476415,40739
Minal,5,3,3092,Unfurnished,30,14472827,39647
char Imli,5,4,4842,Furnished,1,32015044,103016
Anand nagar,3,1,1942,Furnished,24,11246715,37743
Ayodhya bypass,2,2,832,Furnished,10,4312361,12717
char Imli,2,1,1086,Unfurnished,28,7068383,21788
sultaniya road,4,1,3194,Semi-Furnished,18,16575064,52450
Ayodhya nagar,2,4,919,Semi-Furnished,16,5768181,20761
Kolar Road,5,3,3194,Unfurnished,28,16000443,47291
Anand nagar,3,4,1285,Semi-Furnished,24,7538215,23747
Shanti Nagar,1,2,764,Semi-Furnished,21,4495561,14053
Shanti Nagar,4,1,2193,Furnished,19,13037753,40401
VIP road,3,3,1471,Unfurnished,8,9534434,32869
New market,2,4,1058,Semi-Furnished,27,7407758,23459
Kolar Road,5,4,3110,Unfurnished,8,15477130,48397
eidgah hills,3,1,1882,Unfurnished,12,11368285,39176
chuna bhatti,3,2,1648,Semi-Furnished,29,7797856,21360
Ayodhya bypass,1,4,698,Unfurnished,4,3649692,11403
MP Nagar,4,4,2548,Unfurnished,9,20478710,64321
Kamla Nagar,4,3,3291,Furnished,30,17154183,54162
Kolar hills,1,2,558,Semi-Furnished,26,2798853,8108
Tajul masjid,1,1,545,Semi-Furnished,10,2989358,11427
Govindpura,3,4,1259,Unfurnished,1,6672627,19301
Anand nagar,3,2,1363,Unfurnished,18,7819485,24025
Bawadiya Kalan,4,2,3008,Semi-Furnished,17,13524755,37198
chuna bhatti,4,2,2943,Furnished,16,13803390,38671
Habibganj,2,4,898,Furnished,16,4890319,14831
Shanti Nagar,1,2,659,Semi-Furnished,8,3971974,14073
Ayodhya bypass,5,3,4812,Furnished,24,25507971,77466
Shyamla Hills,5,1,3961,Unfurnished,15,29728052,99580
chuna bhatti,4,1,2486,Unfurnished,16,11654498,33718
Prabhat petrol pump,5,1,4052,Unfurnished,14,19829069,56140
char Imli,3,3,1800,Unfurnished,28,11970136,37784
Shivaji Nagar,3,4,1603,Semi-Furnished,12,9523697,31508
chuna bhatti,4,2,2666,Furnished,16,12542617,36258
MP Nagar,5,2,3940,Furnished,16,31598690,99438
Bittan Market,3,4,1442,Semi-Furnished,17,10164404,32748
Bairagarh,5,3,3593,Unfurnished,30,16220366,43357
Gandhi nagar,2,2,876,Furnished,10,5367608,19088
New market,3,4,1766,Unfurnished,26,12292292,37710
sultaniya road,4,2,2549,Unfurnished,30,13282428,38917
Govindpura,2,3,1089,Semi-Furnished,16,5861583,15507
Piplani,3,3,1423,Furnished,24,9948956,29803
Kolar Road,5,4,4510,Furnished,11,22483471,69207
VIP road,3,3,1852,Furnished,10,12128995,39575
Bawadiya Kalan,2,1,1025,Furnished,4,4556730,13562
sultaniya road,1,3,422,Semi-Furnished,21,2126317,7662
Roshanpura,5,1,4208,Semi-Furnished,4,20156557,58540
Habibganj,5,4,3573,Furnished,14,19692485,65041
Narela,5,4,4889,Furnished,8,21109240,54965
Ayodhya nagar,1,2,558,Unfurnished,27,3385403,11825
Gandhi nagar,3,2,1964,Furnished,16,12190075,46794
Kolar Road,4,3,3416,Semi-Furnished,9,17064281,52928
Misrod,1,2,410,Unfurnished,11,1681375,5585
Arjun Nagar,4,4,3218,Furnished,7,19309929,65671
Vijay nagar,4,3,2752,Semi-Furnished,8,19791845,67850
Ashoka garden,4,4,3345,Furnished,11,17408310,54127
Shanti Nagar,4,2,2150,Furnished,10,12586217,42313
Ashoka garden,5,2,4924,Furnished,26,25589350,79894
sultaniya road,4,3,2037,Unfurnished,23,10691085,32491
sultaniya road,1,3,445,Semi-Furnished,27,2317961,6468
Hoshangabad Road,2,1,1040,Unfurnished,17,5209054,13766
Ashoka garden,1,4,634,Furnished,19,3344463,10316
jahangirabad,3,4,1266,Furnished,21,5846092,15041
Lalghati,1,2,594,Unfurnished,22,2881112,7947
Piplani,3,3,1492,Furnished,12,10498656,31788
Avadhpuri,1,2,475,Furnished,17,2153855,7606
Prabhat petrol pump,1,3,720,Furnished,17,3574805,9397
Lalghati,5,1,3050,Furnished,11,14560947,42451
Tajul masjid,1,2,548,Furnished,15,3092262,8483
ibrahimpura,3,4,1669,Unfurnished,22,7169902,17448
Govindpura,1,4,450,Unfurnished,8,2414190,7173
Anand nagar,3,2,1790,Semi-Furnished,25,10382452,32498
Gandhi nagar,3,2,1933,Furnished,16,12080775,44554
Prabhat petrol pump,4,2,3096,Furnished,11,15243022,45161
char Imli,1,3,661,Furnished,14,4274939,12271
VIP road,1,1,535,Semi-Furnished,6,3542668,9582
Ayodhya nagar,5,3,3551,Semi-Furnished,7,22072656,82837
VIP road,2,4,1159,Furnished,21,7594360,23577
Ayodhya nagar,1,1,581,Furnished,29,3679837,14683
New market,1,4,449,Unfurnished,13,3229480,10330
MP Nagar,3,3,1638,Semi-Furnished,27,13064157,39234
char Imli,5,3,3953,Unfurnished,19,26132763,82339
Gandhi nagar,2,4,1063,Unfurnished,3,6513843,23296
Kolar Road,3,2,1405,Semi-Furnished,22,7024870,20900
Karond,4,2,3214,Unfurnished,25,15789013,45223
Service road,4,4,2471,Semi-Furnished,19,14274276,45455
Lalghati,5,2,4799,Semi-Furnished,5,22964637,66784
Service road,1,3,418,Unfurnished,9,2400879,7022
Nizamuddin colony,3,1,1600,Semi-Furnished,18,10398350,33544
Barkheda,2,4,843,Semi-Furnished,16,3764396,11471
Minal,5,1,4813,Unfurnished,17,22593988,62068
Ratnagiri,1,1,632,Semi-Furnished,17,2901225,10044
Arjun Nagar,2,3,1069,Unfurnished,20,6358504,23301
VIP road,4,3,2116,Furnished,24,13739717,42961
eidgah hills,2,4,1124,Unfurnished,15,6792467,23948
ibrahimpura,4,1,2297,Unfurnished,17,9902650,24142
Arera Colony,4,2,2690,Unfurnished,3,20187327,63149
Roshanpura,5,3,3326,Semi-Furnished,16,15897432,46582
Bawadiya Kalan,2,1,873,Unfurnished,29,3964254,12001
sultaniya road,5,3,4808,Furnished,8,25019823,77981
Narela,2,1,1062,Furnished,1,4596648,11022
Indrapuri,1,3,406,Furnished,30,1606581,4089
Shanti Nagar,4,1,2200,Furnished,21,12936738,43280
jahangirabad,2,2,1097,Furnished,4,5031009,14231
Piplani,5,2,3940,Unfurnished,25,27606437,85994
Bawadiya Kalan,5,4,3424,Semi-Furnished,6,15354025,39102
VIP road,1,1,613,Semi-Furnished,29,4020651,13754
Service road,3,1,1715,Semi-Furnished,20,10022315,31521
Chuna Bhatti,5,2,4318,Semi-Furnished,19,20238647,54837
Avadhpuri,4,1,2377,Furnished,27,10391214,32753
chuna bhatti,1,3,482,Furnished,10,2320127,7772
Kamla Nagar,4,4,3029,Furnished,30,15764615,47017
Lalghati,3,2,1681,Unfurnished,9,8089695,23256
Sonagiri,4,1,2494,Furnished,28,11468433,30770
sultaniya road,2,1,1023,Furnished,2,5334510,15874
New market,4,4,2535,Unfurnished,19,17736280,56542
Lalghati,3,1,1792,Unfurnished,27,8518521,25128
Piplani,4,4,3302,Semi-Furnished,5,23160320,73140
Tajul masjid,3,3,1358,Unfurnished,20,7463137,22705
ibrahimpura,2,3,968,Unfurnished,21,4071909,9436
Service road,5,3,4654,Semi-Furnished,9,26932581,88933
Ayodhya nagar,3,2,1849,Unfurnished,10,11374351,42126
Bairagarh,5,2,3696,Unfurnished,11,16675216,44807
New market,2,2,1050,Semi-Furnished,4,7373407,22857
Ayodhya bypass,2,1,869,Unfurnished,13,4631693,15318
Arera Colony,5,3,3213,Unfurnished,2,24124573,78423
Bairagarh,1,2,400,Furnished,13,1865759,5711
Bittan Market,2,3,1057,Unfurnished,30,7402720,22549
Shyamla Hills,3,2,1733,Semi-Furnished,12,12963308,44167
Ayodhya nagar,2,3,1182,Semi-Furnished,7,7266530,26821
jahangirabad,4,4,3470,Unfurnished,14,15940856,40763
kohefiza,2,3,840,Furnished,10,3875324,8854
char Imli,4,2,2198,Furnished,0,14421363,46051
Vijay nagar,5,3,4861,Unfurnished,8,35069819,117746
char Imli,4,1,2166,Furnished,17,14363420,47460
Shyamla Hills,4,3,3265,Furnished,13,24414919,81142
Bittan Market,2,1,1158,Semi-Furnished,13,8190910,26286
Kolar Road,1,1,474,Unfurnished,3,2417409,8316
chuna bhatti,3,4,1780,Semi-Furnished,1,8440788,25118
Shyamla Hills,4,3,2368,Semi-Furnished,10,17833497,59584
Arjun Nagar,2,3,852,Unfurnished,19,5051171,16646
Habibganj,2,1,1191,Unfurnished,12,6584769,20719
MP Nagar,5,4,4174,Semi-Furnished,20,33459721,105388
Anand nagar,3,2,1644,Semi-Furnished,20,9608451,29637
Shanti Nagar,3,1,1795,Semi-Furnished,18,10690208,33320
Ayodhya bypass,3,2,1308,Furnished,7,6923565,19753
Habibganj,1,2,667,Furnished,17,3737830,10096
Tajul masjid,5,1,3416,Semi-Furnished,26,18810646,62615
Minal,5,3,4734,Unfurnished,24,22302168,62610
Arjun Nagar,4,4,3261,Unfurnished,15,19641457,63679
ibrahimpura,5,4,3281,Furnished,7,14020180,35015
kohefiza,1,3,732,Unfurnished,9,3277316,7699
Kolar Road,5,1,3266,Unfurnished,28,16363202,49503
Avadhpuri,3,3,1940,Unfurnished,25,8521226,25268
Shyamla Hills,3,4,1727,Semi-Furnished,21,12869326,45112
Vijay nagar,2,2,973,Furnished,9,7016458,21794
MP Nagar,4,4,2209,Semi-Furnished,5,17659956,56117
Ayodhya bypass,5,3,4545,Furnished,23,24088869,72132
Hoshangabad Road,4,1,3329,Unfurnished,15,16924757,49946
Roshanpura,2,2,1158,Semi-Furnished,13,5590765,17848
Misrod,2,3,871,Semi-Furnished,12,3736380,7583
Kolar hills,2,2,1190,Furnished,3,5915152,16712
Saket nagar,2,3,1056,Unfurnished,17,7111379,22678
Bairagarh,5,2,3242,Unfurnished,14,14536761,39363
Habibganj,3,1,1506,Unfurnished,21,8334570,28041
VIP road,5,1,4207,Furnished,26,27424402,90071
Prabhat petrol pump,2,1,970,Furnished,23,4752221,12811
MP Nagar,4,2,3360,Semi-Furnished,1,26976511,84801
New market,3,2,1820,Semi-Furnished,21,12755194,38089
chuna bhatti,4,3,2677,Semi-Furnished,7,12584737,36241
Piplani,1,4,512,Unfurnished,0,3529758,9574
Arera Colony,1,1,423,Semi-Furnished,28,3102968,8491
Prabhat petrol pump,4,4,2071,Furnished,7,10217596,29356
Narela,1,4,728,Semi-Furnished,16,3156369,8998
Kamla Nagar,2,1,987,Semi-Furnished,0,5145034,17393
Hoshangabad Road,5,2,4385,Furnished,10,22331072,67256
Barkheda,1,2,469,Furnished,29,2032660,6078
Nizamuddin colony,5,1,4322,Semi-Furnished,22,28046576,88879
sultaniya road,3,2,1945,Furnished,24,10096391,29725
Minal,3,2,1600,Furnished,12,7534163,18922
chuna bhatti,2,1,913,Semi-Furnished,3,4295022,13237
Lalghati,4,1,2553,Furnished,4,12297423,37206
Ayodhya nagar,4,1,3391,Furnished,20,21015114,78340
Bawadiya Kalan,1,1,418,Unfurnished,21,1886275,4425
Govindpura,4,4,2078,Unfurnished,7,10976476,32204
New market,1,4,490,Furnished,18,3529139,12674
Shyamla Hills,4,1,3359,Semi-Furnished,24,25132369,85188
Minal,3,1,1369,Furnished,20,6498254,19213
ibrahimpura,4,3,3274,Semi-Furnished,7,14080410,34486
Minal,5,4,4449,Unfurnished,22,20811113,57118
Ashoka garden,5,3,3783,Unfurnished,18,19731253,59084
Bittan Market,5,4,4762,Furnished,2,33286271,104029
Shyamla Hills,3,1,1582,Unfurnished,4,11880501,40137
kohefiza,3,4,1654,Semi-Furnished,13,7435930,21315
Vikas Nagar,5,1,4166,Semi-Furnished,23,28251259,96470
Tajul masjid,2,3,1034,Unfurnished,29,5611661,19289
Hoshangabad Road,2,3,918,Semi-Furnished,12,4692642,13460
Narela,2,4,992,Furnished,4,4310649,9531
Saket nagar,4,3,2643,Furnished,16,18004032,61500
Roshanpura,2,2,1184,Furnished,19,5706066,14608
Ayodhya nagar,5,4,3317,Furnished,11,20623375,77654
Arjun Nagar,5,1,4418,Furnished,30,26567614,86972
chuna bhatti,3,2,1944,Semi-Furnished,26,9115663,25913
sultaniya road,2,1,825,Semi-Furnished,8,4293864,13694
Govindpura,2,3,1176,Semi-Furnished,29,6308245,19633
Kamla Nagar,3,4,1719,Furnished,4,8999214,28629
jahangirabad,1,1,773,Furnished,3,3626349,9721
Indrapuri,4,3,2559,Furnished,5,10150289,27350
Karond,1,4,512,Unfurnished,5,2567969,5717
Ashoka garden,2,3,938,Semi-Furnished,8,4960611,14877
Gandhi nagar,3,2,1207,Unfurnished,5,7572247,29133
Lalghati,1,2,426,Furnished,24,1948607,4633
Arjun Nagar,1,2,436,Semi-Furnished,5,2582752,7169
Service road,3,1,1713,Semi-Furnished,25,9974016,31536
Service road,4,2,2563,Unfurnished,4,14920589,48998
Service road,5,2,4923,Furnished,18,28475889,94733
Arjun Nagar,3,4,1243,Semi-Furnished,23,7508798,25994
Service road,5,4,4419,Unfurnished,14,25537485,84857
VIP road,2,1,1109,Unfurnished,13,7243435,24002
Shanti Nagar,5,2,3393,Unfurnished,15,19989391,64812
Roshanpura,2,1,859,Furnished,15,4044485,11505
kohefiza,4,3,3186,Unfurnished,25,14397939,38399
Sonagiri,1,4,452,Semi-Furnished,27,2112741,6317
ibrahimpura,4,3,3061,Furnished,20,13171816,34789
Bairagarh,3,3,1992,Furnished,28,8879833,25211
Saket nagar,5,4,3093,Unfurnished,25,21069740,69442
Gandhi nagar,3,4,1240,Semi-Furnished,26,7681262,28182
jahangirabad,1,1,481,Semi-Furnished,24,2296822,6256
Govindpura,5,4,4513,Furnished,16,23866639,71596
Avadhpuri,1,4,702,Furnished,18,3150485,11101
Service road,2,2,1046,Furnished,27,6142491,20775
sultaniya road,4,3,2140,Furnished,21,11142608,32604
Arera Colony,3,2,1743,Unfurnished,19,13005566,40301
Arera Colony,5,4,3264,Semi-Furnished,13,24455938,78486
Indrapuri,4,3,2647,Unfurnished,6,10579931,24667
Misrod,3,3,1203,Semi-Furnished,13,5143981,11620
Habibganj,3,1,1842,Semi-Furnished,9,10054937,34504
Kolar Road,3,3,1816,Semi-Furnished,6,9079230,26914
Kamla Nagar,3,2,1502,Unfurnished,20,7717345,23595
jahangirabad,3,3,1283,Furnished,29,5831016,13669
Ayodhya nagar,2,4,1170,Unfurnished,1,7220048,28558
Ayodhya nagar,2,4,1119,Semi-Furnished,27,6857660,24886
Misrod,4,4,3171,Unfurnished,24,13305880,33142
Anand nagar,2,4,1068,Furnished,20,6111238,19666
Kolar hills,3,4,1514,Semi-Furnished,7,7557367,21874
Misrod,1,3,742,Unfurnished,8,3089513,7906
Nizamuddin colony,1,1,799,Semi-Furnished,7,5223769,15948
Arera Colony,2,2,811,Semi-Furnished,24,6177249,19702
Saket nagar,3,2,1649,Unfurnished,5,11257062,36098
Nizamuddin colony,4,1,2044,Furnished,0,13251574,41551
Tajul masjid,5,4,3182,Furnished,26,17417318,58850
chuna bhatti,1,1,659,Unfurnished,30,3167367,6987
Misrod,3,3,1284,Semi-Furnished,1,5366705,14756
Shanti Nagar,1,4,782,Unfurnished,15,4527633,13904
Bittan Market,1,4,400,Unfurnished,23,2803623,8164
Chuna Bhatti,1,1,453,Semi-Furnished,5,2113764,7750
Sonagiri,1,2,545,Unfurnished,15,2601996,7802
Hoshangabad Road,3,3,1712,Semi-Furnished,24,8793324,24155
Tajul masjid,4,2,3192,Unfurnished,2,17493713,57459
Narela,2,1,922,Semi-Furnished,24,4046768,8851
Shyamla Hills,1,2,781,Furnished,13,5836104,19027
Minal,2,4,908,Furnished,9,4250436,10018
Bairagarh,1,1,513,Semi-Furnished,12,2282362,4371
Shivaji Nagar,4,4,2690,Unfurnished,4,16110777,55556
New market,4,2,2386,Semi-Furnished,22,16681675,51870
Gandhi nagar,5,2,4891,Semi-Furnished,13,30257452,112206
Nizamuddin colony,4,2,2503,Semi-Furnished,2,16268646,52058
Indrapuri,5,3,4483,Furnished,30,17997485,45926
Habibganj,1,2,474,Unfurnished,5,2541473,7244
Prabhat petrol pump,4,3,3356,Semi-Furnished,25,16360274,47979
Bittan Market,4,4,2448,Furnished,8,17042192,55723
Misrod,5,4,4083,Unfurnished,21,17232736,45597
Saket nagar,2,1,1119,Unfurnished,22,7642485,27445
Roshanpura,2,1,818,Unfurnished,29,3964707,10905
Avadhpuri,1,3,523,Unfurnished,7,2284828,5393
Ratnagiri,4,1,3406,Furnished,9,15943170,43605
Hoshangabad Road,2,4,1088,Semi-Furnished,2,5634104,16586
Kolar Road,1,3,645,Unfurnished,18,3171551,9969
Kolar hills,2,1,1123,Semi-Furnished,22,5523095,17922
Kolar Road,2,4,904,Furnished,0,4608852,14415
Nizamuddin colony,5,3,3860,Unfurnished,17,25187720,81061
Vikas Nagar,5,1,4393,Semi-Furnished,20,29830148,99883
Ayodhya bypass,5,4,4537,Semi-Furnished,7,23997506,72245
Nizamuddin colony,4,1,2849,Unfurnished,12,18595461,61186
Ayodhya bypass,1,4,555,Furnished,12,3003099,7527
Vijay nagar,5,2,3740,Unfurnished,24,26866832,87780
Ratnagiri,3,4,1902,Semi-Furnished,24,8936910,23543
Chuna Bhatti,1,3,542,Furnished,24,2596025,5511
Vikas Nagar,5,3,3796,Semi-Furnished,22,25768847,88835
chuna bhatti,4,1,2623,Furnished,26,12355513,32793
Nizamuddin colony,3,2,1377,Unfurnished,2,8964615,28050
Service road,1,4,451,Unfurnished,3,2639041,8785
Bawadiya Kalan,2,2,1182,Furnished,17,5414246,16070
Bittan Market,5,2,3496,Unfurnished,5,24511620,76040
char Imli,2,1,1111,Furnished,15,7237656,22805
Piplani,3,2,1344,Unfurnished,16,9360739,29130
Shyamla Hills,5,1,4733,Unfurnished,24,35434998,118678
chuna bhatti,5,3,4925,Semi-Furnished,27,23206758,62307
kohefiza,5,4,4223,Unfurnished,12,19068044,50723
Kamla Nagar,4,2,2109,Semi-Furnished,17,10896002,33772
kohefiza,3,3,1642,Furnished,17,7351892,19037
ibrahimpura,2,1,994,Semi-Furnished,9,4264880,9618
char Imli,5,1,3468,Unfurnished,26,22920237,74544
Arera Colony,1,4,592,Semi-Furnished,18,4487729,13186
VIP road,5,3,3729,Unfurnished,26,24247318,79712
Arjun Nagar,2,4,1109,Furnished,5,6722859,22121
Prabhat petrol pump,4,4,2368,Unfurnished,5,11686371,31450
Nizamuddin colony,2,2,1188,Semi-Furnished,13,7685388,22969
Shanti Nagar,4,3,2231,Unfurnished,27,13090599,41934
Bittan Market,2,3,993,Furnished,13,6967695,23662
Arera Colony,4,1,2963,Furnished,1,22200934,72443
Lalghati,2,2,832,Semi-Furnished,18,3974503,10580
Kolar Road,5,3,3761,Furnished,24,18886528,56244
Karond,3,1,1738,Furnished,21,8526406,24822
Roshanpura,5,3,4252,Furnished,24,20455760,59822
Roshanpura,3,4,1266,Furnished,6,6041281,18133
Nizamuddin colony,1,3,779,Furnished,11,4970296,18356
Barkheda,4,3,3134,Furnished,3,13808953,41694
Anand nagar,2,2,959,Furnished,4,5571959,19828
Ayodhya nagar,5,1,4677,Furnished,11,29078570,106748
Kolar Road,1,4,701,Unfurnished,0,3498723,9166
Chuna Bhatti,5,2,4206,Furnished,7,19708789,55671
Vijay nagar,5,3,4172,Unfurnished,27,29947007,102031
Kolar Road,5,3,3504,Furnished,2,17497186,50909
Shyamla Hills,3,4,1624,Unfurnished,27,12190165,42262
Avadhpuri,4,1,3372,Unfurnished,1,14866962,44117
Nizamuddin colony,2,4,939,Semi-Furnished,16,6126748,21066
Saket nagar,4,3,2331,Semi-Furnished,26,15843837,54287
Shanti Nagar,3,2,1405,Furnished,5,8208178,27468
kohefiza,3,3,1584,Furnished,11,7211054,17853
Bairagarh,5,1,3204,Semi-Furnished,2,14435848,38810
Indrapuri,1,3,583,Semi-Furnished,9,2411989,7534
Ashoka garden,4,3,2137,Furnished,11,11055359,32878
Barkheda,2,2,1114,Semi-Furnished,19,4908953,14471
kohefiza,5,2,4451,Semi-Furnished,5,20076413,51648
Narela,1,1,423,Unfurnished,18,1888953,5949
Shanti Nagar,5,1,4605,Semi-Furnished,22,27196612,88693
Indrapuri,3,2,1209,Unfurnished,0,4737557,12157
Saket nagar,3,4,1689,Semi-Furnished,30,11446617,40638
char Imli,5,2,4657,Furnished,23,30741831,96806
Vikas Nagar,5,1,4381,Semi-Furnished,22,29751369,101217
Piplani,4,2,2094,Unfurnished,20,14636343,44188
Kamla Nagar,1,1,544,Furnished,8,2735423,9313
Anand nagar,5,3,4239,Semi-Furnished,3,24506855,82345
Roshanpura,4,2,3005,Semi-Furnished,29,14510135,43536
MP Nagar,3,2,1259,Unfurnished,21,9991484,31738
Govindpura,5,2,3464,Furnished,3,18435883,54243
VIP road,2,2,1103,Semi-Furnished,11,7094987,24785
Prabhat petrol pump,3,2,1972,Unfurnished,16,9665803,25998
kohefiza,2,1,866,Semi-Furnished,21,3804322,9226
Vijay nagar,5,2,4214,Furnished,23,30352860,102228
Ashoka garden,5,1,3804,Semi-Furnished,21,19780681,60049
Misrod,5,3,4880,Furnished,21,20589438,53885
Vijay nagar,2,4,1076,Furnished,19,7826955,25570
jahangirabad,1,3,445,Furnished,22,2091238,6212
Piplani,3,2,1890,Furnished,19,13319560,40740
Kolar hills,4,1,2084,Unfurnished,22,10495454,31149
ibrahimpura,5,1,3068,Unfurnished,17,13158481,32860
Anand nagar,5,4,4236,Furnished,23,24624145,80354
Minal,4,4,2803,Semi-Furnished,10,13214447,35297
Prabhat petrol pump,4,2,2117,Furnished,21,10470961,29031
Sonagiri,4,3,3464,Unfurnished,2,15984995,39610
kohefiza,1,2,605,Furnished,15,2723510,5827
Shanti Nagar,5,2,3013,Semi-Furnished,26,17803572,55981
Tajul masjid,5,1,4322,Unfurnished,2,23819065,78753
Vikas Nagar,2,3,946,Furnished,5,6343243,21053
Vijay nagar,2,2,839,Semi-Furnished,4,6089688,18187
Gulmohar,2,4,812,Unfurnished,16,5190785,18666
Barkheda,1,4,594,Unfurnished,25,2515626,6886
Shyamla Hills,1,2,409,Furnished,5,3094295,8465
sultaniya road,5,4,4159,Unfurnished,2,21577196,64855
Prabhat petrol pump,4,2,2304,Semi-Furnished,22,11302740,30591
Misrod,5,1,3365,Semi-Furnished,0,14094404,36590
Bittan Market,1,1,489,Furnished,4,3334690,9322
New market,4,4,2301,Semi-Furnished,24,16051174,49653
Indrapuri,1,1,705,Unfurnished,11,2746640,6740
Ayodhya nagar,1,3,789,Unfurnished,1,4824584,17539
Bittan Market,3,1,1974,Furnished,3,13785638,43827
Barkheda,2,3,1032,Semi-Furnished,6,4464859,13028
Nizamuddin colony,3,1,1998,Unfurnished,14,12922830,41931
jahangirabad,2,4,1087,Furnished,28,5007462,12724
ibrahimpura,5,4,4836,Unfurnished,8,20709069,52315
Avadhpuri,4,1,2124,Unfurnished,2,9293961,28734
Gandhi nagar,5,1,3971,Unfurnished,29,24640119,91374
jahangirabad,5,4,3260,Unfurnished,20,14939802,38396
Kolar Road,2,1,837,Furnished,8,4195471,14437
jahangirabad,1,3,786,Furnished,5,3577155,11150
Lalghati,2,3,1005,Unfurnished,27,4740354,14359
Minal,4,4,3157,Semi-Furnished,10,14926853,40793
Piplani,5,3,4149,Unfurnished,5,29070968,90322
Shyamla Hills,1,4,772,Unfurnished,11,5761244,20567
VIP road,3,4,1648,Unfurnished,6,10755749,33780
Lalghati,3,4,1208,Furnished,18,5750880,18133
Bawadiya Kalan,5,4,4960,Furnished,22,22261965,60917
Saket nagar,4,1,2655,Unfurnished,27,18142794,60769
Piplani,1,3,674,Semi-Furnished,22,4797906,14495
Anand nagar,5,1,3090,Semi-Furnished,23,17828804,58544
VIP road,5,2,4626,Furnished,22,29979867,98965
kohefiza,3,2,1352,Semi-Furnished,21,6176470,15271
Piplani,5,1,3512,Semi-Furnished,22,24677087,77386
Ayodhya nagar,3,1,1929,Furnished,28,11915957,42756
Nizamuddin colony,5,3,3357,Semi-Furnished,29,21860321,72371
Gandhi nagar,4,3,2077,Semi-Furnished,29,12887894,48397
Shivaji Nagar,3,4,1639,Unfurnished,6,9813956,34519
Nizamuddin colony,3,2,1225,Unfurnished,18,7872880,27576
ibrahimpura,3,1,1236,Furnished,6,5246527,12561
Bairagarh,3,2,1489,Semi-Furnished,15,6737265,16183
Kolar hills,5,3,4293,Furnished,3,21438852,63196
Avadhpuri,1,4,597,Unfurnished,30,2550496,9109
Gulmohar,2,2,1093,Furnished,27,6932934,22038
Ayodhya nagar,5,2,4483,Semi-Furnished,13,27846518,101364
Prabhat petrol pump,4,4,3030,Unfurnished,5,14762055,40671
Saket nagar,4,2,3079,Semi-Furnished,14,20877766,72687
Prabhat petrol pump,3,2,1536,Furnished,29,7445323,21469
VIP road,2,3,1137,Unfurnished,3,7348370,22453
Hoshangabad Road,5,4,4452,Furnished,30,22794624,68255
Ayodhya nagar,5,1,4993,Unfurnished,11,30931233,113128
Bawadiya Kalan,3,2,1351,Semi-Furnished,0,6116546,15962
Kolar hills,3,4,1261,Furnished,3,6228474,18965
sultaniya road,2,4,1066,Furnished,7,5607084,15866
Vijay nagar,5,4,4581,Unfurnished,24,33063868,110433
Shivaji Nagar,4,4,2602,Unfurnished,25,15661299,52585
Nizamuddin colony,1,2,493,Semi-Furnished,17,3178468,8950
eidgah hills,2,4,1052,Furnished,6,6227787,21893
Hoshangabad Road,3,2,1868,Semi-Furnished,22,9519076,27300
Minal,5,3,4246,Unfurnished,24,19972465,54060
Habibganj,1,4,628,Furnished,23,3388509,12757
Service road,1,1,789,Unfurnished,4,4605918,13771
Arera Colony,2,1,928,Semi-Furnished,25,6866268,23910
Bittan Market,5,2,4269,Unfurnished,24,29907621,93815
Chuna Bhatti,4,4,3394,Semi-Furnished,24,15898260,43824
Anand nagar,1,4,714,Semi-Furnished,9,4238745,14123
char Imli,2,2,983,Semi-Furnished,18,6527802,21753
Vikas Nagar,2,2,1199,Semi-Furnished,22,8237659,27485
Hoshangabad Road,5,4,4452,Unfurnished,13,22686657,65413
Kolar Road,4,3,2546,Semi-Furnished,25,12751065,36978
Avadhpuri,1,4,470,Semi-Furnished,19,2079733,5519
VIP road,3,1,1513,Semi-Furnished,2,9786434,30490
Minal,5,2,3240,Semi-Furnished,27,15274679,42749
Tajul masjid,2,1,1073,Semi-Furnished,3,5840358,20227
Tajul masjid,5,3,4694,Unfurnished,27,25722921,82587
Hoshangabad Road,1,3,467,Furnished,14,2377685,5106
Misrod,5,3,4534,Furnished,28,19076200,48587
Nizamuddin colony,1,4,513,Furnished,12,3354137,12175
Anand nagar,5,3,3265,Unfurnished,10,18892896,60350
Kolar hills,5,3,4924,Unfurnished,15,24571363,72135
Service road,1,4,594,Unfurnished,23,3493321,10047
Ayodhya bypass,4,1,3334,Semi-Furnished,19,17683739,55071
Arera Colony,1,2,606,Unfurnished,5,4488128,14752
Narela,1,1,441,Unfurnished,23,1836796,3478
Shivaji Nagar,4,1,3348,Furnished,3,20108182,66697
kohefiza,4,1,3256,Furnished,27,14656133,40434
Bairagarh,5,3,3023,Unfurnished,17,13686554,36123
Kolar hills,1,3,741,Unfurnished,12,3701712,11065
Ratnagiri,2,4,1116,Unfurnished,0,5266811,15725
Misrod,5,1,4504,Semi-Furnished,23,18966406,48055
Roshanpura,3,4,1664,Furnished,11,7998105,21584
eidgah hills,5,2,4889,Semi-Furnished,19,29429361,96913
sultaniya road,3,1,1855,Semi-Furnished,23,9590494,30142
Narela,2,1,942,Semi-Furnished,6,3959758,11145
Ayodhya nagar,2,1,989,Unfurnished,26,6172169,23531
Lalghati,1,3,436,Unfurnished,16,2115063,6093
Bawadiya Kalan,4,3,2983,Furnished,5,13504425,36176
Kolar Road,4,4,2911,Semi-Furnished,17,14548655,45020
MP Nagar,2,3,918,Unfurnished,30,7421210,23466
Govindpura,5,2,3779,Unfurnished,5,20065396,60703
Kamla Nagar,1,2,603,Semi-Furnished,15,3118576,8659
Karond,3,3,1869,Furnished,3,9087417,24604
Hoshangabad Road,3,4,1844,Furnished,3,9458201,26748
chuna bhatti,5,4,3142,Furnished,4,14745196,41732
Sonagiri,4,4,2134,Furnished,17,9834080,25587
ibrahimpura,1,3,488,Unfurnished,26,2038465,3906
Piplani,2,1,926,Unfurnished,4,6513488,20829
Sonagiri,3,2,1222,Unfurnished,7,5709929,13781
Arjun Nagar,4,2,2253,Furnished,22,13584126,43814
Habibganj,5,3,4415,Semi-Furnished,18,24214221,80031
Ashoka garden,4,1,2910,Furnished,5,15094460,48025
Misrod,2,2,1158,Unfurnished,20,4886944,11445
Roshanpura,4,2,2085,Furnished,28,9910751,29720
New market,3,1,1683,Semi-Furnished,3,11869528,35575
Piplani,4,3,3303,Semi-Furnished,29,23069718,72328
Bairagarh,5,3,3305,Unfurnished,12,14807154,38387
Bittan Market,2,4,990,Semi-Furnished,22,6895171,21821
Service road,5,4,3470,Unfurnished,16,20067608,64719
eidgah hills,1,3,539,Unfurnished,0,3286020,10565
Bawadiya Kalan,1,4,796,Unfurnished,30,3489324,9923
Kamla Nagar,3,4,1857,Furnished,20,9725786,28699
Ratnagiri,1,1,751,Semi-Furnished,5,3542679,8252
Kamla Nagar,1,4,764,Semi-Furnished,13,3969517,13977
Tajul masjid,5,2,3899,Unfurnished,22,21469600,72152
Barkheda,5,3,3365,Furnished,14,14826936,43783
Roshanpura,2,2,1097,Furnished,27,5327127,15835
Prabhat petrol pump,1,3,567,Furnished,27,2821427,8300
Saket nagar,4,4,3411,Unfurnished,11,23269583,79974
Anand nagar,2,1,1086,Semi-Furnished,26,6389551,22266
Roshanpura,5,2,3263,Unfurnished,27,15575177,46001
chuna bhatti,5,4,4605,Furnished,22,21611073,59423
char Imli,5,3,4216,Unfurnished,7,27815994,87476
Ayodhya nagar,5,2,3307,Unfurnished,18,20491817,75560
Saket nagar,1,2,426,Semi-Furnished,27,2909744,10911
Prabhat petrol pump,3,2,1972,Unfurnished,8,9618278,29386
Barkheda,4,1,3445,Unfurnished,22,15242380,43436
VIP road,1,3,435,Furnished,11,2729052,7924
Narela,2,3,808,Unfurnished,5,3570267,7134
Shanti Nagar,4,3,2600,Semi-Furnished,14,15320202,49062
Sonagiri,4,2,2301,Semi-Furnished,19,10666812,28849
Minal,4,1,3112,Unfurnished,17,14540957,38523
Minal,5,2,3758,Semi-Furnished,16,17631771,49595
Service road,1,3,449,Furnished,0,2587490,9771
Ratnagiri,5,1,3589,Furnished,9,16851043,46445
Govindpura,1,3,774,Semi-Furnished,23,4007419,12613
Gandhi nagar,2,2,912,Semi-Furnished,17,5697933,21879
Roshanpura,5,3,4572,Semi-Furnished,30,21883890,62873
Ayodhya bypass,1,1,760,Semi-Furnished,4,4001062,11331
sultaniya road,2,1,1049,Semi-Furnished,28,5481777,17692
Ayodhya nagar,5,3,4584,Furnished,13,28444160,104669
Service road,5,3,3779,Semi-Furnished,7,22000151,72019
Service road,1,4,425,Furnished,7,2447576,7211
Vikas Nagar,2,3,1072,Semi-Furnished,19,7255565,24778
Chuna Bhatti,5,3,3170,Furnished,5,14918560,40325
Minal,1,1,555,Furnished,29,2524268,8607
Minal,3,1,1240,Furnished,23,5743256,17522
Gulmohar,2,4,825,Unfurnished,19,5210930,17075
MP Nagar,4,1,2213,Unfurnished,27,17718221,56433
Shyamla Hills,3,1,1729,Unfurnished,14,12966627,43647
Vijay nagar,5,2,4792,Semi-Furnished,7,34447466,116290
Roshanpura,4,4,2824,Unfurnished,2,13457175,40331
Shanti Nagar,2,4,1027,Semi-Furnished,17,6144725,17516
Shivaji Nagar,3,4,1633,Unfurnished,25,9796171,34213
Ayodhya bypass,1,3,794,Unfurnished,15,4183388,11845
Vijay nagar,1,3,651,Unfurnished,21,4595331,14612
Kolar hills,2,4,1034,Furnished,4,5178786,15930
eidgah hills,4,4,2497,Semi-Furnished,20,15068978,48208
Hoshangabad Road,4,3,2597,Semi-Furnished,6,13199261,38376
Gulmohar,1,1,784,Furnished,19,4949902,14991
chuna bhatti,3,3,1446,Furnished,6,6840471,19864
Kolar hills,4,4,2967,Semi-Furnished,3,14892520,46092
char Imli,5,1,4892,Unfurnished,15,32271898,103251
Vijay nagar,2,1,915,Semi-Furnished,10,6666317,22963
Misrod,3,2,1715,Furnished,5,7280601,19578
sultaniya road,5,4,3272,Furnished,23,17062272,51003
Narela,5,3,3669,Unfurnished,2,15766878,40817
Vijay nagar,3,2,1977,Unfurnished,9,14174345,47756
Barkheda,2,4,943,Semi-Furnished,28,4110829,14068
Anand nagar,4,2,2374,Furnished,15,13818524,43365
Govindpura,5,2,3468,Unfurnished,19,18350604,53936
Roshanpura,5,3,4159,Furnished,15,20048078,57603
Ayodhya bypass,2,2,1047,Furnished,1,5516623,18259
VIP road,3,1,1320,Semi-Furnished,16,8659717,27454
Saket nagar,3,1,1558,Unfurnished,14,10642730,36300
Kamla Nagar,1,1,619,Furnished,17,3150317,8980
Vijay nagar,5,2,4037,Furnished,2,29085444,95569
Nizamuddin colony,2,4,956,Unfurnished,3,6117387,20547
Vikas Nagar,5,1,4071,Unfurnished,0,27774517,91778
sultaniya road,1,3,463,Unfurnished,1,2353674,6277
Piplani,2,4,1108,Semi-Furnished,16,7754336,25503
chuna bhatti,2,3,846,Furnished,6,3961938,9496
Ayodhya nagar,1,1,715,Unfurnished,3,4349709,14460
ibrahimpura,2,4,858,Unfurnished,4,3738916,9265
Kolar Road,2,4,808,Unfurnished,16,3963732,13754
Vijay nagar,1,1,663,Furnished,23,4714819,14673
Ayodhya bypass,3,2,1905,Semi-Furnished,17,10143861,30939
Habibganj,1,2,576,Furnished,8,3212434,11218
New market,5,1,3927,Unfurnished,25,27433184,88135
Karond,4,2,2669,Unfurnished,9,13126808,36663
Shyamla Hills,2,1,1174,Furnished,19,8769594,28293
ibrahimpura,5,1,4175,Unfurnished,19,18049009,47051
Roshanpura,2,4,897,Furnished,24,4346058,11894
Kamla Nagar,5,3,3356,Semi-Furnished,8,17510946,55463
VIP road,3,2,1807,Semi-Furnished,12,11800091,37041
Arera Colony,4,4,2136,Furnished,26,16013931,49972
Kolar Road,3,4,1653,Unfurnished,27,8201843,25397
eidgah hills,5,1,4636,Unfurnished,4,27735163,90811
Vikas Nagar,5,3,4299,Semi-Furnished,6,29210068,98209
sultaniya road,3,1,1466,Furnished,21,7557844,24772
Barkheda,2,3,906,Semi-Furnished,30,3970717,11096
ibrahimpura,2,2,813,Semi-Furnished,17,3397231,8711
Roshanpura,3,3,1251,Furnished,13,6032610,16061
Ratnagiri,4,1,3144,Semi-Furnished,22,14713990,42440
Minal,5,2,4416,Semi-Furnished,3,20853310,57739
Bittan Market,3,2,1703,Furnished,9,11985403,38827
New market,3,4,1644,Unfurnished,11,11516593,37031
MP Nagar,3,3,1253,Semi-Furnished,18,10000088,31911
Misrod,2,4,1162,Furnished,9,4917445,13217
Kamla Nagar,5,2,4283,Semi-Furnished,26,22269897,69930
Nizamuddin colony,4,2,2003,Furnished,3,13083016,44010
Arera Colony,5,3,4196,Unfurnished,27,31538425,101519
Prabhat petrol pump,2,1,1010,Unfurnished,11,4872183,12816
Barkheda,1,4,797,Unfurnished,29,3592710,9613
Roshanpura,3,4,1268,Semi-Furnished,26,6055801,19258
Saket nagar,3,4,1894,Furnished,18,12791312,44220
Narela,3,4,1650,Unfurnished,26,6998766,19013
Kolar hills,5,2,3474,Unfurnished,15,17347217,53561
kohefiza,5,3,4706,Semi-Furnished,10,21242665,58455
Ayodhya nagar,5,3,4803,Semi-Furnished,28,29854512,111763
Narela,5,4,3887,Furnished,5,16779626,41201
Shanti Nagar,1,2,773,Unfurnished,28,4615876,14876
Bawadiya Kalan,2,3,1003,Unfurnished,9,4572006,12949
MP Nagar,1,1,641,Semi-Furnished,9,5201953,16482
char Imli,1,2,509,Semi-Furnished,12,3279149,10966
Gandhi nagar,1,1,751,Furnished,22,4747302,18514
Bittan Market,1,1,609,Semi-Furnished,29,4356645,14206
Bairagarh,4,3,3128,Semi-Furnished,1,14049888,38365
New market,3,3,1793,Semi-Furnished,24,12469446,39663
Piplani,4,4,2748,Furnished,29,19187873,60939
jahangirabad,4,2,2056,Furnished,23,9476871,23015
Narela,1,2,507,Furnished,22,2168814,7271
ibrahimpura,3,3,1453,Furnished,24,6306574,16595
sultaniya road,1,3,621,Semi-Furnished,27,3312980,10058
Avadhpuri,2,4,1102,Unfurnished,14,4860999,15972
Karond,5,4,4791,Semi-Furnished,13,23462133,65260
jahangirabad,4,2,2640,Unfurnished,16,12237822,31033
Gulmohar,1,2,559,Unfurnished,26,3649343,10369
Shyamla Hills,5,3,3314,Furnished,14,24887385,83237
Kolar hills,1,3,548,Unfurnished,7,2838860,7160
Prabhat petrol pump,1,4,590,Unfurnished,11,2854579,7548
Roshanpura,5,1,4569,Unfurnished,20,21846959,65312
Ayodhya nagar,5,3,3323,Furnished,25,20617356,75397
Tajul masjid,1,4,508,Unfurnished,21,2806207,7690
Prabhat petrol pump,2,1,809,Semi-Furnished,12,3899241,12826
Shanti Nagar,3,2,1918,Unfurnished,0,11354379,36600
Vijay nagar,4,3,2353,Semi-Furnished,8,16981113,58085
Tajul masjid,4,4,3212,Unfurnished,9,17591662,55981
Bittan Market,5,3,4724,Semi-Furnished,9,32968142,105553
Minal,2,4,1002,Semi-Furnished,22,4648223,12441
Chuna Bhatti,5,3,4400,Unfurnished,7,20677263,56296
Minal,2,2,916,Unfurnished,24,4359975,12251
MP Nagar,1,2,622,Unfurnished,19,4991243,16047
Indrapuri,1,3,632,Unfurnished,17,2510234,5730
Bawadiya Kalan,5,4,3471,Unfurnished,20,15606058,41719
ibrahimpura,4,1,2095,Unfurnished,3,9021944,22689
eidgah hills,4,1,2647,Furnished,3,15842207,53012
Kolar hills,5,3,3899,Semi-Furnished,25,19484355,58847
eidgah hills,3,1,1498,Unfurnished,23,8961195,30881
Chuna Bhatti,4,1,2110,Semi-Furnished,12,9836107,28069
Avadhpuri,5,4,3128,Semi-Furnished,14,13733190,42550
sultaniya road,4,2,2189,Semi-Furnished,27,11317019,35511
Roshanpura,5,2,3052,Furnished,26,14671200,44329
Indrapuri,5,4,3711,Furnished,30,14828830,35700
Service road,1,3,619,Furnished,8,3554493,11338
Ayodhya bypass,3,4,1889,Semi-Furnished,7,10074835,30122
Ayodhya bypass,3,4,1616,Semi-Furnished,16,8595859,24284
Shanti Nagar,4,3,2410,Furnished,2,14287989,45064
Ratnagiri,4,4,3356,Unfurnished,4,15812675,42767
Bawadiya Kalan,2,4,968,Unfurnished,0,4372295,12767
Sonagiri,2,1,1079,Semi-Furnished,28,4935775,13643
Arera Colony,3,1,1638,Furnished,15,12348089,40169
Kolar Road,5,4,3670,Furnished,12,18277289,56996
Tajul masjid,4,1,2390,Semi-Furnished,6,13074767,41423
Avadhpuri,5,1,4803,Furnished,22,21075377,63630
Govindpura,2,1,816,Semi-Furnished,6,4372918,11485
Shyamla Hills,2,4,1067,Furnished,1,8072848,26278
eidgah hills,3,1,1600,Furnished,30,9653902,32598
Piplani,3,1,1481,Semi-Furnished,0,10335047,31176
Kolar hills,2,4,1006,Furnished,28,5045219,14957
VIP road,2,3,1077,Unfurnished,28,7097974,22632
Anand nagar,4,1,3469,Furnished,1,20172214,65337
Sonagiri,4,2,2202,Furnished,4,10100816,27430
kohefiza,1,3,622,Unfurnished,10,2856647,6411
jahangirabad,4,1,2874,Unfurnished,27,13131449,35942
Service road,1,1,740,Unfurnished,6,4347703,15330
Karond,2,4,964,Unfurnished,20,4798606,11793
Prabhat petrol pump,5,4,4129,Unfurnished,9,20161843,57099
Nizamuddin colony,1,3,672,Semi-Furnished,29,4406178,13770
Shyamla Hills,5,1,4024,Unfurnished,26,30162090,99375
Barkheda,2,1,1131,Furnished,25,4931504,15935
Hoshangabad Road,5,2,4745,Unfurnished,26,24264968,70679
Misrod,1,4,488,Unfurnished,21,2116546,6413
Kolar hills,3,2,1277,Semi-Furnished,19,6477401,18806
New market,2,4,832,Unfurnished,21,5733827,19027
Ashoka garden,3,4,1274,Semi-Furnished,29,6684759,20911
Saket nagar,3,2,1434,Furnished,30,9840614,32489
Shanti Nagar,1,1,585,Unfurnished,17,3433979,12615
Service road,3,2,1248,Unfurnished,10,7139213,24662
Arera Colony,4,2,2151,Unfurnished,11,16200249,53578
Bawadiya Kalan,4,4,2985,Furnished,15,13421747,35023
Tajul masjid,3,2,1785,Semi-Furnished,19,9744861,33164
sultaniya road,4,1,3048,Furnished,9,15816542,47418
Arjun Nagar,1,4,433,Semi-Furnished,12,2609623,9130
Ayodhya bypass,1,4,653,Unfurnished,11,3554655,11373
Tajul masjid,4,1,2846,Furnished,3,15575485,50080
Ayodhya bypass,5,3,3621,Unfurnished,8,19151692,56693
Roshanpura,2,1,968,Furnished,23,4652366,12611
Shyamla Hills,4,3,3378,Semi-Furnished,10,25409810,85095
Shyamla Hills,3,4,1776,Furnished,23,13382459,43820
Bawadiya Kalan,2,1,1179,Semi-Furnished,9,5372686,12524
VIP road,3,4,1447,Furnished,1,9334478,31217
Vijay nagar,4,4,2747,Semi-Furnished,17,19771755,64580
kohefiza,3,2,1252,Unfurnished,25,5586825,13594
Gulmohar,3,1,1851,Furnished,19,11826641,37900
Gandhi nagar,3,3,1329,Semi-Furnished,16,8249810,32065
Arjun Nagar,1,3,411,Furnished,3,2470518,6300
Ayodhya bypass,2,1,1122,Semi-Furnished,7,5909408,19800
Arera Colony,3,1,1453,Furnished,24,10849065,34639
Shyamla Hills,5,2,3188,Semi-Furnished,2,23913960,81695
Hoshangabad Road,1,4,569,Furnished,13,2994994,8543
Roshanpura,3,1,1221,Unfurnished,24,5911643,16997
New market,5,4,4898,Semi-Furnished,18,34335194,106746
kohefiza,3,4,1709,Furnished,10,7712404,22272
Ayodhya nagar,5,3,3922,Furnished,29,24412720,88282
Karond,1,1,587,Semi-Furnished,23,2841474,8422
Piplani,3,2,1813,Unfurnished,14,12760745,41110
Avadhpuri,3,4,1577,Unfurnished,28,7025991,20893
char Imli,1,1,609,Semi-Furnished,17,4065926,12630
Sonagiri,2,2,1043,Furnished,15,4763970,13638
Indrapuri,4,2,2424,Semi-Furnished,27,9719811,25955
Kolar Road,4,2,2946,Furnished,19,14716072,44992
char Imli,2,3,926,Semi-Furnished,21,6188018,19363
Anand nagar,5,2,4326,Unfurnished,14,25082988,80475
Minal,4,1,3407,Semi-Furnished,15,15987646,44432
Barkheda,4,1,2434,Furnished,27,10745484,31379
Narela,1,1,488,Furnished,4,2106706,5520
Anand nagar,2,2,903,Unfurnished,26,5181352,15628
Indrapuri,3,2,1816,Furnished,25,7288386,17957
Shyamla Hills,5,2,4728,Unfurnished,5,35524968,118788
Sonagiri,1,4,756,Semi-Furnished,11,3417222,7985
Anand nagar,4,1,2839,Semi-Furnished,24,16521218,55176
Piplani,5,2,4438,Semi-Furnished,21,31064678,99004
Misrod,1,1,745,Unfurnished,8,3047407,8036
sultaniya road,5,3,3131,Unfurnished,8,16371884,49175
VIP road,2,3,828,Semi-Furnished,9,5441051,18607
Ratnagiri,2,4,1163,Semi-Furnished,14,5514778,16124
Vikas Nagar,5,4,4743,Semi-Furnished,19,32244709,109727
Shivaji Nagar,3,3,1380,Unfurnished,18,8258297,26598
Kamla Nagar,2,4,1141,Furnished,9,6026167,16706
Hoshangabad Road,1,1,634,Semi-Furnished,8,3325348,9068
Shanti Nagar,1,3,617,Semi-Furnished,11,3550313,10790
Kamla Nagar,2,3,1046,Unfurnished,26,5436676,18265
Prabhat petrol pump,1,2,427,Semi-Furnished,5,2142937,6912
Nizamuddin colony,3,2,1622,Semi-Furnished,11,10478071,35359
sultaniya road,2,4,1073,Furnished,29,5634355,15675
Arjun Nagar,3,3,1823,Furnished,9,10839591,35106
Karond,2,4,1092,Furnished,27,5305958,15995
Karond,2,2,885,Semi-Furnished,11,4262772,11201
Lalghati,3,1,1962,Unfurnished,29,9465378,29182
Roshanpura,3,4,1979,Semi-Furnished,29,9419491,29141
sultaniya road,2,3,891,Semi-Furnished,7,4647482,13689
Shyamla Hills,5,4,3674,Furnished,27,27601616,90495
Indrapuri,5,2,4207,Unfurnished,23,16853144,41215
Vijay nagar,3,4,1215,Unfurnished,2,8816379,28735
Bairagarh,1,2,656,Furnished,14,3041793,9457
Nizamuddin colony,4,4,2013,Semi-Furnished,4,13000755,41148
Sonagiri,4,2,2765,Furnished,21,12815043,31707
Barkheda,4,1,3198,Semi-Furnished,26,13971767,42254
Roshanpura,2,3,1094,Furnished,18,5201710,16398
Ayodhya nagar,4,2,2385,Furnished,14,14885437,52937
Hoshangabad Road,5,1,4501,Unfurnished,3,22891110,68881
Prabhat petrol pump,2,3,1033,Furnished,11,5002217,13893
Roshanpura,3,1,1542,Unfurnished,2,7364905,20113
Kolar Road,1,3,560,Unfurnished,12,2827483,10053
char Imli,3,2,1259,Semi-Furnished,10,8287942,25925
Piplani,5,3,4341,Unfurnished,21,30419021,94871
Saket nagar,3,4,1286,Unfurnished,20,8674531,30786
Hoshangabad Road,5,3,4258,Semi-Furnished,27,21743149,65432
Gandhi nagar,5,4,3209,Furnished,10,19796160,73002
Gulmohar,1,2,600,Furnished,3,3920818,13385
Lalghati,1,2,621,Semi-Furnished,18,2909530,9150
Govindpura,4,1,2881,Unfurnished,13,15279669,45274
Ratnagiri,3,3,1860,Unfurnished,14,8783158,22592
Shivaji Nagar,3,4,1360,Furnished,13,8062585,25857
Habibganj,4,4,2666,Unfurnished,5,14641013,49531
MP Nagar,3,3,1877,Furnished,8,15105352,45703
Bairagarh,2,1,1154,Furnished,21,5102476,13745
Sonagiri,5,4,4737,Semi-Furnished,28,21701866,56195
Hoshangabad Road,4,3,2918,Semi-Furnished,7,14904304,43281
Misrod,2,3,918,Unfurnished,22,3839532,11989
Indrapuri,5,1,4617,Unfurnished,0,18374232,47593
char Imli,3,1,1357,Furnished,11,8948269,29476
Service road,3,3,1974,Semi-Furnished,25,11499586,38726
Gandhi nagar,1,1,787,Semi-Furnished,14,4939546,17692
Indrapuri,1,3,619,Furnished,14,2459538,7305
Govindpura,5,4,4494,Unfurnished,24,23869905,73300
Kolar hills,5,4,3495,Semi-Furnished,4,17452526,52635
Prabhat petrol pump,2,3,1043,Unfurnished,24,5149693,14676
Vijay nagar,4,2,2503,Semi-Furnished,10,18007979,58714
Bittan Market,4,2,2885,Furnished,5,20267058,65405
Sonagiri,3,3,1722,Furnished,19,7920200,18799
Bairagarh,4,2,2851,Unfurnished,12,12753377,33315
VIP road,4,3,2338,Semi-Furnished,3,15114668,48540
Ayodhya nagar,5,2,3190,Furnished,27,19836152,71617
Anand nagar,1,3,516,Furnished,0,3018937,9641
Habibganj,1,4,722,Unfurnished,21,4014181,13573
Habibganj,3,4,1710,Semi-Furnished,25,9381470,30371
Kolar Road,5,4,4537,Unfurnished,8,22603069,67041
Service road,4,4,2501,Semi-Furnished,8,14558599,46652
Chuna Bhatti,1,2,658,Furnished,24,3061439,10316
Service road,4,1,3457,Unfurnished,7,19958292,66826
Gandhi nagar,3,4,1844,Unfurnished,25,11472761,41506
Prabhat petrol pump,5,2,3664,Unfurnished,5,18038059,50727
Gulmohar,1,4,545,Furnished,27,3453577,10218
Minal,4,4,2635,Unfurnished,2,12327964,33686
Avadhpuri,3,1,1479,Semi-Furnished,17,6560063,17672
Prabhat petrol pump,1,4,455,Semi-Furnished,16,2270810,6617
Misrod,4,3,3071,Semi-Furnished,11,12886634,34425
Vikas Nagar,3,1,1249,Semi-Furnished,16,8563816,27220
Ayodhya nagar,5,1,3902,Semi-Furnished,27,24190431,89618
Saket nagar,2,1,1141,Unfurnished,3,7710846,27061
Kamla Nagar,1,2,741,Furnished,2,3931266,10804
Ratnagiri,4,4,2039,Unfurnished,25,9576956,25648
Kamla Nagar,4,3,3362,Furnished,4,17470003,53522
Ratnagiri,1,3,658,Semi-Furnished,6,3129522,8594
Vikas Nagar,5,4,3596,Unfurnished,5,24457037,84293
Indrapuri,4,1,2852,Unfurnished,18,11484619,28321
jahangirabad,3,2,1556,Unfurnished,22,7210844,20013
Gandhi nagar,2,3,868,Unfurnished,16,5328311,20336
Nizamuddin colony,3,2,1256,Unfurnished,1,8106805,25156
Ayodhya nagar,3,3,1838,Semi-Furnished,19,11412611,42829
Anand nagar,1,2,440,Furnished,23,2612846,9714
Minal,4,3,2877,Unfurnished,3,13554902,38033
Roshanpura,4,1,2134,Furnished,26,10255515,31800
Lalghati,4,1,3456,Furnished,27,16492488,47942
Habibganj,2,4,1071,Semi-Furnished,30,5988521,20513
Karond,2,1,1052,Semi-Furnished,0,5144394,15164
Kamla Nagar,4,1,3260,Unfurnished,21,16972601,53977
Gandhi nagar,5,3,3352,Furnished,19,20808455,76560
Bairagarh,5,4,4041,Furnished,23,18258505,46604
Anand nagar,5,1,4382,Unfurnished,20,25471340,84588
Minal,3,1,1874,Furnished,1,8854736,23373
sultaniya road,5,3,4012,Unfurnished,3,20909222,62756
Govindpura,3,1,1590,Furnished,25,8487257,26369
Ratnagiri,5,1,4592,Furnished,17,21655145,60512
Lalghati,2,2,939,Furnished,14,4429947,13893
sultaniya road,2,3,929,Unfurnished,28,4894091,15953
char Imli,5,2,4991,Unfurnished,8,32980874,103778
VIP road,5,1,4567,Unfurnished,23,29785449,97012
Shivaji Nagar,4,2,2267,Furnished,2,13643904,44353
Service road,3,3,1530,Semi-Furnished,16,8854944,29289
Barkheda,2,2,852,Semi-Furnished,0,3720630,10782
Bittan Market,5,2,3637,Semi-Furnished,25,25411137,80911
Ashoka garden,5,4,4216,Unfurnished,27,21832586,67432
Shanti Nagar,2,1,1125,Semi-Furnished,20,6588825,21951
Vikas Nagar,5,2,3356,Unfurnished,26,22870420,76440
Bairagarh,4,3,2713,Furnished,14,12243093,31530
Narela,2,4,893,Semi-Furnished,30,3841048,8631
Barkheda,5,4,4159,Furnished,1,18331592,55667
Ayodhya nagar,3,3,1666,Semi-Furnished,25,10397320,38371
Indrapuri,4,1,2299,Furnished,12,9247778,22155
Roshanpura,2,4,934,Unfurnished,2,4519863,13551
Anand nagar,2,4,851,Semi-Furnished,4,4943928,15203
Ayodhya nagar,5,3,3724,Unfurnished,18,23016782,86195
Piplani,1,4,613,Furnished,4,4340422,12273
ibrahimpura,5,1,4035,Furnished,5,17254857,44487
Anand nagar,2,4,1130,Semi-Furnished,20,6600756,20493
Bairagarh,2,4,832,Semi-Furnished,6,3673476,9009
Prabhat petrol pump,2,2,1197,Furnished,19,5903366,17867
Karond,2,1,917,Unfurnished,10,4522214,12854
Govindpura,4,1,2000,Unfurnished,7,10561533,31583
Narela,1,3,601,Unfurnished,26,2629679,7945
Service road,3,2,1716,Unfurnished,1,9915650,32003
Avadhpuri,5,4,4412,Furnished,10,19497357,56646
Hoshangabad Road,2,1,902,Furnished,12,4635304,13546
Bittan Market,3,2,1972,Furnished,4,13739041,42743
Vikas Nagar,5,4,3168,Unfurnished,28,21447411,74488
Gandhi nagar,3,3,1426,Furnished,18,8844780,33974
Prabhat petrol pump,1,1,699,Furnished,9,3408384,9844
Shanti Nagar,5,1,3970,Furnished,16,23443272,73458
Roshanpura,4,2,2577,Semi-Furnished,8,12339388,34981
Arera Colony,1,1,800,Semi-Furnished,13,5978751,17748
Tajul masjid,4,3,2542,Semi-Furnished,0,14026895,44241
Govindpura,4,1,2779,Furnished,4,14748355,42469
Prabhat petrol pump,4,1,2575,Unfurnished,23,12570089,34332
Gandhi nagar,5,2,3575,Unfurnished,20,22098262,81352
Chuna Bhatti,5,1,3090,Furnished,6,14477402,39480
Roshanpura,1,2,729,Furnished,9,3599136,9127
Sonagiri,2,1,1081,Semi-Furnished,25,4973937,11515
Barkheda,2,2,1152,Semi-Furnished,1,5021440,15830
kohefiza,5,3,3931,Semi-Furnished,0,17605442,47446
Chuna Bhatti,1,3,614,Semi-Furnished,21,2963109,6316
Service road,4,3,3144,Semi-Furnished,21,18324686,60573
Shanti Nagar,4,1,2094,Unfurnished,10,12277207,38907
eidgah hills,5,4,4368,Furnished,24,26186969,87248
ibrahimpura,3,3,1649,Furnished,18,7107411,19975
Arera Colony,5,4,3997,Furnished,29,30053084,95812
Karond,2,4,897,Semi-Furnished,11,4462385,11242
eidgah hills,5,4,4133,Furnished,17,24736088,83378
Arera Colony,2,2,1161,Semi-Furnished,30,8744203,28650
Saket nagar,2,3,1162,Furnished,22,7820557,27455
Lalghati,5,3,4596,Furnished,12,22019684,64384
char Imli,1,3,702,Furnished,27,4637848,16481
Roshanpura,1,3,657,Furnished,21,3103246,10688
Shyamla Hills,3,1,1882,Furnished,7,14057987,49006
Gandhi nagar,5,1,3597,Unfurnished,19,22338674,82299
Bawadiya Kalan,5,1,4587,Furnished,21,20676316,53203
Indrapuri,2,3,961,Unfurnished,16,3906642,10023
Arera Colony,4,3,3017,Semi-Furnished,26,22584346,73964
Narela,5,4,3059,Furnished,9,13159155,32287
jahangirabad,3,1,1259,Unfurnished,13,5868936,14431
jahangirabad,2,3,1010,Semi-Furnished,9,4707545,13541
Narela,3,4,1720,Unfurnished,15,7346484,17867
Bittan Market,2,3,900,Semi-Furnished,11,6291501,19408
jahangirabad,3,3,1408,Unfurnished,13,6429840,16372
Avadhpuri,4,1,3292,Furnished,10,14443059,41607
Bairagarh,2,4,830,Unfurnished,15,3712194,9403
Ayodhya bypass,4,3,3274,Semi-Furnished,29,17413940,50532
chuna bhatti,4,2,2422,Semi-Furnished,7,11343119,29806
Tajul masjid,1,2,680,Furnished,6,3685818,13678
New market,4,3,3077,Furnished,10,21633919,69470
VIP road,1,3,716,Unfurnished,18,4607277,16421
Anand nagar,3,3,1557,Unfurnished,3,9044077,28306
Bittan Market,1,1,505,Semi-Furnished,25,3537297,12430
Ashoka garden,4,1,3282,Semi-Furnished,24,17092636,51656
Avadhpuri,2,2,923,Furnished,17,3989658,12226
Service road,4,4,2663,Unfurnished,22,15430204,48864
Tajul masjid,1,2,751,Unfurnished,29,4032498,12082
jahangirabad,4,4,3284,Semi-Furnished,8,15111040,38974
Arjun Nagar,1,4,442,Semi-Furnished,20,2567164,7833
Gulmohar,4,4,2066,Furnished,18,13174671,44311
Anand nagar,5,1,3190,Furnished,30,18546434,59599
Habibganj,3,2,1250,Semi-Furnished,13,6886728,22003
Ayodhya bypass,3,3,1231,Semi-Furnished,11,6476924,18382
Bawadiya Kalan,2,2,955,Furnished,27,4344087,12307
Shivaji Nagar,2,1,888,Semi-Furnished,21,5333326,17155
Piplani,3,2,1314,Unfurnished,7,9209884,27330
Shivaji Nagar,4,2,2841,Unfurnished,25,17034663,57925
Shanti Nagar,1,2,444,Semi-Furnished,27,2546559,8683
VIP road,3,2,1726,Semi-Furnished,17,11134342,36357
Avadhpuri,5,3,3620,Semi-Furnished,28,16010062,48501
Karond,1,1,796,Furnished,16,3999708,12212
Hoshangabad Road,5,3,3093,Furnished,20,15737502,47729
Prabhat petrol pump,5,3,4211,Furnished,17,20639174,60418
Bawadiya Kalan,3,1,1289,Unfurnished,10,5749897,16733
Govindpura,4,3,3290,Unfurnished,27,17407315,51341
Karond,5,1,3217,Furnished,20,15805441,44017
jahangirabad,4,1,2304,Furnished,28,10630529,27698
Minal,2,3,958,Semi-Furnished,25,4449075,13540
Indrapuri,4,4,2123,Unfurnished,22,8506014,20936
jahangirabad,2,4,811,Unfurnished,29,3779242,9907
Vijay nagar,5,1,4165,Furnished,12,29926243,98035
Hoshangabad Road,1,2,738,Semi-Furnished,12,3805686,11084
Kolar hills,2,2,988,Unfurnished,15,4950631,14864
chuna bhatti,2,1,1022,Furnished,15,4866570,12725
kohefiza,4,2,2739,Semi-Furnished,5,12276123,32782
sultaniya road,4,2,2851,Semi-Furnished,17,14791354,44984
ibrahimpura,3,4,1266,Semi-Furnished,11,5460483,12022
chuna bhatti,1,3,484,Unfurnished,12,2268768,6897
Lalghati,3,4,1414,Semi-Furnished,0,6808503,18941
Barkheda,3,2,1292,Unfurnished,2,5630557,15599
Gandhi nagar,4,4,2271,Semi-Furnished,30,14016555,52735
Anand nagar,5,4,4948,Furnished,8,28724297,93593
Barkheda,4,4,2924,Furnished,11,12925879,38220
char Imli,4,3,2173,Semi-Furnished,21,14355825,44868
Shyamla Hills,3,3,1982,Furnished,22,14789280,48251
Shanti Nagar,4,4,2836,Furnished,1,16769817,54260
Ratnagiri,2,2,971,Unfurnished,11,4548430,12441
Service road,2,1,1068,Semi-Furnished,11,6252881,20582
VIP road,2,4,940,Furnished,3,6010140,19027
Misrod,1,4,719,Unfurnished,14,2921249,9069
Ashoka garden,1,1,774,Semi-Furnished,18,3952972,11906
Avadhpuri,2,3,1127,Furnished,26,5006679,12976
Ayodhya bypass,1,3,473,Semi-Furnished,17,2479815,9554
Roshanpura,4,1,3424,Furnished,16,16401649,48073
Shivaji Nagar,2,3,1181,Unfurnished,25,7134794,22613
chuna bhatti,3,4,1974,Unfurnished,27,9369002,24603
Hoshangabad Road,5,2,4588,Unfurnished,12,23339866,69668
Ashoka garden,5,1,3159,Furnished,8,16380892,52108
ibrahimpura,4,2,2533,Semi-Furnished,19,10807066,27226
eidgah hills,1,2,676,Unfurnished,23,4155469,14459
Shivaji Nagar,5,2,3574,Semi-Furnished,22,21422674,71431
Nizamuddin colony,2,2,907,Semi-Furnished,22,5868042,18884
Bawadiya Kalan,1,2,590,Unfurnished,29,2615469,6210
Narela,2,3,992,Semi-Furnished,11,4169874,9185
MP Nagar,5,4,3869,Furnished,15,30874553,95083
Kolar Road,2,1,1152,Semi-Furnished,10,5680747,17115
Ayodhya bypass,3,3,1997,Semi-Furnished,24,10541726,30058
Govindpura,5,1,4950,Unfurnished,22,26217465,77836
Tajul masjid,1,4,550,Unfurnished,16,2984522,10765
eidgah hills,3,1,1747,Semi-Furnished,20,10561764,34362
Kolar hills,4,2,2557,Furnished,24,12803315,37496
Shanti Nagar,4,1,3370,Unfurnished,12,19799091,62279
Hoshangabad Road,4,1,2614,Unfurnished,30,13297058,40267
Arera Colony,4,4,2669,Unfurnished,3,20032054,65713
Habibganj,4,3,2067,Furnished,9,11380162,35368
MP Nagar,4,1,2861,Furnished,15,22882030,72968
MP Nagar,3,4,1353,Semi-Furnished,23,10741990,33269
Habibganj,5,4,3906,Semi-Furnished,14,21493937,68585
Shanti Nagar,2,3,926,Semi-Furnished,20,5399944,16396
Bittan Market,5,4,4937,Furnished,17,34566031,107050
sultaniya road,4,4,2351,Semi-Furnished,30,12269639,38415
Ayodhya nagar,1,3,491,Semi-Furnished,4,2977799,12039
chuna bhatti,4,3,2926,Semi-Furnished,9,13777540,37278
Roshanpura,5,1,4855,Semi-Furnished,0,23362680,67001
New market,5,2,3814,Semi-Furnished,13,26753656,82428
Arjun Nagar,2,4,1196,Semi-Furnished,23,7098389,23940
eidgah hills,3,4,1845,Semi-Furnished,1,11144230,35741
Service road,4,1,3005,Semi-Furnished,8,17348207,56511
Hoshangabad Road,1,3,651,Furnished,0,3413735,8725
Minal,3,2,1204,Furnished,8,5692492,15938
Anand nagar,1,1,762,Furnished,8,4451140,13761
Bittan Market,4,4,3347,Semi-Furnished,23,23495500,75219
Arera Colony,4,2,3125,Unfurnished,8,23501000,76003
ibrahimpura,2,4,1188,Semi-Furnished,2,5202052,11129
Tajul masjid,1,1,607,Furnished,0,3267051,9495
Arera Colony,5,4,3052,Semi-Furnished,15,22801164,73057
Habibganj,4,2,2103,Furnished,3,11566113,38032
Piplani,3,2,1752,Semi-Furnished,26,12165429,36959
Gandhi nagar,5,1,3326,Furnished,4,20609771,74674
Bawadiya Kalan,4,4,3033,Unfurnished,13,13728182,38136
Ratnagiri,4,4,3123,Unfurnished,29,14721389,40571
Sonagiri,5,3,3123,Unfurnished,4,14281249,38006
ibrahimpura,2,2,972,Semi-Furnished,9,4254854,10943
Bittan Market,2,2,1101,Furnished,2,7642495,22468
Arera Colony,2,2,1165,Semi-Furnished,14,8653190,26250
sultaniya road,1,2,535,Furnished,16,2764142,8986
Arjun Nagar,4,4,2317,Semi-Furnished,15,13890412,46383
ibrahimpura,4,1,2373,Semi-Furnished,17,10113729,27386
Chuna Bhatti,2,4,897,Unfurnished,21,4148018,12137
Gandhi nagar,4,3,3494,Semi-Furnished,1,21642205,79800
Kamla Nagar,2,3,1044,Semi-Furnished,5,5387531,15551
Vikas Nagar,1,2,716,Unfurnished,29,4813471,18019
Ratnagiri,5,2,4045,Furnished,7,19029616,50960
Vijay nagar,4,3,3057,Unfurnished,17,21969544,71372
Chuna Bhatti,2,2,1046,Semi-Furnished,27,4923790,13458
Arjun Nagar,5,1,3264,Furnished,8,19565680,65936
jahangirabad,3,4,1886,Furnished,20,8767054,21841
Sonagiri,2,1,853,Semi-Furnished,4,3859929,11705
Sonagiri,1,4,625,Furnished,14,2888133,6666
ibrahimpura,4,1,2413,Semi-Furnished,2,10455350,26522
Karond,2,2,899,Furnished,23,4442665,11154
jahangirabad,5,1,3850,Furnished,6,17676344,44639
VIP road,4,3,3259,Semi-Furnished,15,21272802,68846
Saket nagar,1,1,660,Unfurnished,27,4412767,14677
sultaniya road,5,3,3680,Furnished,8,19071503,56975
Minal,5,4,3641,Semi-Furnished,21,17110622,48961
Bittan Market,5,3,3511,Furnished,3,24521700,77181
Shanti Nagar,4,1,2461,Semi-Furnished,2,14571056,48530
Lalghati,4,4,3065,Unfurnished,18,14651236,41381
Ayodhya nagar,2,2,901,Semi-Furnished,4,5648619,19116
Gandhi nagar,2,3,1018,Unfurnished,15,6326801,21720
Shivaji Nagar,4,1,2772,Furnished,18,16659965,56783
Narela,3,4,1586,Unfurnished,7,6753219,16631
Ayodhya bypass,1,1,667,Semi-Furnished,16,3571920,11872
Chuna Bhatti,2,4,1031,Furnished,8,4927142,12803
Shanti Nagar,4,2,3013,Semi-Furnished,5,17766388,59159
chuna bhatti,1,2,774,Semi-Furnished,15,3545852,8168
MP Nagar,2,2,1007,Semi-Furnished,29,7981006,24975
Minal,2,1,1072,Furnished,5,5070425,15934
Arjun Nagar,3,4,1255,Furnished,30,7548447,24858
Indrapuri,3,1,1311,Unfurnished,16,5284508,14283
Kolar Road,3,3,1674,Unfurnished,2,8451246,23628
Saket nagar,1,2,687,Furnished,19,4625096,14553
Shanti Nagar,5,2,3576,Unfurnished,16,21140587,68558
Bawadiya Kalan,4,4,2602,Furnished,1,11802809,32683
Karond,5,2,3493,Furnished,8,17134428,48771
Bairagarh,5,3,4801,Unfurnished,4,21544110,58078
Karond,3,4,1731,Semi-Furnished,2,8522326,25518
chuna bhatti,2,4,894,Unfurnished,3,4138507,9648
Indrapuri,3,1,1474,Furnished,0,5917115,15298
VIP road,5,3,4117,Unfurnished,28,26747415,85047
Vikas Nagar,3,3,1780,Furnished,0,12171703,39871
Shyamla Hills,5,1,4774,Semi-Furnished,9,35806653,118515
Lalghati,5,2,4439,Semi-Furnished,12,21302044,63663
Bittan Market,2,3,1170,Semi-Furnished,22,8150040,27173
Ayodhya nagar,1,4,498,Furnished,18,3107225,9789
VIP road,1,1,466,Furnished,14,3090106,8054
Lalghati,2,3,1022,Unfurnished,1,4889672,13677
Hoshangabad Road,4,3,2005,Unfurnished,11,10301504,28698
Arjun Nagar,3,1,1859,Furnished,2,11190172,35359
Anand nagar,2,4,1131,Furnished,14,6497749,20791
Anand nagar,5,4,3507,Unfurnished,27,20312080,67801
Arera Colony,1,1,787,Furnished,6,5989449,18173
Nizamuddin colony,3,3,1421,Unfurnished,3,9334277,29665
Vikas Nagar,1,4,708,Furnished,4,4909208,14716
Kamla Nagar,2,1,1057,Semi-Furnished,25,5569382,17445
Sonagiri,5,4,3159,Unfurnished,3,14444316,37938
Vikas Nagar,5,4,3590,Semi-Furnished,18,24383977,81643
Arjun Nagar,4,1,2074,Furnished,2,12400418,39971
Avadhpuri,3,4,1874,Unfurnished,9,8270510,23810
Piplani,5,3,4905,Furnished,1,34322615,106524
Bawadiya Kalan,1,4,418,Semi-Furnished,8,1812596,6403
Shyamla Hills,3,2,1259,Semi-Furnished,17,9351522,30476
Indrapuri,2,4,1128,Unfurnished,24,4436561,11768
jahangirabad,4,2,3370,Furnished,27,15496316,39968
Arjun Nagar,2,1,935,Furnished,26,5590498,18152
Kamla Nagar,1,1,500,Unfurnished,12,2583829,6571
Kolar hills,2,2,957,Furnished,1,4802147,16311
Arjun Nagar,5,3,4149,Furnished,13,24967337,84880
Service road,5,3,4243,Semi-Furnished,22,24554844,80102
Service road,1,3,697,Unfurnished,3,4063848,14121
jahangirabad,3,2,1963,Furnished,5,8991672,23257
Chuna Bhatti,3,3,1406,Unfurnished,21,6525353,20242
Nizamuddin colony,5,2,4976,Furnished,1,32277938,104013
Saket nagar,4,2,2099,Semi-Furnished,4,14178296,49016
Tajul masjid,3,3,1964,Furnished,5,10782117,36322
Karond,5,2,4514,Unfurnished,24,22121389,62385
Piplani,3,2,1896,Furnished,26,13235412,40039
Narela,5,3,4062,Furnished,18,17413382,45257
Kolar hills,5,4,4732,Semi-Furnished,24,23633185,71447
Roshanpura,4,1,2985,Furnished,8,14391114,40419
Bawadiya Kalan,5,3,4153,Furnished,30,18721251,50068
Gandhi nagar,4,1,2764,Furnished,30,17099074,62663
Indrapuri,4,4,2815,Semi-Furnished,28,11273822,26753
Govindpura,3,3,1404,Furnished,5,7490560,22278
Avadhpuri,3,3,1401,Furnished,13,6105906,16995
Lalghati,4,3,3331,Semi-Furnished,27,15961702,47476
Kolar hills,4,2,2652,Semi-Furnished,24,13338637,40382
Lalghati,2,2,867,Semi-Furnished,17,4087764,10167
Kamla Nagar,1,4,422,Semi-Furnished,15,2183168,8189
Kolar Road,5,4,3038,Semi-Furnished,5,15280060,46629
Karond,4,2,3215,Furnished,13,15713803,46554
chuna bhatti,1,2,460,Furnished,10,2257753,5610
Barkheda,1,1,521,Semi-Furnished,7,2349336,6403
chuna bhatti,5,2,3065,Unfurnished,2,14340776,38771
Kolar Road,3,3,1912,Semi-Furnished,17,9608827,29637
Arera Colony,2,3,969,Furnished,27,7233685,21828
VIP road,3,1,1834,Unfurnished,3,11899706,38359
Arera Colony,1,1,630,Unfurnished,22,4815247,17038
ibrahimpura,5,2,3735,Furnished,9,16047503,40799
Indrapuri,2,3,1040,Semi-Furnished,0,4133429,9807
Shanti Nagar,2,1,929,Semi-Furnished,13,5440078,18422
Indrapuri,5,2,4709,Furnished,2,18769651,48340
Tajul masjid,1,2,518,Unfurnished,7,2832721,7738
ibrahimpura,5,4,3292,Furnished,8,14185247,34631
Anand nagar,2,4,1127,Semi-Furnished,29,6453041,22841
Piplani,4,3,2162,Furnished,9,15040189,48265
VIP road,2,1,1092,Semi-Furnished,2,7101931,24360
Shanti Nagar,1,1,724,Furnished,16,4346011,12077
New market,5,2,4285,Unfurnished,8,30027874,93720
Gulmohar,5,2,3291,Unfurnished,29,21050375,69054
VIP road,1,3,405,Unfurnished,26,2642011,8313
Misrod,2,4,1115,Unfurnished,26,4591760,11445
New market,2,2,996,Furnished,18,6993436,22663
jahangirabad,2,2,979,Furnished,8,4533333,13129
kohefiza,3,1,1519,Furnished,10,6879009,16652
ibrahimpura,1,4,701,Semi-Furnished,13,3078475,5999
Arera Colony,3,2,1596,Semi-Furnished,10,11928866,37284
Bittan Market,4,3,3120,Semi-Furnished,8,21780487,68709
MP Nagar,1,3,773,Semi-Furnished,16,6218136,21129
jahangirabad,3,4,1718,Furnished,13,8002422,19001
Piplani,1,1,601,Unfurnished,5,4279078,14908
char Imli,2,3,1124,Unfurnished,29,7368269,25311
Piplani,3,1,1511,Semi-Furnished,27,10510910,32691
Service road,3,1,1560,Furnished,24,9042346,28341
Arjun Nagar,1,4,629,Semi-Furnished,27,3725018,14190
Ayodhya bypass,5,1,4031,Furnished,28,21444728,66412
Govindpura,5,3,4249,Semi-Furnished,14,22613797,67371
MP Nagar,2,3,1123,Semi-Furnished,19,8911446,26077
Vijay nagar,3,2,1982,Semi-Furnished,16,14301559,47769
Indrapuri,3,2,1621,Unfurnished,30,6554127,15523
Chuna Bhatti,1,1,699,Furnished,23,3212918,9149
ibrahimpura,3,3,1328,Unfurnished,28,5752315,12904
Indrapuri,5,2,4968,Furnished,21,19941440,50284
Roshanpura,1,2,601,Unfurnished,7,2958938,8381
Ratnagiri,3,3,1436,Semi-Furnished,27,6673458,18696
Arjun Nagar,1,2,643,Furnished,11,3878882,13949
sultaniya road,1,2,733,Semi-Furnished,15,3831041,9958
eidgah hills,5,2,4723,Furnished,18,28318110,92966
Service road,3,2,1213,Semi-Furnished,10,7008922,23933
chuna bhatti,1,2,580,Furnished,19,2643039,6101
ibrahimpura,2,4,802,Semi-Furnished,26,3490844,10080
Arera Colony,4,2,2306,Unfurnished,4,17350197,57028
ibrahimpura,4,1,2153,Semi-Furnished,1,9189101,25052
New market,1,1,478,Furnished,5,3270156,11207
VIP road,4,1,2849,Semi-Furnished,25,18563223,60299
Gandhi nagar,5,3,3252,Unfurnished,14,20176668,73781
Sonagiri,2,2,841,Furnished,30,3880792,10817
Nizamuddin colony,1,2,448,Furnished,7,2839084,8314
Hoshangabad Road,3,4,1669,Semi-Furnished,25,8473059,23035
Avadhpuri,5,2,3087,Unfurnished,2,13512510,38594
Roshanpura,5,3,3863,Furnished,3,18616118,52490
Sonagiri,4,2,2066,Semi-Furnished,25,9435282,26742
Ayodhya bypass,5,3,4384,Furnished,29,23238084,70784
Ayodhya nagar,3,3,1874,Semi-Furnished,16,11668002,42942
Govindpura,1,2,762,Unfurnished,22,4048149,13441
Indrapuri,3,4,1853,Unfurnished,6,7389997,18205
ibrahimpura,5,4,4341,Furnished,22,18610425,48921
Bairagarh,4,2,3307,Unfurnished,1,14905910,39822
Bawadiya Kalan,3,3,1747,Furnished,6,7945815,21377
Ashoka garden,4,2,2430,Semi-Furnished,13,12672847,38227
Minal,2,4,1068,Furnished,28,5004319,12204
Barkheda,5,1,3590,Furnished,20,15715107,44991
Shanti Nagar,2,4,1098,Semi-Furnished,30,6379310,19971
Bairagarh,1,2,634,Furnished,25,2867055,8650
MP Nagar,3,2,1379,Semi-Furnished,29,11126400,34420
Vikas Nagar,1,3,792,Unfurnished,14,5477722,18171
sultaniya road,1,2,411,Semi-Furnished,4,2212517,5221
Barkheda,4,4,3011,Unfurnished,20,13163195,38841
ibrahimpura,1,1,459,Semi-Furnished,5,2007969,5221
Karond,5,2,3525,Furnished,15,17324531,48816
Karond,1,4,719,Unfurnished,27,3590021,9626
Misrod,2,3,1182,Furnished,8,5021891,12341
char Imli,3,4,1692,Furnished,20,11212930,35998
Arjun Nagar,5,2,4612,Furnished,19,27735346,94106
Nizamuddin colony,2,4,1177,Semi-Furnished,3,7562107,25019
Shyamla Hills,4,3,2336,Unfurnished,26,17437103,57641
Minal,4,2,2420,Unfurnished,30,11416316,30559
Indrapuri,4,4,3461,Unfurnished,24,13865815,35831
Kamla Nagar,1,2,591,Unfurnished,27,3077023,8272
Vijay nagar,4,2,2771,Furnished,3,19919708,67705
Indrapuri,4,2,3063,Unfurnished,11,12224912,29457
Nizamuddin colony,3,4,1209,Furnished,10,7806893,25881
Gandhi nagar,4,3,2921,Furnished,8,18064786,65886
char Imli,3,3,1866,Unfurnished,24,12291782,40693
Vikas Nagar,5,4,4746,Unfurnished,9,32273122,109781
Ayodhya nagar,2,2,1019,Semi-Furnished,1,6266590,25191
Kolar hills,2,1,1117,Furnished,19,5496394,17971
Shyamla Hills,1,3,437,Unfurnished,20,3286312,9759
Nizamuddin colony,2,3,1142,Unfurnished,28,7484178,24465
Bairagarh,4,3,2674,Furnished,29,11979101,31612
Govindpura,1,4,436,Semi-Furnished,30,2371492,6122
Kamla Nagar,5,1,3681,Semi-Furnished,5,19141529,57942
sultaniya road,4,1,3441,Furnished,5,17988577,54394
Indrapuri,4,4,2496,Unfurnished,21,10054890,26202
Shyamla Hills,2,4,876,Furnished,29,6654307,22400
Avadhpuri,4,4,2874,Semi-Furnished,17,12554824,35614
jahangirabad,2,4,1027,Semi-Furnished,28,4702164,14303
Kamla Nagar,1,1,442,Furnished,25,2316536,8975
Ashoka garden,5,1,4606,Furnished,19,23856184,75443
Piplani,1,3,547,Semi-Furnished,3,3750189,12238
Vikas Nagar,5,2,3253,Furnished,0,22078199,74285
Sonagiri,3,3,1700,Unfurnished,23,7724408,20750
MP Nagar,2,3,1054,Furnished,28,8425601,25736
Avadhpuri,3,4,1632,Furnished,27,7114989,23115
ibrahimpura,3,2,1454,Semi-Furnished,24,6183588,17005
Nizamuddin colony,2,1,1098,Unfurnished,1,7215778,22992
Piplani,5,1,4697,Semi-Furnished,11,32958715,102978
Misrod,3,4,1433,Furnished,26,6031441,15288
sultaniya road,5,3,4362,Unfurnished,4,22766074,69100
Bawadiya Kalan,3,1,1738,Furnished,23,7875989,21161
Shyamla Hills,1,2,791,Furnished,24,5892672,20324
Arera Colony,5,4,3151,Semi-Furnished,14,23728506,76783
Kolar Road,4,2,3365,Semi-Furnished,5,16752004,48657
char Imli,5,4,4095,Semi-Furnished,7,26946585,86734
VIP road,1,1,472,Semi-Furnished,13,3164159,11486
jahangirabad,1,1,738,Furnished,27,3477299,10014
Kamla Nagar,4,1,2789,Furnished,28,14480700,45863
chuna bhatti,4,1,2607,Unfurnished,8,12240986,35048
Ashoka garden,2,3,986,Unfurnished,1,5150049,14268
Bairagarh,4,3,2376,Unfurnished,2,10785464,26659
Avadhpuri,4,1,2166,Semi-Furnished,7,9575573,29565
Kolar Road,3,4,1634,Semi-Furnished,30,8109163,25551
Saket nagar,2,3,1082,Furnished,16,7411201,23426
eidgah hills,3,3,1406,Furnished,0,8534444,29753
Saket nagar,2,4,1016,Unfurnished,18,6989997,25000
Saket nagar,4,4,2902,Furnished,9,19778894,66676
New market,1,3,660,Unfurnished,9,4716259,16399
Ratnagiri,3,3,1280,Unfurnished,13,5958247,18501
Habibganj,5,3,4372,Semi-Furnished,10,23966270,77568
Hoshangabad Road,1,3,490,Furnished,19,2586572,7176
Minal,2,4,1180,Furnished,18,5643432,14519
Gandhi nagar,4,1,2780,Semi-Furnished,18,17264148,63860
Vikas Nagar,5,2,4951,Semi-Furnished,13,33623454,113191
Bittan Market,4,3,2977,Semi-Furnished,6,20865093,65424
jahangirabad,4,3,2854,Unfurnished,25,13151818,34039
eidgah hills,1,4,496,Unfurnished,4,2954763,8179
Bairagarh,5,4,3061,Semi-Furnished,10,13690984,35621
kohefiza,1,4,500,Semi-Furnished,7,2183851,4185
Hoshangabad Road,3,3,1625,Semi-Furnished,11,8311163,24606
Bairagarh,5,4,3777,Semi-Furnished,3,16977378,45746
Service road,4,2,3422,Semi-Furnished,16,19825556,64203
Misrod,3,3,1369,Furnished,19,5767374,13962
kohefiza,3,2,1981,Unfurnished,21,8877548,21914
Vijay nagar,4,1,2441,Semi-Furnished,28,17636879,58848
Habibganj,3,1,1253,Unfurnished,1,6921974,23644
Shivaji Nagar,1,2,422,Semi-Furnished,29,2536743,8498
Avadhpuri,5,3,3531,Unfurnished,30,15628564,47164
Kolar hills,5,1,3118,Furnished,22,15667781,46394
Karond,5,4,4487,Unfurnished,8,22043107,61161
Chuna Bhatti,2,1,1192,Semi-Furnished,17,5662018,15916
eidgah hills,4,2,2580,Unfurnished,24,15538619,53262
Misrod,3,1,1760,Semi-Furnished,14,7427095,20376
Kamla Nagar,5,1,4253,Semi-Furnished,21,22188561,67612
MP Nagar,4,4,3398,Unfurnished,22,27125636,83020
Misrod,4,1,2619,Semi-Furnished,16,11075814,30192
Service road,4,4,2426,Semi-Furnished,29,14143559,47401
Habibganj,3,4,1361,Unfurnished,30,7583336,22787
Arjun Nagar,1,1,749,Furnished,30,4499178,15857
Bittan Market,1,3,528,Furnished,21,3671845,10822
Kolar Road,3,2,1917,Semi-Furnished,30,9587800,26899
Ratnagiri,4,4,3419,Semi-Furnished,11,16056368,46260
sultaniya road,4,4,3235,Unfurnished,9,16783930,53282
Ayodhya nagar,1,4,468,Semi-Furnished,29,2859523,12385
Govindpura,4,1,2302,Furnished,26,12182801,36457
Bairagarh,2,4,1137,Furnished,13,5088000,14536
Tajul masjid,4,3,2290,Furnished,30,12628927,40376
Ashoka garden,5,1,3645,Furnished,12,18979218,58445
Roshanpura,2,1,850,Furnished,10,4060167,13533
Ashoka garden,2,3,1053,Furnished,19,5494194,15617
jahangirabad,2,1,889,Semi-Furnished,5,4131953,8756
Gulmohar,5,3,3047,Unfurnished,25,19433043,65699
Avadhpuri,2,2,1148,Semi-Furnished,8,5093090,14234
Gandhi nagar,4,3,2859,Furnished,2,17793307,64228
Misrod,1,1,750,Furnished,30,3242750,8615
Ayodhya nagar,5,3,3672,Furnished,8,22823619,83963
Kolar Road,1,4,440,Furnished,8,2101624,7237
Ashoka garden,3,2,1404,Semi-Furnished,23,7216503,23631
Shanti Nagar,4,4,2653,Furnished,7,15689862,51549
New market,5,2,4896,Furnished,24,34284712,107086
Shivaji Nagar,1,2,738,Unfurnished,28,4399327,16453
Vijay nagar,4,4,2135,Semi-Furnished,29,15296227,52931
Ratnagiri,5,3,4615,Semi-Furnished,23,21638800,58779
Shivaji Nagar,1,3,570,Unfurnished,1,3398119,9590
Avadhpuri,3,2,1669,Unfurnished,25,7301089,23062
Chuna Bhatti,5,3,4863,Furnished,7,22862337,61290
Hoshangabad Road,2,4,893,Unfurnished,30,4568539,12125
Ashoka garden,4,3,2580,Furnished,12,13323220,41799
Arera Colony,5,1,3934,Furnished,14,29545166,93389
New market,3,4,1824,Furnished,22,12699573,39336
Nizamuddin colony,4,3,3322,Furnished,6,21638903,71321
Vijay nagar,2,1,1148,Semi-Furnished,2,8277245,26823
Arjun Nagar,3,3,1973,Semi-Furnished,1,11844946,39271
Gulmohar,5,2,4185,Semi-Furnished,28,26706363,89801
Arjun Nagar,1,4,419,Unfurnished,26,2572046,7286
Arera Colony,1,1,737,Semi-Furnished,30,5504332,16740
Ayodhya bypass,3,4,1847,Furnished,19,9706489,29577
Prabhat petrol pump,5,1,3843,Semi-Furnished,8,18747208,55586
Ashoka garden,1,3,505,Furnished,20,2573448,8864
Indrapuri,2,3,1009,Unfurnished,17,4117629,11900
kohefiza,4,3,3189,Furnished,2,14362179,40263
VIP road,2,4,1027,Unfurnished,0,6696066,19865
Ashoka garden,4,3,3052,Semi-Furnished,17,15884930,49790
MP Nagar,1,2,758,Furnished,29,6060371,19795
eidgah hills,4,4,2578,Semi-Furnished,7,15458133,50533
Shanti Nagar,3,2,1474,Semi-Furnished,18,8701007,27118
Gulmohar,1,2,577,Semi-Furnished,28,3685090,10867
Bittan Market,1,1,453,Semi-Furnished,10,3252629,10337
Arera Colony,1,1,488,Semi-Furnished,3,3683286,13509
MP Nagar,4,4,2353,Furnished,13,18821310,59977
Indrapuri,3,4,1450,Semi-Furnished,7,5848762,16377
jahangirabad,4,1,2680,Semi-Furnished,27,12339814,34053
chuna bhatti,1,4,532,Furnished,0,2412005,7866
Ashoka garden,5,4,4935,Semi-Furnished,24,25724821,78609
MP Nagar,2,2,884,Furnished,8,6988250,22122
Ayodhya bypass,2,4,1180,Semi-Furnished,6,6239123,18533
Bairagarh,5,3,3703,Semi-Furnished,5,16617194,45267
Gandhi nagar,1,1,489,Semi-Furnished,0,3063827,12838
Karond,4,1,3200,Semi-Furnished,12,15652645,45161
Misrod,5,1,4394,Furnished,29,18422533,49891
Indrapuri,1,3,710,Unfurnished,17,2775284,7674
Shyamla Hills,2,1,1034,Unfurnished,8,7765895,25557
Govindpura,4,1,2953,Furnished,22,15660492,49207
Chuna Bhatti,4,3,2270,Furnished,22,10662414,28830
Ratnagiri,2,3,1053,Semi-Furnished,14,4867243,13994
Nizamuddin colony,4,3,2253,Semi-Furnished,29,14635847,45778
jahangirabad,1,1,624,Semi-Furnished,13,2944309,5764
Saket nagar,2,1,865,Semi-Furnished,12,5869837,20937
Sonagiri,4,2,2282,Semi-Furnished,17,10514122,28860
Service road,2,2,813,Semi-Furnished,6,4797560,15787
Hoshangabad Road,1,2,498,Unfurnished,24,2495959,6444
Gandhi nagar,1,4,440,Furnished,29,2778593,9070
Avadhpuri,1,1,662,Semi-Furnished,3,2941676,9644
Ratnagiri,3,2,1965,Semi-Furnished,11,9232196,24771
Chuna Bhatti,3,3,1867,Unfurnished,16,8708044,25118
Tajul masjid,4,4,2893,Unfurnished,25,15851404,52091
sultaniya road,4,3,2200,Unfurnished,13,11357977,35842
Tajul masjid,5,4,3833,Unfurnished,30,21042345,68156
Service road,3,2,1575,Unfurnished,9,9119757,30807
Nizamuddin colony,2,2,1050,Furnished,16,6836246,22391
Shivaji Nagar,4,1,3365,Unfurnished,19,20249203,68335
Prabhat petrol pump,2,1,1120,Furnished,11,5496185,14512
ibrahimpura,4,3,2909,Semi-Furnished,27,12454773,31347
Lalghati,2,4,1008,Furnished,24,4906257,16014
Hoshangabad Road,1,3,766,Unfurnished,2,3982631,10090
Anand nagar,5,1,4637,Unfurnished,8,26943374,89618
sultaniya road,2,1,819,Furnished,10,4212435,12095
Ashoka garden,1,2,645,Semi-Furnished,20,3415149,11677
Shyamla Hills,1,4,454,Semi-Furnished,21,3367726,9889
Kamla Nagar,4,3,2976,Semi-Furnished,27,15554171,46057
Bawadiya Kalan,1,2,649,Unfurnished,21,2943945,6894
Arjun Nagar,1,2,454,Unfurnished,25,2768543,9617
Barkheda,2,1,1127,Furnished,30,4956017,14118
Gandhi nagar,5,1,4671,Semi-Furnished,28,29050377,108215
Saket nagar,4,1,2562,Semi-Furnished,23,17502595,57107
VIP road,4,2,3047,Furnished,7,19725782,64881
Prabhat petrol pump,3,3,1605,Furnished,30,7932416,22836
ibrahimpura,1,2,523,Furnished,17,2337700,5219
Lalghati,3,4,1674,Unfurnished,0,7982304,21904
Nizamuddin colony,3,1,1284,Furnished,0,8404097,25140
Kolar hills,5,1,3819,Furnished,19,19140856,56089
Anand nagar,5,2,3026,Furnished,3,17474420,59482
Shivaji Nagar,3,2,1611,Unfurnished,4,9665056,33877
Kolar hills,5,2,3118,Furnished,0,15606424,46931
Arjun Nagar,3,2,1914,Furnished,20,11441134,36731
Hoshangabad Road,2,4,1121,Semi-Furnished,20,5713558,16699
char Imli,5,4,3691,Unfurnished,14,24371317,77632
Bawadiya Kalan,5,2,4831,Semi-Furnished,5,21828421,57364
Roshanpura,2,1,817,Unfurnished,21,3905191,13106
Avadhpuri,5,1,3614,Furnished,27,15950281,45564
Karond,4,2,2000,Unfurnished,0,9865564,28336
Kolar Road,2,1,1052,Furnished,20,5316984,15259
Arera Colony,5,4,3233,Unfurnished,4,24213436,77094
Kolar Road,3,3,1962,Semi-Furnished,12,9721173,28414
Indrapuri,1,1,401,Semi-Furnished,1,1557340,2093
Piplani,2,1,977,Unfurnished,15,6812866,23469
VIP road,5,4,4628,Furnished,20,29985619,96765
Vijay nagar,1,4,641,Furnished,15,4528610,16254
Saket nagar,4,1,2046,Furnished,30,13826680,48212
Gulmohar,1,3,500,Furnished,19,3233785,11629
jahangirabad,5,4,3179,Semi-Furnished,1,14717790,36352
VIP road,4,3,2766,Unfurnished,0,17906650,58465
kohefiza,3,3,1329,Unfurnished,16,5897587,16651
Narela,5,4,3649,Semi-Furnished,22,15603465,40574
Barkheda,5,3,4005,Semi-Furnished,26,17557241,50333
Misrod,3,1,1299,Unfurnished,29,5513502,13702
Arjun Nagar,1,1,522,Unfurnished,27,3085398,9288
Ashoka garden,2,3,1190,Furnished,10,6173677,19924
Service road,3,4,1217,Unfurnished,22,6997786,21949
Bawadiya Kalan,3,3,1985,Furnished,4,8953123,21855
Shanti Nagar,5,2,3679,Unfurnished,30,21741369,68949
Shanti Nagar,1,1,727,Semi-Furnished,20,4262792,15344
Narela,2,2,1138,Semi-Furnished,19,4813020,14444
Vijay nagar,3,3,1490,Unfurnished,5,10698334,35891
Karond,2,3,1190,Furnished,4,5765854,17593
Arjun Nagar,2,2,995,Semi-Furnished,18,5959069,20656
Sonagiri,1,2,570,Unfurnished,14,2568456,8835
Nizamuddin colony,2,3,1065,Unfurnished,7,6897463,22156
Indrapuri,3,4,1702,Semi-Furnished,8,6885582,18430
Bittan Market,4,1,2780,Semi-Furnished,12,19411443,61657
Tajul masjid,1,1,421,Unfurnished,9,2391572,6388
Chuna Bhatti,5,3,4576,Semi-Furnished,0,21538161,60228
Shanti Nagar,1,4,676,Unfurnished,28,3907588,13079
Tajul masjid,1,3,585,Semi-Furnished,16,3268092,12060
Kolar Road,4,2,3471,Semi-Furnished,10,17308163,51132
Anand nagar,5,1,4003,Furnished,22,23290106,75224
Service road,2,3,840,Semi-Furnished,26,4778080,14182
Habibganj,2,1,830,Unfurnished,16,4653100,15656
Minal,2,3,1000,Unfurnished,6,4759934,14942
Chuna Bhatti,5,4,4669,Semi-Furnished,29,21904275,59078
jahangirabad,5,2,4258,Unfurnished,10,19612805,49591
Kamla Nagar,3,3,1720,Semi-Furnished,12,8879349,26625
Avadhpuri,1,2,498,Unfurnished,19,2127684,6664
Barkheda,1,2,547,Unfurnished,10,2451125,8993
Kolar hills,4,2,3395,Furnished,29,17049883,52804
jahangirabad,1,4,634,Semi-Furnished,30,2826599,5727
char Imli,4,4,2512,Semi-Furnished,17,16479312,54426
Ratnagiri,1,2,609,Semi-Furnished,18,2931462,9316
Shivaji Nagar,2,4,1165,Semi-Furnished,4,6978670,22849
Kolar hills,1,2,779,Semi-Furnished,5,3810063,12052
Avadhpuri,1,2,712,Unfurnished,20,3095878,9613
Bairagarh,2,3,1070,Unfurnished,15,4751668,14196
ibrahimpura,5,4,3409,Furnished,13,14584186,36711
Narela,4,4,3256,Semi-Furnished,1,14043165,35198
Hoshangabad Road,4,4,3323,Semi-Furnished,13,16920795,50389
Shanti Nagar,4,2,2164,Furnished,16,12765624,42187
Arjun Nagar,2,4,812,Unfurnished,8,4946118,15483
Narela,2,3,1135,Furnished,29,4946701,12777
Lalghati,2,2,896,Semi-Furnished,25,4385336,10595
Nizamuddin colony,5,3,4699,Unfurnished,21,30567044,96867
char Imli,5,3,4550,Furnished,28,29944057,94812
Minal,1,2,463,Furnished,6,2164514,5975
Arjun Nagar,3,1,1659,Furnished,11,9892348,33102
Shivaji Nagar,5,3,3382,Unfurnished,5,20240262,65735
Shivaji Nagar,5,1,3699,Furnished,17,22235148,75889
kohefiza,1,3,712,Unfurnished,25,3226971,7541
Prabhat petrol pump,3,3,1485,Unfurnished,9,7188162,20042
Misrod,3,1,1242,Furnished,10,5128447,14401
chuna bhatti,4,3,2756,Furnished,4,12992453,37552
Vijay nagar,1,2,595,Furnished,23,4260960,14623
Shivaji Nagar,5,2,4840,Semi-Furnished,2,29046090,94910
Hoshangabad Road,3,3,1527,Unfurnished,17,7721219,23430
Vijay nagar,3,1,1489,Furnished,25,10698731,36445
Narela,2,1,943,Semi-Furnished,11,4098178,8863
chuna bhatti,5,2,3039,Unfurnished,7,14250990,38828
Minal,5,3,4888,Semi-Furnished,10,22915381,62240
Kolar hills,4,1,2768,Unfurnished,21,13775087,40504
eidgah hills,1,4,677,Semi-Furnished,23,3992416,14897
Bittan Market,5,3,4379,Unfurnished,10,30686443,96677
Hoshangabad Road,4,4,3018,Semi-Furnished,28,15440392,46669
Barkheda,2,4,1138,Unfurnished,27,5088340,15101
eidgah hills,5,4,4287,Furnished,27,25727670,87346
Tajul masjid,4,1,2391,Semi-Furnished,2,13222083,42294
Narela,3,3,1754,Unfurnished,27,7522910,18932
Arjun Nagar,4,4,2097,Unfurnished,5,12667614,40712
Chuna Bhatti,5,2,4420,Furnished,2,20802326,58784
Gulmohar,1,3,622,Semi-Furnished,21,3941051,12894
Gandhi nagar,2,3,1149,Semi-Furnished,27,7027720,27262
MP Nagar,4,3,3080,Semi-Furnished,3,24667004,75080
Saket nagar,1,2,492,Unfurnished,27,3360391,10977
jahangirabad,2,2,896,Unfurnished,17,4122870,12314
Arera Colony,2,4,971,Furnished,21,7270920,21675
Misrod,2,4,955,Unfurnished,5,4007771,9264
Gulmohar,2,3,999,Semi-Furnished,14,6307260,21318
Avadhpuri,5,4,3605,Semi-Furnished,11,15944632,47277
jahangirabad,1,2,711,Semi-Furnished,9,3239872,8718
Ayodhya nagar,4,2,3275,Semi-Furnished,7,20394154,76753
Kolar hills,3,4,1313,Semi-Furnished,14,6471865,19277
Ayodhya bypass,4,4,2314,Furnished,15,12237730,38574
Vikas Nagar,5,2,4746,Furnished,10,32371116,110524
Arjun Nagar,4,2,3496,Semi-Furnished,23,20918770,71553
kohefiza,4,4,2070,Unfurnished,30,9277181,22880
Vikas Nagar,5,3,4310,Furnished,14,29400567,100684
Ayodhya nagar,2,1,1008,Unfurnished,18,6335381,21816
Vikas Nagar,5,3,4724,Unfurnished,7,32139778,106775
Nizamuddin colony,1,2,702,Furnished,6,4473021,15633
chuna bhatti,4,2,3468,Semi-Furnished,13,16322463,44099
Vikas Nagar,1,1,647,Unfurnished,28,4466584,14502
char Imli,5,3,4848,Furnished,23,31964773,101090
Lalghati,5,1,3534,Semi-Furnished,8,16944334,48328
Shivaji Nagar,5,2,3747,Semi-Furnished,14,22449835,74531
Lalghati,4,3,3311,Semi-Furnished,3,15811520,44469
chuna bhatti,4,4,2537,Furnished,26,11854006,33024
Ashoka garden,5,3,4695,Unfurnished,26,24421229,75182
MP Nagar,2,2,970,Unfurnished,20,7715879,25806
Ayodhya nagar,2,2,1140,Unfurnished,15,7124280,25565
Arera Colony,1,2,536,Unfurnished,3,4016546,14653
Kamla Nagar,2,3,1047,Unfurnished,5,5448379,17575
Lalghati,3,3,1543,Semi-Furnished,21,7395492,20608
Indrapuri,3,3,1245,Semi-Furnished,14,5062112,11893
ibrahimpura,4,2,2751,Furnished,18,11855285,30001
Karond,4,2,2072,Unfurnished,30,10195976,29355
sultaniya road,1,4,755,Semi-Furnished,30,3933562,13760
Ratnagiri,1,3,697,Semi-Furnished,21,3193585,8421
Sonagiri,3,1,1445,Furnished,4,6640825,18350
Shanti Nagar,4,3,2077,Semi-Furnished,7,12172019,40786
Ayodhya nagar,5,2,4182,Semi-Furnished,30,26018023,97489
sultaniya road,2,4,828,Furnished,26,4306699,12836
Vikas Nagar,4,1,2564,Semi-Furnished,10,17391023,58120
Gulmohar,2,1,1068,Unfurnished,24,6875253,21555
Minal,4,3,2193,Unfurnished,13,10252758,29737
VIP road,1,4,561,Furnished,12,3619006,10056
jahangirabad,1,1,765,Semi-Furnished,21,3426168,8733
Lalghati,5,3,3427,Semi-Furnished,16,16495028,46693
char Imli,5,4,4789,Semi-Furnished,13,31662707,101402
Bittan Market,2,4,849,Furnished,15,5936071,19781
Piplani,4,2,2047,Unfurnished,14,14314163,43556
Vikas Nagar,3,3,1299,Furnished,20,8834299,28643
Karond,3,3,1830,Semi-Furnished,4,8871218,24555
Kolar Road,5,4,3634,Furnished,27,18165085,53961
jahangirabad,5,1,4854,Furnished,29,22231708,60236
Piplani,5,4,4169,Unfurnished,12,29204826,92641
Vikas Nagar,1,3,499,Furnished,17,3344785,10721
VIP road,5,1,4404,Furnished,5,28720654,92384
Anand nagar,5,3,4400,Unfurnished,3,25515845,83225
sultaniya road,2,3,923,Furnished,14,4775605,16664
Habibganj,5,3,3297,Semi-Furnished,15,18207302,59122
Kolar hills,3,2,1891,Unfurnished,1,9489941,26971
Lalghati,2,1,1008,Furnished,21,4840722,16080
Roshanpura,2,4,1126,Furnished,2,5348232,16816
Kamla Nagar,4,2,3051,Semi-Furnished,7,15859686,49178
Avadhpuri,4,4,2938,Furnished,23,12897453,36659
Bittan Market,1,2,731,Semi-Furnished,5,5181950,16763
Avadhpuri,3,4,1822,Furnished,1,8014597,25562
ibrahimpura,3,4,1677,Furnished,24,7245178,19622
Hoshangabad Road,3,4,1400,Furnished,24,7235014,22720
Service road,5,1,4053,Semi-Furnished,8,23593482,77827
Gandhi nagar,3,3,1577,Furnished,11,9716604,36305
Arjun Nagar,1,2,759,Unfurnished,23,4523431,13692
Bawadiya Kalan,1,3,681,Semi-Furnished,2,3118248,7167
Narela,5,2,4847,Semi-Furnished,5,20903219,54165
Lalghati,3,2,1472,Furnished,20,7052126,19144
Arjun Nagar,3,4,1909,Furnished,25,11462533,39810
kohefiza,3,3,1219,Semi-Furnished,24,5389596,15410
Kolar Road,5,1,4539,Furnished,4,22767452,68413
Kamla Nagar,3,3,1461,Furnished,2,7620698,21739
Sonagiri,2,4,806,Unfurnished,17,3672670,9017
Piplani,3,4,1546,Furnished,0,10811428,34669
Minal,2,2,992,Semi-Furnished,10,4665460,12894
Shanti Nagar,3,2,1428,Furnished,24,8343006,28639
Govindpura,3,1,1213,Semi-Furnished,29,6424704,19339
MP Nagar,2,1,1078,Semi-Furnished,13,8628379,25904
Indrapuri,5,2,3412,Semi-Furnished,0,13639752,34376
Nizamuddin colony,3,4,1731,Semi-Furnished,26,11343030,35005
Prabhat petrol pump,2,2,1162,Semi-Furnished,19,5740141,14744
Ayodhya nagar,3,1,1435,Furnished,13,8843980,34755
Kolar hills,5,4,3132,Unfurnished,21,15687870,45595
Bairagarh,4,1,3472,Unfurnished,19,15547505,43525
Vijay nagar,4,1,2240,Furnished,0,16067111,53531
Anand nagar,2,3,1118,Furnished,23,6385476,21543
Karond,5,3,4216,Unfurnished,30,20700320,58848
chuna bhatti,3,2,1573,Unfurnished,16,7380582,20290
eidgah hills,2,1,944,Furnished,11,5727557,18054
Roshanpura,2,1,871,Furnished,23,4241295,11079
Kamla Nagar,3,1,1297,Unfurnished,18,6721581,22700
Shivaji Nagar,2,2,994,Unfurnished,13,5977144,19410
Arjun Nagar,4,4,3010,Furnished,27,18058096,59089
Misrod,4,1,2214,Semi-Furnished,24,9360312,25714
ibrahimpura,3,2,1762,Furnished,25,7517865,17757
Shivaji Nagar,3,3,1633,Semi-Furnished,26,9815189,32132
Kamla Nagar,2,3,948,Unfurnished,2,5023519,17009
Anand nagar,2,4,1045,Semi-Furnished,11,6044132,20683
Kolar Road,5,3,3796,Semi-Furnished,27,18884747,58420
Gulmohar,2,1,1143,Furnished,9,7245785,25374
Sonagiri,1,3,647,Unfurnished,21,3023575,6530
Ashoka garden,1,1,768,Furnished,12,3963639,11296
Ayodhya bypass,5,4,4322,Unfurnished,27,22960645,70650
Shivaji Nagar,3,3,1434,Unfurnished,11,8579922,30246
Piplani,4,4,2572,Furnished,24,18094500,57861
Kolar Road,5,3,4103,Furnished,21,20576087,62485
Narela,2,1,954,Semi-Furnished,30,4053338,11362
Anand nagar,3,1,1929,Unfurnished,20,11185601,34720
Roshanpura,1,1,500,Semi-Furnished,21,2460757,8322
Piplani,3,3,1593,Unfurnished,14,11228890,34433
Shivaji Nagar,4,2,2564,Unfurnished,28,15408063,51000
Shivaji Nagar,1,1,462,Unfurnished,24,2680111,7254
Prabhat petrol pump,4,4,2148,Furnished,10,10588105,31204
kohefiza,2,2,892,Furnished,23,4064550,11753
kohefiza,4,1,2923,Unfurnished,12,13082477,34900
Bairagarh,4,1,3281,Unfurnished,12,14842918,37417
Ratnagiri,5,2,3046,Furnished,19,14316243,38415
Hoshangabad Road,4,1,2822,Furnished,29,14348002,41533
Kolar Road,2,3,892,Semi-Furnished,28,4503130,14057
Vijay nagar,2,2,978,Semi-Furnished,4,7090429,22551
Ayodhya bypass,1,1,763,Unfurnished,8,4104081,12005
Bairagarh,5,4,3771,Unfurnished,0,17052568,43949
Habibganj,4,2,2703,Unfurnished,25,14961621,47351
Karond,5,3,3605,Furnished,27,17630720,50479
Lalghati,1,3,537,Unfurnished,6,2535341,8679
Vikas Nagar,5,4,4752,Unfurnished,14,32309361,109310
Bittan Market,3,4,1363,Unfurnished,7,9500705,29775
Kamla Nagar,2,2,905,Furnished,10,4610394,13378
Arera Colony,2,1,1098,Semi-Furnished,4,8253992,28351
Shyamla Hills,3,2,1943,Unfurnished,7,14622868,46965
Gandhi nagar,3,3,1398,Furnished,19,8658718,33064
Chuna Bhatti,1,1,634,Furnished,8,3019202,9897
Arera Colony,3,3,1799,Semi-Furnished,24,13475350,42729
eidgah hills,4,3,3138,Furnished,20,18808671,62688
Ashoka garden,1,3,536,Unfurnished,24,2878237,6724
char Imli,4,4,2706,Semi-Furnished,30,17760967,58415
Gandhi nagar,2,2,1153,Furnished,6,7208447,26419
sultaniya road,4,2,3471,Semi-Furnished,30,18101465,56755
New market,3,1,1987,Furnished,17,13961935,44007
Sonagiri,2,2,1154,Furnished,15,5340749,13872
Avadhpuri,4,2,2717,Furnished,12,12040332,33471
VIP road,2,3,1109,Semi-Furnished,3,7287896,25194
Ayodhya nagar,3,4,1498,Furnished,14,9334765,33561
Ayodhya nagar,5,2,3346,Furnished,3,20779430,77699
VIP road,4,2,2633,Furnished,12,17187266,53709
Hoshangabad Road,3,1,1667,Furnished,0,8445820,26903
Lalghati,2,3,1084,Unfurnished,5,5234453,16104
Kolar hills,5,1,4870,Semi-Furnished,30,24285708,74418
Roshanpura,1,3,787,Semi-Furnished,27,3801132,10968
chuna bhatti,5,2,4724,Furnished,4,22253951,60271
char Imli,5,3,4477,Furnished,25,29528492,93151
Prabhat petrol pump,4,2,2131,Semi-Furnished,2,10534219,31375
Prabhat petrol pump,2,2,1157,Furnished,4,5597995,16940
kohefiza,4,1,3471,Furnished,0,15680124,40276
Arjun Nagar,4,2,2767,Furnished,3,16693999,56462
Barkheda,4,4,2308,Semi-Furnished,2,10110951,31461
Vijay nagar,5,4,4723,Semi-Furnished,22,34078642,113315
sultaniya road,4,3,3028,Unfurnished,23,15679739,48012
Tajul masjid,2,2,934,Semi-Furnished,29,5130246,14829
Gulmohar,4,1,2347,Unfurnished,17,15015362,47694
Vijay nagar,4,2,2081,Semi-Furnished,8,14932470,49354
char Imli,5,4,4078,Furnished,4,26882648,83682
Shivaji Nagar,2,3,1059,Semi-Furnished,24,6397411,22287
Ayodhya bypass,4,2,2288,Furnished,3,12186105,36009
Govindpura,5,4,4465,Unfurnished,25,23649334,72175
Kolar Road,4,2,3325,Unfurnished,7,16717603,50775
Vikas Nagar,1,2,700,Unfurnished,1,4785000,14780
Service road,5,4,3102,Unfurnished,13,17946269,57087
Bittan Market,2,3,835,Semi-Furnished,1,5808132,17933
Chuna Bhatti,5,4,3563,Unfurnished,27,16840468,46800
ibrahimpura,3,1,1833,Unfurnished,2,7894715,19296
Nizamuddin colony,3,3,1587,Furnished,25,10349833,33320
Tajul masjid,3,2,1768,Semi-Furnished,1,9673751,32949
char Imli,1,2,733,Furnished,9,4755298,14939
MP Nagar,1,3,464,Semi-Furnished,21,3671664,10409
Ashoka garden,2,2,1139,Semi-Furnished,16,5905574,17361
Lalghati,3,1,1384,Furnished,24,6563315,21241
Prabhat petrol pump,2,4,1163,Semi-Furnished,13,5662899,17904
Narela,2,3,1029,Semi-Furnished,10,4405791,10685
Misrod,3,2,1756,Semi-Furnished,8,7413706,18581
sultaniya road,2,1,1121,Semi-Furnished,22,5832066,18461
Barkheda,3,4,1273,Furnished,7,5515497,15460
kohefiza,2,1,1158,Semi-Furnished,23,5249490,13929
Kolar Road,1,2,560,Unfurnished,9,2749474,7387
Ayodhya bypass,3,2,1941,Semi-Furnished,21,10340544,30979
Lalghati,1,2,507,Furnished,29,2413060,7261
Karond,3,1,1226,Furnished,26,6020939,17064
VIP road,1,4,715,Semi-Furnished,10,4622911,16275
Anand nagar,5,4,3641,Unfurnished,16,21098719,68525
Govindpura,2,2,945,Furnished,9,5098077,16433
New market,1,3,433,Semi-Furnished,7,2955191,10621
Arjun Nagar,2,3,874,Unfurnished,17,5207848,17012
Gandhi nagar,1,3,633,Unfurnished,30,4022996,15809
char Imli,5,1,4470,Furnished,22,29536923,92848
Sonagiri,2,2,928,Furnished,4,4352368,9617
Service road,1,1,643,Semi-Furnished,17,3820916,12426
Anand nagar,4,3,2239,Furnished,4,12918221,42465
Bawadiya Kalan,5,1,4890,Furnished,7,21941263,59149
Roshanpura,3,4,1201,Unfurnished,15,5751441,16038
Prabhat petrol pump,3,3,1231,Semi-Furnished,28,6120706,18780
Piplani,4,4,3128,Unfurnished,13,21889715,70112
Anand nagar,4,1,3359,Semi-Furnished,1,19512480,65446
Avadhpuri,4,4,2564,Semi-Furnished,21,11340619,34473
Vijay nagar,4,2,2303,Semi-Furnished,3,16655188,56674
Indrapuri,1,3,497,Unfurnished,0,2072904,4814
Arjun Nagar,3,3,1269,Furnished,27,7671890,24936
Ashoka garden,1,4,685,Furnished,25,3509571,9499
Prabhat petrol pump,1,4,677,Furnished,17,3348592,10986
Arjun Nagar,1,1,681,Furnished,18,4058765,15538
Avadhpuri,4,2,2593,Unfurnished,30,11470249,33294
Gandhi nagar,5,3,5000,Semi-Furnished,8,31069464,116464
Nizamuddin colony,5,1,4143,Unfurnished,25,26999030,87900
Karond,3,4,1986,Unfurnished,0,9750696,26299
Chuna Bhatti,3,3,1369,Semi-Furnished,3,6474577,18479
Gandhi nagar,1,1,696,Semi-Furnished,16,4367441,17413
Barkheda,1,2,611,Unfurnished,6,2710719,7133
Gulmohar,4,3,2562,Furnished,1,16462521,54529
Misrod,3,3,1597,Semi-Furnished,17,6739555,19193
Govindpura,1,1,503,Unfurnished,30,2728949,8086
Vijay nagar,4,2,2545,Unfurnished,11,18369068,60182
ibrahimpura,1,1,541,Furnished,14,2323700,6377
Nizamuddin colony,4,2,3390,Furnished,6,22100452,71766
Roshanpura,4,3,2775,Unfurnished,23,13329741,40776
Arera Colony,3,4,1512,Semi-Furnished,26,11403452,36673
Govindpura,5,3,3008,Furnished,10,15947632,48785
Nizamuddin colony,4,4,2436,Semi-Furnished,11,15762675,50081
Bairagarh,1,1,401,Semi-Furnished,8,1767935,3962
Chuna Bhatti,4,1,2468,Furnished,29,11578673,32534
Indrapuri,5,4,3435,Furnished,20,13793327,34957
Habibganj,3,4,1871,Unfurnished,19,10227373,31747
Chuna Bhatti,2,3,1186,Unfurnished,0,5561102,15409
Narela,3,4,1577,Semi-Furnished,18,6859592,18560
eidgah hills,3,3,1527,Semi-Furnished,6,9180904,29663
MP Nagar,2,4,839,Semi-Furnished,29,6717620,19072
Nizamuddin colony,5,4,3368,Semi-Furnished,4,21894771,68891
jahangirabad,3,4,1580,Unfurnished,23,7347658,17712
Kolar Road,3,3,1385,Unfurnished,1,6866768,19252
Vikas Nagar,2,3,809,Furnished,5,5406431,17731
MP Nagar,5,2,3827,Semi-Furnished,13,30584704,95696
Ratnagiri,3,2,1631,Semi-Furnished,12,7738632,20956
Kolar Road,4,4,2761,Unfurnished,4,13736206,41476
Chuna Bhatti,4,2,2081,Semi-Furnished,18,9807050,25384
Gulmohar,5,3,3263,Semi-Furnished,5,20794478,66690
Misrod,2,4,973,Furnished,4,4005512,11058
Ratnagiri,1,2,484,Semi-Furnished,15,2189321,4501
chuna bhatti,4,2,2413,Semi-Furnished,24,11406270,31923
Ayodhya nagar,5,3,4870,Furnished,15,30163067,111904
Hoshangabad Road,4,2,3190,Furnished,6,16236281,48261
Shanti Nagar,5,2,4095,Semi-Furnished,17,24121864,75885
Minal,5,2,4179,Unfurnished,29,19725336,54251
Barkheda,2,3,1092,Furnished,18,4797987,16149
Habibganj,1,2,612,Semi-Furnished,22,3427831,10352
Kolar Road,2,3,1086,Furnished,18,5465452,16406
New market,1,3,543,Unfurnished,28,3899052,12585
Saket nagar,4,4,2074,Semi-Furnished,5,14081620,45713
Kolar hills,4,3,2750,Unfurnished,16,13770744,41503
chuna bhatti,1,2,755,Semi-Furnished,26,3590112,8107
Bawadiya Kalan,3,3,1317,Furnished,10,6008222,15584
Service road,5,2,3593,Furnished,25,20913164,67650
Bawadiya Kalan,4,4,3280,Unfurnished,11,14679648,41031
Bittan Market,3,3,1449,Unfurnished,8,10231975,32217
MP Nagar,3,1,1410,Semi-Furnished,26,11337961,35969
Saket nagar,2,3,1135,Furnished,18,7641710,26815
Ayodhya nagar,5,1,4981,Unfurnished,5,30932284,115230
MP Nagar,5,3,4152,Semi-Furnished,10,33258002,104134
Habibganj,4,4,2800,Unfurnished,28,15417319,50698
Ashoka garden,2,4,1135,Unfurnished,4,5986494,16834
kohefiza,3,2,1890,Unfurnished,5,8492350,21128
Vijay nagar,1,4,579,Semi-Furnished,18,4117405,14471
Saket nagar,3,4,1977,Furnished,6,13485718,45841
Ayodhya bypass,2,2,1184,Furnished,16,6186023,17960
Ashoka garden,1,3,445,Unfurnished,4,2308066,7499
Arjun Nagar,4,2,2954,Furnished,20,17677100,60745
Bittan Market,1,1,562,Semi-Furnished,20,3994069,10802
Bittan Market,1,4,707,Furnished,4,4942552,14509
Misrod,2,1,1043,Semi-Furnished,15,4447751,10562
Piplani,4,1,3346,Furnished,15,23494351,73721
Vijay nagar,1,1,404,Furnished,21,2928038,8666
Govindpura,5,4,4196,Semi-Furnished,23,22322982,66767
Shivaji Nagar,5,3,4063,Semi-Furnished,11,24429659,81139
Gulmohar,5,1,4605,Furnished,17,29493586,95614
Govindpura,4,2,2074,Semi-Furnished,4,10986547,31467
Shyamla Hills,1,4,743,Unfurnished,3,5601374,19063
Tajul masjid,5,2,3030,Semi-Furnished,23,16602392,52895
Vikas Nagar,3,3,1382,Unfurnished,18,9476113,33376
Gandhi nagar,4,2,2067,Semi-Furnished,14,12850773,48519
Vikas Nagar,1,3,476,Furnished,6,3206488,12278
Ayodhya nagar,1,2,712,Furnished,8,4405790,16592
Kamla Nagar,1,4,787,Unfurnished,22,4173220,14093
char Imli,4,4,3071,Semi-Furnished,15,20317229,64717
Kolar hills,2,2,896,Furnished,11,4538970,12461
Arjun Nagar,2,3,966,Unfurnished,25,5788205,20452
Kolar Road,1,2,786,Unfurnished,11,3938298,11143
Ratnagiri,3,4,1446,Semi-Furnished,29,6840030,18299
Habibganj,4,2,3031,Semi-Furnished,5,16700615,54611
Ratnagiri,4,1,3189,Semi-Furnished,29,15029672,43276
Arjun Nagar,2,2,1198,Unfurnished,25,7143797,23740
Saket nagar,4,4,2803,Unfurnished,4,19035069,65052
Kamla Nagar,5,4,4867,Semi-Furnished,5,25347104,79299
Arjun Nagar,2,1,898,Semi-Furnished,19,5390837,17222
Chuna Bhatti,2,4,1076,Furnished,30,5037599,15921
Shanti Nagar,2,4,1115,Unfurnished,7,6530771,19779
Sonagiri,4,2,2904,Semi-Furnished,7,13344401,34419
Shivaji Nagar,3,2,1518,Semi-Furnished,15,9182324,31949
char Imli,4,4,2124,Semi-Furnished,29,14032939,45004
Sonagiri,4,3,2875,Semi-Furnished,5,13253071,34713
Chuna Bhatti,3,4,1967,Unfurnished,16,9287574,24145
Narela,3,1,1742,Unfurnished,26,7406346,19895
Hoshangabad Road,2,3,854,Unfurnished,19,4317922,14768
Misrod,5,4,3712,Unfurnished,30,15583372,42491
Gulmohar,5,4,4954,Unfurnished,18,31775191,102883
Saket nagar,5,2,4322,Semi-Furnished,11,29379263,97573
Barkheda,3,3,1659,Semi-Furnished,7,7358346,22523
Misrod,1,1,558,Unfurnished,12,2389012,8015
chuna bhatti,2,3,1152,Furnished,23,5473793,16324
Chuna Bhatti,4,2,3434,Semi-Furnished,27,16140780,43260
Hoshangabad Road,1,2,590,Furnished,12,3089387,8873
Arjun Nagar,2,2,1016,Unfurnished,27,6103030,18570
Bawadiya Kalan,5,4,4650,Semi-Furnished,28,20951618,54207
char Imli,4,3,2986,Unfurnished,8,19717890,63408
char Imli,3,1,1775,Unfurnished,29,11695068,38475
Ayodhya bypass,1,2,557,Unfurnished,29,2931191,9560
Govindpura,1,1,560,Furnished,28,2902782,9527
Kolar hills,2,4,977,Furnished,14,4918459,13234
Gulmohar,3,4,1334,Unfurnished,14,8449265,29855
Chuna Bhatti,4,1,2155,Furnished,3,10048144,29577
Bairagarh,4,4,3162,Furnished,5,14240406,39077
Karond,2,3,851,Furnished,7,4250005,12224
Bawadiya Kalan,3,4,1271,Semi-Furnished,29,5739478,14100
sultaniya road,5,4,3030,Furnished,14,15749774,47204
Ayodhya bypass,1,1,589,Furnished,14,3155605,10588
Karond,4,3,2538,Furnished,6,12486735,36464
Vikas Nagar,2,2,1126,Unfurnished,28,7676591,24954
Avadhpuri,1,3,752,Semi-Furnished,6,3269466,11396
ibrahimpura,5,3,4868,Unfurnished,12,20944085,52762
VIP road,2,3,1170,Semi-Furnished,23,7584889,25842
Sonagiri,2,3,985,Semi-Furnished,14,4609058,11337
Lalghati,2,3,834,Furnished,19,3908021,11960
eidgah hills,4,2,2500,Unfurnished,25,15056617,51397
ibrahimpura,1,1,545,Semi-Furnished,13,2429909,5092
Arjun Nagar,2,1,1196,Semi-Furnished,1,7191538,23037
Arera Colony,5,3,3827,Semi-Furnished,6,28792025,92458
Service road,2,3,1175,Furnished,6,6776832,20903
Prabhat petrol pump,3,2,1207,Semi-Furnished,12,5866858,16965
Piplani,1,2,543,Unfurnished,29,3715198,10752
Avadhpuri,2,2,983,Semi-Furnished,8,4255237,13914
Kamla Nagar,4,2,3330,Furnished,3,17373494,52471
Barkheda,5,1,3559,Furnished,20,15736664,47792
Service road,4,4,2043,Furnished,27,11754561,37698
Kolar hills,4,4,2467,Furnished,0,12323612,37768
Anand nagar,2,3,949,Furnished,19,5437570,19790
Shivaji Nagar,5,3,4185,Semi-Furnished,18,25120994,81839
Bawadiya Kalan,1,2,566,Unfurnished,19,2507609,4967
Gandhi nagar,1,3,652,Unfurnished,24,3958324,16135
Anand nagar,2,2,949,Semi-Furnished,16,5535456,19348
New market,5,3,3610,Unfurnished,30,25279603,80626
Ratnagiri,4,1,2894,Semi-Furnished,2,13684973,39318
Gandhi nagar,5,3,3094,Semi-Furnished,7,19186556,71926
Gulmohar,1,2,797,Furnished,25,5137672,17855
kohefiza,1,4,768,Unfurnished,4,3555964,9831
Tajul masjid,1,2,529,Unfurnished,15,2930241,8300
Bittan Market,3,2,1840,Unfurnished,21,12869162,41476
Saket nagar,1,1,640,Furnished,15,4366854,16290
Chuna Bhatti,3,1,1602,Unfurnished,21,7453385,20479
Govindpura,4,1,2174,Furnished,18,11537172,35440
eidgah hills,5,3,4596,Semi-Furnished,28,27571654,93701
Narela,3,1,1453,Furnished,7,6274461,16406
Misrod,3,2,1933,Unfurnished,19,8044842,19698
Tajul masjid,2,2,948,Unfurnished,22,5298383,16954
Ratnagiri,3,1,1219,Semi-Furnished,25,5721624,17172
Nizamuddin colony,2,1,1078,Furnished,10,7078915,24287
Gandhi nagar,1,2,688,Semi-Furnished,19,4239388,16666
Bittan Market,3,2,1404,Semi-Furnished,4,9800413,29169
MP Nagar,4,3,2496,Semi-Furnished,22,19938281,60961
Gandhi nagar,3,1,1303,Furnished,10,7980210,28063
Anand nagar,2,3,978,Semi-Furnished,20,5701420,18948
Piplani,4,2,3124,Semi-Furnished,25,21771521,69924
Narela,1,4,581,Furnished,20,2439810,7102
Arjun Nagar,2,4,805,Semi-Furnished,12,4781057,14548
Kolar hills,1,1,718,Unfurnished,26,3591723,12480
Bawadiya Kalan,5,2,4452,Semi-Furnished,4,20090082,54333
Piplani,3,3,1223,Unfurnished,5,8640270,28810
Shanti Nagar,2,2,960,Semi-Furnished,2,5763264,17285
Bittan Market,5,3,3155,Unfurnished,0,22045886,68914
Bittan Market,1,2,635,Furnished,4,4404850,14206
MP Nagar,3,4,1846,Unfurnished,19,14814932,47631
Shanti Nagar,2,4,889,Semi-Furnished,26,5171300,18871
Sonagiri,1,2,454,Semi-Furnished,6,2080356,6235
VIP road,3,2,1216,Unfurnished,4,7814119,26548
Kolar Road,2,1,845,Semi-Furnished,10,4273633,11867
Prabhat petrol pump,4,1,3205,Unfurnished,18,15745986,44824
Roshanpura,2,2,968,Unfurnished,7,4602347,15360
ibrahimpura,3,4,1750,Semi-Furnished,12,7509663,20401
chuna bhatti,5,4,4239,Unfurnished,11,19967433,53882
Shivaji Nagar,3,3,1323,Furnished,7,7889041,28419
Kamla Nagar,2,2,893,Semi-Furnished,25,4584406,12583
Minal,3,3,1639,Semi-Furnished,29,7732694,23135
sultaniya road,4,1,2637,Semi-Furnished,3,13771952,43833
Chuna Bhatti,4,3,2183,Unfurnished,3,10171164,29279
Service road,2,4,1019,Unfurnished,1,5913978,18319
Kamla Nagar,2,1,1124,Unfurnished,26,5828404,16470
char Imli,2,2,929,Semi-Furnished,18,6195178,20048
Karond,4,4,2401,Unfurnished,24,11804608,31991
Roshanpura,2,3,891,Furnished,18,4336135,11945
Chuna Bhatti,3,1,1561,Unfurnished,29,7272991,19949
Gulmohar,5,1,3843,Semi-Furnished,17,24668769,82346
Bittan Market,2,2,976,Furnished,30,6865729,23132
Govindpura,1,1,658,Unfurnished,24,3493205,9599
Gulmohar,5,2,3399,Semi-Furnished,5,21848805,73010
Gulmohar,1,4,638,Semi-Furnished,17,4028745,14164
Ashoka garden,3,1,1928,Semi-Furnished,11,10053797,30265
ibrahimpura,4,4,2034,Semi-Furnished,3,8831875,23219
Nizamuddin colony,4,2,2098,Semi-Furnished,11,13718313,42522
Kolar hills,5,3,4736,Furnished,21,23641953,69445
Tajul masjid,1,3,521,Unfurnished,14,2877766,8467
Tajul masjid,4,3,2954,Furnished,22,16211165,53069
Ayodhya nagar,4,1,2300,Furnished,10,14296533,52873
Hoshangabad Road,5,1,3813,Semi-Furnished,5,19516733,58332
Ashoka garden,2,4,822,Unfurnished,17,4308215,11964
VIP road,2,4,1051,Semi-Furnished,23,6738922,23839
Avadhpuri,3,3,1449,Unfurnished,7,6290039,17798
kohefiza,2,2,1140,Furnished,17,5072287,12330
kohefiza,4,2,2855,Furnished,21,12758505,32435
chuna bhatti,2,4,835,Semi-Furnished,28,3918804,10317
Bawadiya Kalan,1,2,452,Unfurnished,12,1992751,4249
Kamla Nagar,1,1,631,Semi-Furnished,28,3229176,10228
Habibganj,4,2,2322,Furnished,17,12678377,43464
Indrapuri,3,3,1250,Furnished,27,5041694,13562
char Imli,5,1,4190,Semi-Furnished,13,27700690,86070
Nizamuddin colony,5,1,4775,Furnished,25,31013701,98626
Bittan Market,4,4,2348,Unfurnished,19,16445896,51876
sultaniya road,1,2,696,Furnished,13,3578319,9557
Habibganj,2,3,874,Furnished,14,4735553,16353
Bairagarh,1,2,778,Unfurnished,15,3598078,10212
Narela,4,1,2864,Semi-Furnished,10,12341468,29721
Ashoka garden,5,1,4186,Semi-Furnished,3,21829782,68715
Vijay nagar,2,3,994,Furnished,15,7116741,23018
VIP road,2,2,1181,Semi-Furnished,23,7655081,23301
Shyamla Hills,1,4,556,Semi-Furnished,26,4170056,14000
Ayodhya bypass,5,4,3516,Unfurnished,13,18680418,55994
New market,1,2,744,Unfurnished,30,5281366,16887
Shanti Nagar,4,3,2585,Furnished,22,15272825,49650
Nizamuddin colony,4,1,2306,Furnished,15,15074824,48593
jahangirabad,5,1,4468,Semi-Furnished,0,20617961,53816
Prabhat petrol pump,4,1,3014,Semi-Furnished,11,14688170,43851
Arera Colony,4,2,3006,Unfurnished,8,22618284,72422
Habibganj,1,3,727,Unfurnished,26,4013990,14297
ibrahimpura,4,4,2082,Furnished,12,9051332,21819
Misrod,2,2,904,Semi-Furnished,9,3862143,10599
Bairagarh,1,2,578,Furnished,30,2587112,6056
Gandhi nagar,3,4,1572,Semi-Furnished,12,9739713,35825
Gulmohar,4,3,3391,Semi-Furnished,5,21646692,70086
Ashoka garden,4,4,2370,Furnished,14,12270913,39465
Arera Colony,5,3,4135,Semi-Furnished,8,30993970,97357
Misrod,1,3,522,Semi-Furnished,10,2258340,7008
VIP road,4,3,2333,Semi-Furnished,13,15241134,47614
Misrod,2,1,1085,Furnished,21,4562141,11822
char Imli,1,3,501,Unfurnished,0,3406539,10720
Ashoka garden,4,3,2479,Furnished,11,12923835,41575
MP Nagar,5,4,4852,Unfurnished,19,38828109,120733
Piplani,5,4,3224,Furnished,25,22531707,70780
Prabhat petrol pump,4,1,2933,Semi-Furnished,0,14278543,41412
eidgah hills,3,1,1246,Furnished,15,7493761,22926
char Imli,2,3,965,Semi-Furnished,27,6361146,20864
Service road,2,2,958,Furnished,0,5585789,17837
Prabhat petrol pump,2,1,1156,Unfurnished,9,5721103,16891
Ashoka garden,5,3,4848,Unfurnished,5,25149822,75692
Bittan Market,2,3,1080,Furnished,6,7471876,22514
sultaniya road,3,2,1848,Unfurnished,27,9635825,28386
Shanti Nagar,3,4,1700,Unfurnished,20,9959863,31571
Gulmohar,4,2,3327,Unfurnished,5,21203679,68410
Ratnagiri,5,3,4387,Semi-Furnished,17,20623617,58263
Arjun Nagar,3,4,1638,Furnished,29,9833588,32715
Bittan Market,4,4,2378,Semi-Furnished,24,16692455,50373
ibrahimpura,5,3,3707,Semi-Furnished,14,15914732,39728
char Imli,5,1,4098,Unfurnished,16,26953570,84782
Nizamuddin colony,4,1,2567,Unfurnished,25,16692649,53551
Habibganj,1,3,715,Furnished,10,3875473,12494
Arera Colony,2,4,1036,Semi-Furnished,26,7731850,24379
Sonagiri,3,3,1330,Unfurnished,9,6099612,15067
Tajul masjid,3,1,1487,Unfurnished,30,8115018,28408
Ayodhya bypass,5,2,4884,Furnished,16,25984920,77957
New market,2,2,843,Semi-Furnished,9,5882595,19018
Bittan Market,4,2,3055,Furnished,19,21428461,65606
Barkheda,2,3,948,Unfurnished,19,4124001,10878
Anand nagar,3,3,1624,Semi-Furnished,9,9327261,31758
Ayodhya bypass,3,1,1557,Semi-Furnished,29,8196099,26882
Nizamuddin colony,2,4,1123,Semi-Furnished,27,7379282,22925
Lalghati,3,4,1376,Unfurnished,25,6648213,18517
Nizamuddin colony,4,3,2217,Unfurnished,19,14368410,47008
Service road,2,4,1147,Unfurnished,27,6675387,22827
kohefiza,5,2,4020,Semi-Furnished,26,18055024,46926
ibrahimpura,1,3,484,Unfurnished,6,2108032,4480
Shivaji Nagar,3,1,1636,Unfurnished,12,9806741,30910
Govindpura,2,4,895,Unfurnished,20,4786800,15507
Shyamla Hills,1,4,446,Unfurnished,3,3339027,12888
Avadhpuri,5,3,3766,Semi-Furnished,3,16491097,49522
Lalghati,5,4,4910,Semi-Furnished,12,23582681,69952
VIP road,5,3,3202,Semi-Furnished,19,20794100,67579
char Imli,1,3,613,Semi-Furnished,18,4029527,12475
Shyamla Hills,4,4,3345,Semi-Furnished,7,25176661,83357
Ayodhya nagar,4,2,3444,Unfurnished,7,21437591,79975
Vijay nagar,3,3,1612,Furnished,15,11587321,40612
Nizamuddin colony,4,3,2027,Semi-Furnished,18,13218559,44081
sultaniya road,1,4,667,Semi-Furnished,12,3420966,12182
Shanti Nagar,4,2,2955,Unfurnished,3,17368907,54848
Kolar hills,3,4,1894,Furnished,13,9465879,29690
Gandhi nagar,4,4,3007,Semi-Furnished,3,18694233,71100
Shivaji Nagar,2,4,964,Semi-Furnished,25,5736205,19134
Tajul masjid,5,2,3278,Semi-Furnished,17,18093522,58281
Bittan Market,3,3,1324,Furnished,29,9350600,30347
ibrahimpura,2,4,980,Furnished,6,4216810,11150
jahangirabad,3,1,1302,Furnished,20,5987533,14644
Kamla Nagar,3,2,1381,Furnished,29,7259557,21053
Ayodhya nagar,3,2,1819,Unfurnished,17,11285866,40250
Avadhpuri,3,4,1995,Unfurnished,19,8685446,24711
Habibganj,5,3,3875,Unfurnished,8,21268463,69761
MP Nagar,4,3,2266,Semi-Furnished,13,18032600,55888
Minal,2,4,983,Semi-Furnished,11,4712864,13630
Indrapuri,5,3,4694,Furnished,12,18778050,46468
Ayodhya nagar,5,2,4012,Unfurnished,13,24815589,90959
Nizamuddin colony,4,1,2243,Semi-Furnished,27,14644929,46015
Bairagarh,1,2,544,Furnished,19,2379710,5358
Shanti Nagar,3,1,1238,Unfurnished,25,7348504,22470
Service road,5,4,4936,Semi-Furnished,13,28725636,92427
Prabhat petrol pump,2,2,1057,Unfurnished,26,5166508,15508
Gulmohar,1,3,765,Unfurnished,9,4919111,14350
Avadhpuri,5,1,4959,Semi-Furnished,23,21876448,63974
Tajul masjid,2,2,1066,Unfurnished,14,5923784,20709
chuna bhatti,4,2,2331,Furnished,20,10989865,30880
Avadhpuri,4,1,2085,Unfurnished,28,9204524,26356
Misrod,3,1,1718,Unfurnished,18,7129633,18226
Avadhpuri,5,1,3077,Furnished,20,13531233,41336
Shyamla Hills,5,1,4486,Unfurnished,3,33719576,110343
kohefiza,4,2,3408,Furnished,16,15382047,41554
Hoshangabad Road,4,2,2299,Furnished,29,11705369,36226
New market,3,4,1312,Furnished,3,9215476,28512
jahangirabad,4,2,3105,Semi-Furnished,30,14349169,36238
Kolar Road,3,4,1832,Unfurnished,22,9248550,26351
Ashoka garden,4,4,3239,Semi-Furnished,4,16844861,51273
Chuna Bhatti,2,1,1116,Furnished,29,5283309,13835
Ratnagiri,3,2,1777,Semi-Furnished,7,8282827,24605
char Imli,4,4,2128,Unfurnished,15,13988336,46251
Misrod,4,4,2444,Semi-Furnished,17,10330904,27782
Kamla Nagar,2,4,1101,Unfurnished,5,5795406,19356
Gandhi nagar,1,1,503,Unfurnished,25,3128162,12630
Tajul masjid,2,1,1095,Unfurnished,29,5970699,20846
chuna bhatti,3,1,1822,Semi-Furnished,15,8605587,22086
Ratnagiri,1,2,553,Unfurnished,14,2651365,6851
Kolar Road,5,4,3082,Semi-Furnished,17,15455681,47918
jahangirabad,1,4,504,Unfurnished,22,2358521,7865
Bittan Market,3,3,1481,Unfurnished,1,10270070,33009
Piplani,2,2,1053,Furnished,18,7386874,21758
New market,5,3,3611,Unfurnished,30,25294553,78206
ibrahimpura,3,2,1712,Furnished,30,7393684,17781
Shivaji Nagar,1,3,493,Semi-Furnished,13,3013287,9550
Chuna Bhatti,1,2,702,Semi-Furnished,0,3379470,7211
Ayodhya nagar,3,2,1316,Furnished,28,8086786,30404
Lalghati,3,4,1985,Semi-Furnished,2,9614975,28507
chuna bhatti,2,2,1072,Semi-Furnished,5,5102875,12436
Shanti Nagar,1,3,423,Furnished,14,2586997,8519
Chuna Bhatti,3,1,1357,Semi-Furnished,3,6451985,16691
Barkheda,2,3,834,Unfurnished,16,3738326,9697
chuna bhatti,1,4,445,Furnished,18,2178044,7360
New market,4,1,2174,Unfurnished,4,15188110,45853
Avadhpuri,2,3,975,Semi-Furnished,25,4235918,11403
Vikas Nagar,2,3,1189,Unfurnished,16,8047828,25936
ibrahimpura,2,3,907,Semi-Furnished,10,3914905,8334
Hoshangabad Road,3,1,1272,Furnished,15,6532918,17676
Gandhi nagar,1,4,792,Unfurnished,29,4872409,16434
Arera Colony,5,1,4531,Furnished,26,34048887,107333
Saket nagar,5,3,4396,Furnished,25,29856511,100562
Ratnagiri,3,2,1986,Unfurnished,5,9251218,24153
Ratnagiri,3,4,1455,Furnished,9,6832780,19450
char Imli,4,1,3198,Unfurnished,19,21205474,68181
Nizamuddin colony,3,2,1705,Unfurnished,0,11180909,33854
New market,4,4,3332,Semi-Furnished,30,23277041,74256
Indrapuri,4,2,3266,Furnished,22,12984212,33266
sultaniya road,3,2,1864,Semi-Furnished,16,9627263,28260
Anand nagar,5,3,3851,Unfurnished,1,22313956,74971
char Imli,3,2,1906,Furnished,5,12492022,40864
New market,1,3,669,Unfurnished,22,4781286,12758
Roshanpura,1,3,593,Furnished,26,2785660,7778
Gulmohar,4,2,2115,Furnished,15,13628804,45764
Ayodhya nagar,3,2,1788,Furnished,21,11078396,42836
Vijay nagar,1,2,418,Semi-Furnished,30,2938404,8775
kohefiza,4,1,2019,Unfurnished,17,9027953,25557
Govindpura,1,3,444,Furnished,3,2355068,5526
Tajul masjid,1,3,670,Semi-Furnished,18,3777964,13396
Piplani,2,4,1180,Semi-Furnished,19,8168564,25615
jahangirabad,1,2,768,Furnished,14,3566605,11036
Gandhi nagar,1,2,606,Unfurnished,18,3728397,15229
Gulmohar,2,3,923,Semi-Furnished,11,5867587,18418
Vikas Nagar,3,1,1340,Unfurnished,28,9036931,30911
VIP road,2,1,1178,Semi-Furnished,18,7744784,23151
Ratnagiri,4,2,2070,Furnished,21,9801618,28315
Govindpura,1,3,770,Furnished,25,4101926,10933
Kamla Nagar,4,2,2035,Furnished,22,10533775,31404
Saket nagar,1,2,457,Semi-Furnished,1,3145626,10124
Kolar hills,4,2,2738,Unfurnished,13,13669334,42261
jahangirabad,4,4,2793,Semi-Furnished,23,12918690,33440
Misrod,2,1,944,Unfurnished,22,3937330,8945
Ashoka garden,3,2,1819,Semi-Furnished,24,9381227,30690
Chuna Bhatti,2,3,884,Semi-Furnished,12,4205360,13134
Avadhpuri,3,1,1794,Unfurnished,1,7973043,22807
chuna bhatti,5,3,4935,Furnished,16,23148420,63706
kohefiza,1,3,489,Furnished,9,2183771,5925
Ashoka garden,3,1,1388,Furnished,7,7291332,21389
MP Nagar,2,3,1061,Unfurnished,7,8565447,27642
Avadhpuri,3,1,1873,Furnished,0,8287703,22362
Shanti Nagar,4,2,3453,Furnished,3,20301243,65413
Avadhpuri,2,3,962,Unfurnished,12,4304457,12539
Lalghati,1,4,704,Unfurnished,25,3299812,7877
Ayodhya nagar,4,1,3170,Semi-Furnished,10,19741148,74344
Shyamla Hills,4,3,2387,Furnished,18,17914369,60292
Bittan Market,3,2,1946,Semi-Furnished,11,13710931,44695
char Imli,5,4,4282,Furnished,9,28262264,91418
Kolar hills,3,1,1953,Semi-Furnished,30,9668198,30557
Prabhat petrol pump,2,2,1002,Unfurnished,1,4967407,13362
Ayodhya bypass,1,4,778,Semi-Furnished,16,4028704,13126
Anand nagar,1,2,760,Furnished,14,4434955,14952
Gandhi nagar,2,1,999,Semi-Furnished,25,6246736,22038
kohefiza,5,1,3137,Unfurnished,14,14042118,36123
Habibganj,4,1,3143,Unfurnished,29,17260759,58233
Vikas Nagar,5,1,3591,Semi-Furnished,22,24397032,82128
sultaniya road,4,2,2485,Semi-Furnished,2,12928454,38455
kohefiza,2,1,888,Unfurnished,8,3998860,12232
kohefiza,4,4,2251,Semi-Furnished,24,10201239,27175
Roshanpura,2,2,995,Furnished,12,4723911,15334
Arjun Nagar,5,4,3709,Unfurnished,8,22286908,73293
Vikas Nagar,4,3,3195,Semi-Furnished,28,21714426,72087
chuna bhatti,2,3,986,Semi-Furnished,7,4701324,14117
Arjun Nagar,1,1,500,Unfurnished,7,2950155,11583
Barkheda,4,2,3225,Furnished,9,14172022,40083
Karond,1,2,661,Unfurnished,29,3158815,7279
Shanti Nagar,3,2,1465,Unfurnished,24,8727854,28733
Karond,4,1,2412,Furnished,10,11900344,33962
VIP road,3,3,1228,Furnished,16,7931761,25783
Nizamuddin colony,5,2,4384,Unfurnished,11,28486618,90261
Ayodhya bypass,2,4,860,Semi-Furnished,11,4561620,14725
MP Nagar,5,4,3660,Unfurnished,3,29303342,93304
Narela,4,2,2167,Semi-Furnished,17,9336569,24073
Ashoka garden,2,1,1127,Furnished,25,5830588,17239
Kolar hills,3,4,1313,Semi-Furnished,5,6618335,20804
Ayodhya bypass,1,2,698,Unfurnished,1,3602749,10638
Habibganj,5,1,3233,Unfurnished,6,17815735,59127
ibrahimpura,1,4,719,Unfurnished,8,3104664,9083
Shivaji Nagar,1,1,693,Semi-Furnished,3,4070228,12583
Tajul masjid,4,4,2287,Furnished,19,12653914,40041
Kamla Nagar,5,3,4489,Unfurnished,30,23391167,73500
chuna bhatti,5,2,4763,Furnished,19,22390776,61188
Hoshangabad Road,1,1,762,Semi-Furnished,30,3887325,13091
eidgah hills,4,1,2963,Furnished,13,17687875,58364
Arjun Nagar,2,1,1003,Furnished,29,5980352,20509
Vikas Nagar,1,3,660,Furnished,21,4442087,16383
New market,1,3,669,Semi-Furnished,26,4762427,13538
Gandhi nagar,1,4,492,Furnished,17,3136260,12635
VIP road,5,2,3663,Unfurnished,14,23902338,75413
Piplani,5,4,3421,Semi-Furnished,9,24027051,76489
Gulmohar,1,4,509,Unfurnished,6,3293821,11618
Nizamuddin colony,4,4,2347,Furnished,14,15285109,49459
Piplani,2,4,1093,Semi-Furnished,29,7707475,24440
chuna bhatti,5,1,3446,Semi-Furnished,30,16260318,43587
jahangirabad,4,1,3202,Semi-Furnished,11,14663051,38482
MP Nagar,2,1,1083,Semi-Furnished,9,8722479,26465
Habibganj,5,4,3924,Semi-Furnished,2,21649389,72357
char Imli,1,3,639,Unfurnished,19,4249408,15164
Bittan Market,1,2,465,Semi-Furnished,27,3175028,9078
ibrahimpura,2,4,955,Semi-Furnished,14,4114225,9735
Narela,5,4,3407,Semi-Furnished,28,14618817,36646
Karond,4,2,2274,Semi-Furnished,23,11124356,32695
Hoshangabad Road,2,4,979,Unfurnished,10,5003016,12741
Kolar hills,5,2,4886,Semi-Furnished,18,24350417,74066
Arera Colony,4,1,2967,Furnished,29,22273662,72286
Shyamla Hills,5,2,3638,Semi-Furnished,27,27334555,89673
Ayodhya nagar,5,2,4647,Semi-Furnished,18,28832490,107829
Sonagiri,3,3,1796,Furnished,30,8162390,21611
Shanti Nagar,2,2,1010,Semi-Furnished,16,5979304,19084
New market,1,4,571,Unfurnished,20,4083881,12206
Piplani,2,4,972,Unfurnished,27,6844413,21712
Tajul masjid,1,4,482,Unfurnished,1,2679289,7703
Ayodhya bypass,1,3,460,Unfurnished,1,2364649,9316
Service road,2,3,1022,Furnished,9,5922664,20051
Avadhpuri,1,3,742,Unfurnished,28,3313620,9793
Karond,5,3,3764,Semi-Furnished,28,18529097,52162
Tajul masjid,2,3,905,Furnished,21,5002960,15769
Saket nagar,5,2,3395,Semi-Furnished,30,22990303,76136
Arera Colony,5,3,4623,Furnished,27,34764686,112515
Arjun Nagar,4,4,2475,Furnished,16,14873494,47824
Shanti Nagar,2,2,827,Furnished,23,4853867,13721
MP Nagar,5,2,4205,Semi-Furnished,24,33733064,103888
Vijay nagar,3,1,1284,Semi-Furnished,3,9172383,29232
Narela,3,2,1705,Semi-Furnished,26,7393797,19896
eidgah hills,2,3,1036,Semi-Furnished,23,6292296,22506
Bawadiya Kalan,1,1,780,Furnished,24,3525068,8810
Tajul masjid,1,2,456,Semi-Furnished,6,2553520,7568
Bittan Market,3,2,1557,Furnished,28,10909858,32905
Bawadiya Kalan,2,4,1052,Semi-Furnished,22,4824430,11346
Kolar hills,2,3,943,Unfurnished,4,4750128,13335
Narela,1,4,472,Unfurnished,26,2068122,4496
Hoshangabad Road,5,4,4128,Furnished,8,20965945,62659
chuna bhatti,1,3,406,Furnished,30,1894176,3674
Sonagiri,4,2,2251,Semi-Furnished,9,10278597,25798
Service road,4,3,2647,Furnished,20,15368563,50309
Shyamla Hills,4,4,2951,Furnished,6,22178952,73620
kohefiza,4,4,3397,Unfurnished,11,15257128,40562
Lalghati,3,2,1421,Unfurnished,23,6722335,21397
Sonagiri,2,4,975,Furnished,18,4522131,11245
Avadhpuri,2,3,983,Furnished,16,4282642,12510
Vijay nagar,3,3,1419,Semi-Furnished,20,10210633,32927
Bairagarh,1,2,487,Furnished,22,2097972,4321
Ashoka garden,3,2,1476,Semi-Furnished,9,7632546,23693
Barkheda,3,4,1586,Semi-Furnished,6,6981529,18837
Barkheda,5,2,3588,Unfurnished,1,15861466,46596
Bawadiya Kalan,5,4,4670,Unfurnished,21,20946477,56162
Arera Colony,5,3,4584,Furnished,3,34471681,110415
kohefiza,5,3,4671,Furnished,1,21062719,54898
Roshanpura,2,4,927,Unfurnished,17,4368528,11923
Misrod,5,2,3552,Semi-Furnished,10,15017396,38228
Service road,4,1,2875,Semi-Furnished,10,16729600,56488
Chuna Bhatti,1,3,452,Unfurnished,0,2124671,6996
Anand nagar,4,1,3331,Unfurnished,27,19279339,62326
Gulmohar,1,3,734,Furnished,6,4689276,14611
Kolar hills,3,3,1740,Semi-Furnished,25,8712924,27877
Chuna Bhatti,5,1,4163,Unfurnished,29,19489719,53724
sultaniya road,4,1,2742,Furnished,27,14293073,42908
Misrod,3,3,1205,Furnished,22,4995921,13284
Habibganj,2,2,1137,Furnished,12,6240583,19280
Vijay nagar,4,2,2886,Semi-Furnished,28,20790693,71071
Barkheda,3,3,1440,Semi-Furnished,7,6311106,20427
Gulmohar,3,1,1569,Unfurnished,7,9950126,34736
Nizamuddin colony,5,2,4528,Semi-Furnished,24,29438325,94794
Gulmohar,4,1,2171,Semi-Furnished,26,13841074,45987
eidgah hills,3,2,1694,Furnished,19,10222668,34683
Shivaji Nagar,2,1,1193,Semi-Furnished,13,7062316,23509
Lalghati,5,4,4275,Furnished,29,20470417,58415
Prabhat petrol pump,3,3,1658,Furnished,22,8139626,22254
Bawadiya Kalan,2,1,1120,Furnished,26,4960577,14296
Kolar hills,4,3,2493,Furnished,18,12416880,39043
eidgah hills,3,1,1557,Furnished,15,9409033,30992
Kolar hills,5,4,4232,Furnished,5,21176203,62885
Karond,1,3,536,Semi-Furnished,11,2632868,5987
Ayodhya nagar,2,3,1016,Unfurnished,30,6313501,23210
Ayodhya bypass,4,4,2097,Semi-Furnished,28,11176416,32673
Ayodhya nagar,3,2,1687,Furnished,17,10531224,40643
Gandhi nagar,2,2,1088,Semi-Furnished,8,6831610,25280
Kamla Nagar,3,4,1430,Furnished,24,7428634,22723
Ratnagiri,1,3,715,Furnished,2,3430968,7950
Gandhi nagar,5,4,3903,Unfurnished,22,24221531,89235
MP Nagar,4,2,3034,Semi-Furnished,29,24348898,74004
Ayodhya bypass,2,1,887,Unfurnished,15,4637197,14593
ibrahimpura,1,3,571,Unfurnished,15,2433669,7852
New market,2,2,805,Semi-Furnished,13,5546341,15834
Avadhpuri,2,2,950,Unfurnished,25,4244611,13096
Ayodhya nagar,1,4,514,Semi-Furnished,11,3114301,12614
Ayodhya nagar,2,1,1031,Semi-Furnished,14,6439703,21802
Roshanpura,4,4,2349,Semi-Furnished,9,11303572,33081
Govindpura,5,1,4393,Furnished,24,23241827,70580
New market,3,3,1817,Semi-Furnished,27,12689522,41115
Bawadiya Kalan,2,2,1003,Furnished,25,4422216,12833
ibrahimpura,4,3,3030,Unfurnished,30,12985829,32780
Vikas Nagar,5,3,4563,Unfurnished,9,30973707,104654
Ratnagiri,5,1,4162,Unfurnished,18,19591784,54332
Bawadiya Kalan,3,3,1695,Unfurnished,30,7556462,18719
Bittan Market,3,4,1708,Unfurnished,17,12050057,37784
kohefiza,1,4,682,Semi-Furnished,0,3110029,7223
Kamla Nagar,4,2,2226,Furnished,26,11609226,36329
ibrahimpura,5,3,4866,Unfurnished,11,20979368,52054
Lalghati,4,1,2600,Unfurnished,6,12482479,35563
char Imli,5,3,3938,Unfurnished,7,25931939,81740
Govindpura,4,1,2128,Semi-Furnished,22,11357119,32300
eidgah hills,4,4,2243,Unfurnished,0,13528106,45574
Kamla Nagar,1,2,658,Semi-Furnished,7,3338727,11412
Ratnagiri,4,3,2159,Furnished,4,10172145,28395
Vijay nagar,5,4,4710,Semi-Furnished,12,33841619,112584
Shivaji Nagar,3,2,1338,Furnished,21,8010473,24873
Saket nagar,4,1,3019,Semi-Furnished,26,20602865,69027
ibrahimpura,5,3,3863,Semi-Furnished,3,16645286,44114
Hoshangabad Road,5,1,3306,Semi-Furnished,8,16815961,49422
Chuna Bhatti,1,2,701,Semi-Furnished,7,3307067,10281
Chuna Bhatti,2,1,809,Unfurnished,8,3797358,8579
chuna bhatti,3,2,1463,Furnished,12,6957139,20804
Gandhi nagar,3,1,1400,Semi-Furnished,29,8702425,31065
Gandhi nagar,2,3,1154,Semi-Furnished,7,7082545,24588
Minal,5,2,4603,Furnished,17,21542026,60039
Ayodhya nagar,5,1,4095,Semi-Furnished,18,25327075,92657
Avadhpuri,5,3,4116,Furnished,16,18075757,53516
Chuna Bhatti,3,1,1282,Semi-Furnished,25,5939499,17810
kohefiza,4,3,2913,Semi-Furnished,2,13159536,36746
Gulmohar,3,2,1482,Unfurnished,18,9388537,29796
jahangirabad,3,1,1240,Semi-Furnished,17,5713621,15577
Kolar hills,4,3,2882,Furnished,15,14354970,45046
MP Nagar,5,1,3352,Furnished,14,26886496,84476
Sonagiri,3,3,1752,Unfurnished,4,7993667,21313
chuna bhatti,2,1,856,Furnished,6,4005227,10606
Roshanpura,3,4,1785,Unfurnished,30,8545332,25452
Lalghati,2,4,829,Semi-Furnished,4,3986150,12789
Anand nagar,4,4,2397,Semi-Furnished,8,13811724,46916
Misrod,2,2,987,Unfurnished,29,4228737,11157
Piplani,1,1,470,Unfurnished,14,3333994,12137
Arera Colony,2,2,1117,Semi-Furnished,4,8399845,27981
Ratnagiri,1,4,436,Semi-Furnished,10,1955985,6903
Bittan Market,3,2,1794,Semi-Furnished,14,12629573,39055
Service road,5,4,3876,Semi-Furnished,20,22553405,73436
Bawadiya Kalan,3,3,1445,Semi-Furnished,14,6417068,17063
Hoshangabad Road,2,3,1157,Semi-Furnished,23,5887445,18743
sultaniya road,3,4,1547,Unfurnished,20,7956443,23629
Chuna Bhatti,5,4,3425,Furnished,25,16040484,43701
Govindpura,4,1,2459,Semi-Furnished,9,13020575,37708
Shivaji Nagar,3,1,1335,Furnished,19,7970177,25114
Service road,4,3,3185,Furnished,8,18409352,60608
Vijay nagar,5,1,4610,Semi-Furnished,13,33103048,109473
Vijay nagar,4,2,3095,Unfurnished,14,22190228,75199
Kolar Road,5,1,4392,Semi-Furnished,19,21937338,65494
chuna bhatti,3,1,1480,Unfurnished,4,6989152,18956
VIP road,3,3,1463,Semi-Furnished,28,9418487,30289
Habibganj,3,1,1925,Unfurnished,7,10535567,33117
Ayodhya bypass,2,1,1014,Semi-Furnished,3,5431597,14688
Vijay nagar,3,1,1959,Furnished,28,14089816,46519
Sonagiri,5,2,4081,Furnished,6,18699534,47127
Shivaji Nagar,1,4,799,Semi-Furnished,15,4716269,15715
sultaniya road,3,1,1847,Unfurnished,30,9673891,28536
Avadhpuri,3,3,1451,Unfurnished,22,6396359,17263
Habibganj,2,1,1051,Furnished,29,5834214,19902
Bairagarh,1,4,571,Furnished,18,2515019,6466
Anand nagar,1,4,671,Semi-Furnished,8,3833496,14738
Bittan Market,3,2,1951,Furnished,16,13718075,41494
char Imli,3,2,1363,Unfurnished,29,9087075,30322
Kolar Road,2,2,1002,Unfurnished,21,5035637,13765
Bittan Market,2,2,885,Unfurnished,5,6211811,20344
Barkheda,3,4,1326,Furnished,16,5766630,15521
Chuna Bhatti,2,3,831,Unfurnished,24,3882017,11718
Indrapuri,5,2,3494,Unfurnished,30,13950274,34192
Saket nagar,2,1,947,Semi-Furnished,8,6342367,22573
Ayodhya bypass,3,1,1299,Furnished,29,6889834,20497
Arjun Nagar,5,1,4153,Unfurnished,24,24862318,84602
Sonagiri,4,3,2877,Semi-Furnished,14,13268391,35088
Vijay nagar,3,4,1299,Unfurnished,18,9278437,31545
Karond,1,4,702,Furnished,12,3483720,11097
Bittan Market,3,4,1678,Unfurnished,8,11679622,35155
Arera Colony,4,3,2649,Unfurnished,7,19865345,65488
Narela,4,4,3169,Furnished,6,13677322,34810
Avadhpuri,1,4,462,Furnished,24,2063422,4058
Shivaji Nagar,4,4,3108,Unfurnished,20,18592112,60347
Chuna Bhatti,4,3,2906,Semi-Furnished,26,13681999,36452
Anand nagar,4,1,3018,Unfurnished,30,17554399,58113
Chuna Bhatti,3,4,1359,Furnished,8,6389378,17312
Ayodhya bypass,5,2,4955,Furnished,8,26191967,80162
Ayodhya bypass,1,4,547,Furnished,1,2800207,7333
Karond,2,1,1037,Semi-Furnished,2,5130501,15549
Kolar hills,3,3,1676,Unfurnished,1,8370998,26526
Sonagiri,3,3,1718,Unfurnished,22,7904468,20091
Anand nagar,5,4,4348,Unfurnished,19,25130118,82136
Ayodhya nagar,1,4,503,Furnished,13,3049618,11622
Bittan Market,1,1,512,Semi-Furnished,19,3625434,10738
Ashoka garden,4,3,2495,Furnished,14,12989530,40923
Bawadiya Kalan,5,3,4046,Semi-Furnished,3,18232965,48371
Kolar Road,2,1,944,Unfurnished,21,4782361,14171
jahangirabad,4,3,3210,Semi-Furnished,20,14823841,38486
Shivaji Nagar,1,2,470,Unfurnished,4,2855261,9154
Misrod,5,1,3816,Semi-Furnished,22,15947539,43226
chuna bhatti,5,4,3884,Semi-Furnished,5,18173347,49458
Narela,3,3,1610,Furnished,10,7015437,16987
VIP road,3,2,1337,Furnished,27,8673934,26963
Chuna Bhatti,3,4,1357,Unfurnished,17,6364494,19360
Chuna Bhatti,3,2,1868,Unfurnished,7,8791313,24641
Kamla Nagar,4,3,2834,Unfurnished,25,14647057,43834
Ratnagiri,3,2,1200,Furnished,25,5644861,15704
New market,5,1,3860,Semi-Furnished,4,27071777,84331
eidgah hills,4,1,3453,Semi-Furnished,22,20642289,69104
Kolar Road,4,3,3233,Furnished,28,16257980,46503
Bittan Market,5,1,3755,Furnished,18,26353208,81179
Kolar hills,1,1,449,Unfurnished,29,2162877,8554
Kolar Road,5,1,4019,Furnished,1,20017627,59378
MP Nagar,3,3,1769,Semi-Furnished,3,14168849,45811
Hoshangabad Road,4,2,3266,Unfurnished,19,16566310,49961
Vikas Nagar,3,4,1359,Furnished,11,9213635,32155
Tajul masjid,1,2,603,Semi-Furnished,3,3378110,9160
Indrapuri,2,2,813,Semi-Furnished,6,3241117,7184
jahangirabad,2,4,1149,Unfurnished,10,5195783,12409
eidgah hills,5,1,3648,Semi-Furnished,3,21849479,73949
Arjun Nagar,1,2,549,Unfurnished,24,3217820,9280
Avadhpuri,2,3,1003,Furnished,7,4366387,13910
Narela,4,1,3464,Unfurnished,16,14950646,37907
Roshanpura,5,2,4818,Furnished,4,23051183,67822
eidgah hills,5,1,4300,Furnished,4,25882787,85298
Shanti Nagar,2,4,1136,Furnished,19,6747537,22064
chuna bhatti,4,1,2448,Unfurnished,26,11597819,32543
VIP road,5,1,4091,Unfurnished,15,26549895,85406
char Imli,1,4,495,Furnished,3,3306385,10029
Ayodhya bypass,3,3,1783,Furnished,11,9520948,27514
Ayodhya nagar,3,4,1449,Semi-Furnished,28,8951377,34205
Gandhi nagar,1,1,682,Furnished,22,4161232,14043
Shanti Nagar,2,4,960,Furnished,29,5670452,18388
ibrahimpura,3,2,1259,Semi-Furnished,23,5401510,14066
VIP road,1,3,643,Unfurnished,18,4094118,14119
chuna bhatti,1,4,619,Furnished,8,2838033,7376
Kolar Road,5,3,4777,Unfurnished,19,23885353,72307
char Imli,2,1,1088,Semi-Furnished,18,7139758,23215
Kolar hills,5,1,4697,Unfurnished,12,23471759,70855
Ratnagiri,3,4,1297,Furnished,25,6008141,16104
char Imli,4,1,2723,Semi-Furnished,17,17983802,57148
Govindpura,5,1,3922,Semi-Furnished,21,20731576,64272
Shanti Nagar,2,2,1122,Semi-Furnished,12,6591661,20227
Shivaji Nagar,2,1,1067,Furnished,14,6458485,19365
Lalghati,5,2,3188,Furnished,23,15385734,45456
Shanti Nagar,4,1,3119,Unfurnished,6,18334306,59409
Govindpura,3,1,1410,Semi-Furnished,27,7551042,22780
chuna bhatti,3,1,1782,Semi-Furnished,0,8369276,24387
char Imli,5,3,4734,Unfurnished,24,31172798,98954
Minal,3,1,1927,Semi-Furnished,10,9098420,23355
Ayodhya nagar,5,4,3135,Semi-Furnished,16,19413785,72018
Barkheda,5,3,3033,Unfurnished,11,13278685,40486
Lalghati,2,2,823,Furnished,20,4032741,9871
Roshanpura,4,3,2776,Furnished,20,13364176,39766
Ayodhya bypass,3,3,1365,Semi-Furnished,18,7318368,22218
Ratnagiri,4,3,2022,Unfurnished,25,9516477,24822
Shanti Nagar,1,1,404,Furnished,28,2295417,9016
VIP road,5,3,3162,Semi-Furnished,18,20465414,64714
kohefiza,4,1,2045,Semi-Furnished,10,9206091,24107
chuna bhatti,3,2,1852,Semi-Furnished,21,8690689,24720
Lalghati,4,4,2449,Semi-Furnished,7,11675906,34035
Arjun Nagar,1,2,579,Semi-Furnished,28,3425943,11425
Govindpura,3,2,1267,Furnished,22,6683925,19657
Kolar Road,5,2,3259,Furnished,7,16335299,48071
Bawadiya Kalan,1,4,755,Furnished,17,3464274,10065
Ratnagiri,3,1,1912,Furnished,17,9044274,26771
Indrapuri,3,4,1912,Unfurnished,19,7550291,17383
Kamla Nagar,2,4,1144,Semi-Furnished,10,5913940,18049
Piplani,4,1,2512,Unfurnished,30,17634190,54302
Vijay nagar,5,1,3549,Semi-Furnished,6,25477174,83290
Vikas Nagar,3,1,1587,Semi-Furnished,2,10776425,38051
Roshanpura,3,2,1755,Furnished,15,8443623,25501
Chuna Bhatti,4,3,2607,Furnished,10,12204308,32004
Roshanpura,2,2,970,Furnished,21,4665079,14582
chuna bhatti,2,1,1157,Semi-Furnished,6,5361090,13301
Kolar Road,1,1,456,Furnished,12,2265322,7498
Saket nagar,4,4,2691,Furnished,20,18299879,62986
Ayodhya bypass,1,3,439,Semi-Furnished,21,2289263,6179
Anand nagar,1,1,713,Semi-Furnished,14,4163041,12683
Chuna Bhatti,1,3,755,Furnished,17,3607328,10458
Narela,4,1,3332,Semi-Furnished,27,14425599,37107
Ratnagiri,4,1,2047,Semi-Furnished,8,9599712,28176
Gandhi nagar,5,4,3686,Semi-Furnished,10,22892358,84988
Gandhi nagar,2,1,957,Semi-Furnished,1,6016847,23842
Kamla Nagar,3,1,1986,Semi-Furnished,2,10295069,32176
eidgah hills,4,4,2664,Semi-Furnished,13,16068025,53116
Roshanpura,4,1,2728,Furnished,26,13180622,37688
Kolar hills,4,3,2038,Furnished,20,10272654,31639
Arjun Nagar,4,2,2008,Furnished,12,12016037,39202
Service road,4,3,3044,Semi-Furnished,27,17656544,59571
MP Nagar,4,3,2106,Furnished,16,16754627,52203
jahangirabad,4,2,2087,Furnished,8,9505181,24372
Tajul masjid,1,1,573,Unfurnished,25,3219921,9012
Shivaji Nagar,1,1,532,Unfurnished,10,3232832,10097
Kolar hills,1,1,455,Unfurnished,24,2241645,6698
Ashoka garden,5,2,4672,Semi-Furnished,24,24250780,75520
Karond,1,2,443,Semi-Furnished,12,2148280,7707
Arjun Nagar,5,1,3036,Furnished,24,18187040,59897
Gandhi nagar,1,4,744,Semi-Furnished,11,4683874,17244
Kamla Nagar,5,3,3200,Unfurnished,5,16640129,51186
Service road,3,4,1229,Unfurnished,11,7041865,22623
chuna bhatti,3,1,1568,Furnished,28,7317161,21426
Govindpura,2,4,820,Semi-Furnished,1,4272450,12995
Lalghati,2,2,1198,Furnished,20,5745358,15864
Minal,5,3,3252,Unfurnished,13,15355732,43706
Roshanpura,3,2,1598,Semi-Furnished,30,7680776,23669
Ratnagiri,5,4,4599,Semi-Furnished,14,21643640,60503
Shivaji Nagar,2,3,1146,Furnished,30,6911714,24431
jahangirabad,4,2,3039,Furnished,30,14065678,38310
Ashoka garden,5,3,3179,Furnished,9,16471493,49756
Govindpura,3,3,1296,Furnished,14,6947506,22163
Minal,2,3,1193,Semi-Furnished,25,5619058,14246
char Imli,5,3,3037,Semi-Furnished,28,19957063,65022
Lalghati,1,1,556,Unfurnished,14,2759083,8919
chuna bhatti,4,1,2350,Unfurnished,29,11139071,29689
char Imli,3,3,1575,Unfurnished,19,10297186,34461
Govindpura,2,2,993,Semi-Furnished,4,5182929,17831
VIP road,3,2,1818,Semi-Furnished,28,11907669,36343
chuna bhatti,3,2,1939,Furnished,3,9160534,24452
VIP road,5,1,3160,Unfurnished,7,20566495,64483
char Imli,3,2,1870,Unfurnished,16,12298192,37543
ibrahimpura,5,2,3443,Unfurnished,25,14830397,38351
Tajul masjid,2,2,1108,Furnished,12,6109753,20361
Roshanpura,3,4,1317,Furnished,1,6413614,19287
Govindpura,3,4,1560,Furnished,14,8191629,26582
chuna bhatti,5,3,4549,Semi-Furnished,20,21468770,60684
Karond,4,3,2751,Unfurnished,0,13440433,39945
Minal,5,4,3595,Unfurnished,21,16872601,44973
Ratnagiri,2,3,925,Furnished,29,4296518,11465
Saket nagar,1,2,636,Unfurnished,3,4297463,13051
Nizamuddin colony,5,1,3516,Semi-Furnished,12,22870795,72279
MP Nagar,1,3,442,Unfurnished,9,3623074,11495
Prabhat petrol pump,1,2,432,Furnished,26,2111794,5522
Ratnagiri,1,3,607,Semi-Furnished,6,2829396,8727
Piplani,2,4,875,Semi-Furnished,17,6180394,18571
Arera Colony,4,2,3199,Unfurnished,13,23932723,78595
Habibganj,3,2,1476,Semi-Furnished,3,8146617,27263
Tajul masjid,3,2,1429,Unfurnished,16,7883334,26831
Ashoka garden,1,3,617,Furnished,14,3241200,8175
jahangirabad,4,1,3319,Semi-Furnished,29,15256824,39484
ibrahimpura,4,3,2139,Semi-Furnished,4,9125286,22376
Kamla Nagar,3,2,1821,Furnished,19,9501922,28557
sultaniya road,3,2,1412,Furnished,0,7388038,22890
Shanti Nagar,4,3,2839,Semi-Furnished,29,16833562,52015
Roshanpura,1,3,576,Semi-Furnished,17,2798384,7012
Indrapuri,5,4,4424,Unfurnished,5,17715559,42632
Kolar Road,5,2,4547,Unfurnished,20,22643998,68707
Tajul masjid,3,1,1649,Semi-Furnished,4,9163921,30674
Shivaji Nagar,2,1,1045,Unfurnished,10,6216927,19074
Ayodhya nagar,2,3,954,Semi-Furnished,6,5852039,23741
Lalghati,3,1,1239,Unfurnished,20,6046854,18474
Avadhpuri,3,3,1867,Unfurnished,24,8296423,22671
Lalghati,2,1,939,Unfurnished,19,4421861,11653
VIP road,5,1,3810,Furnished,14,24734161,78517
Indrapuri,3,2,1374,Unfurnished,1,5579271,14451
Sonagiri,3,2,1463,Furnished,7,6735551,15598
Gulmohar,4,1,2224,Semi-Furnished,8,14208013,46195
Barkheda,1,3,458,Furnished,18,2071129,7580
Service road,2,3,886,Semi-Furnished,10,5038909,18738
Nizamuddin colony,1,4,508,Furnished,24,3301929,9698
Piplani,1,3,611,Unfurnished,21,4182900,13219
Ayodhya bypass,3,1,1273,Unfurnished,9,6684161,21450
VIP road,5,1,4798,Semi-Furnished,17,31245703,99071
Roshanpura,3,3,1810,Semi-Furnished,2,8755059,25573
Narela,2,4,881,Unfurnished,7,3723189,8584
Shanti Nagar,1,1,407,Unfurnished,18,2412141,6932
Kolar Road,2,2,937,Furnished,2,4718815,15369
Bairagarh,1,3,524,Unfurnished,6,2393174,6058
Nizamuddin colony,1,4,666,Furnished,27,4294102,13387
Bawadiya Kalan,5,3,4123,Semi-Furnished,3,18641352,50185
Shanti Nagar,3,4,1504,Unfurnished,4,8895120,29993
ibrahimpura,3,3,1256,Unfurnished,17,5363822,15315
MP Nagar,1,4,773,Semi-Furnished,21,6225725,18833
Gulmohar,5,2,4471,Furnished,7,28658933,94703
chuna bhatti,2,1,1007,Unfurnished,0,4712413,14707
jahangirabad,1,2,504,Semi-Furnished,11,2303123,5586
Service road,2,4,921,Furnished,1,5300416,16491
Prabhat petrol pump,1,4,723,Semi-Furnished,12,3639770,9901
Service road,3,3,1945,Semi-Furnished,17,11341755,35966
eidgah hills,1,4,722,Furnished,18,4239092,15730
Habibganj,2,2,970,Unfurnished,3,5355107,16710
Anand nagar,4,2,2582,Unfurnished,10,14963940,49335
Kamla Nagar,5,4,3737,Unfurnished,4,19393118,58491
Gandhi nagar,5,1,4950,Unfurnished,9,30757566,112234
Sonagiri,4,1,2829,Semi-Furnished,24,13065644,33695
Kamla Nagar,2,2,1165,Unfurnished,14,6116133,19119
Sonagiri,2,1,1041,Furnished,14,4860249,13406
Vijay nagar,2,3,928,Furnished,27,6615120,22698
jahangirabad,1,2,420,Furnished,2,2026792,4244
New market,3,2,1452,Unfurnished,4,10188958,33081
kohefiza,1,2,575,Furnished,21,2525156,5267
Service road,3,1,1664,Semi-Furnished,10,9665245,32206
Bittan Market,3,3,1936,Unfurnished,7,13502301,41915
char Imli,2,1,1126,Furnished,14,7344953,25172
Bawadiya Kalan,3,2,1940,Furnished,25,8780809,21518
Tajul masjid,2,2,922,Semi-Furnished,12,5158015,18023
Ayodhya nagar,5,4,3092,Semi-Furnished,20,19085511,69965
Indrapuri,3,3,1424,Semi-Furnished,11,5619433,15861
Kolar Road,1,1,621,Furnished,23,3012849,8845
Gandhi nagar,4,1,3364,Semi-Furnished,14,20880628,75882
kohefiza,5,4,4517,Unfurnished,1,20239477,54342
Vikas Nagar,4,3,3107,Semi-Furnished,16,21093808,72959
Gulmohar,3,2,1432,Semi-Furnished,20,9201903,29115
Kolar hills,4,4,3149,Unfurnished,23,15708043,48396
Bairagarh,1,4,432,Furnished,12,1934266,6457
Kolar Road,5,3,3370,Furnished,3,16917957,50622
Narela,4,2,3410,Unfurnished,10,14756213,35571
Arjun Nagar,1,3,435,Semi-Furnished,15,2595317,8857
Bittan Market,2,2,881,Furnished,17,6085464,19810
Avadhpuri,2,1,1032,Unfurnished,18,4484990,15063
Shivaji Nagar,2,2,865,Unfurnished,21,5147876,15413
Minal,3,2,1794,Unfurnished,8,8447324,24566
Indrapuri,5,2,3401,Semi-Furnished,22,13554580,33957
Prabhat petrol pump,5,3,4874,Unfurnished,17,23902815,66633
Arjun Nagar,3,3,1562,Semi-Furnished,30,9418596,31053
Kolar Road,3,2,1747,Unfurnished,1,8807923,26451
Bairagarh,3,2,1524,Semi-Furnished,13,6845622,20136
Kolar Road,5,2,4126,Semi-Furnished,18,20715487,63473
Vijay nagar,3,4,1587,Furnished,28,11338109,36139
Karond,1,3,780,Furnished,3,3792536,10758
Ayodhya nagar,5,4,4382,Semi-Furnished,10,27185980,100341
sultaniya road,1,3,674,Semi-Furnished,28,3519489,11881
Hoshangabad Road,4,4,2880,Unfurnished,4,14635701,42832
Piplani,5,3,4131,Unfurnished,11,28842773,90921
Barkheda,2,4,836,Unfurnished,15,3761677,12793
Vikas Nagar,1,1,653,Semi-Furnished,30,4471383,15031
Saket nagar,2,2,878,Furnished,24,5944684,21513
Misrod,2,1,938,Semi-Furnished,9,4026650,10289
Vijay nagar,3,2,1773,Unfurnished,9,12799431,44454
Karond,4,4,2839,Semi-Furnished,22,13998776,37900
kohefiza,4,2,2008,Unfurnished,19,9122409,22962
Ayodhya nagar,1,1,514,Furnished,19,3140523,12457
char Imli,5,1,4404,Unfurnished,1,29149224,92795
Misrod,2,1,808,Furnished,14,3468004,7310
char Imli,5,2,3951,Semi-Furnished,23,26044249,82804
Shanti Nagar,1,1,665,Semi-Furnished,29,3878247,11671
Anand nagar,3,1,1587,Furnished,22,9193013,30587
Vikas Nagar,1,4,501,Furnished,14,3452691,13432
Bairagarh,1,1,748,Furnished,24,3313551,7513
Barkheda,4,1,2131,Semi-Furnished,24,9470842,26772
Ashoka garden,2,4,897,Unfurnished,9,4705983,15731
Ashoka garden,5,3,4816,Unfurnished,26,25059327,75407
Habibganj,3,4,1490,Unfurnished,11,8131872,24985
ibrahimpura,3,1,1441,Furnished,0,6225341,15315
Minal,3,3,1224,Semi-Furnished,26,5841622,15802
Ayodhya nagar,2,3,978,Semi-Furnished,20,6051339,21745
kohefiza,3,3,1695,Unfurnished,3,7599320,22160
Tajul masjid,5,2,3494,Furnished,16,19180211,63371
kohefiza,3,2,1788,Unfurnished,9,8138330,22313
Roshanpura,5,3,3295,Furnished,23,15857399,47764
Arera Colony,3,4,1599,Furnished,0,12012065,38695
Ayodhya bypass,3,2,1210,Unfurnished,7,6317251,20070
Narela,5,2,3268,Unfurnished,28,13993083,37034
Ayodhya nagar,5,2,3053,Furnished,26,19019852,70459
Chuna Bhatti,2,3,868,Furnished,24,4055576,13161
Bittan Market,3,2,1843,Furnished,28,12867664,41074
Kolar hills,3,3,1376,Semi-Furnished,18,6908382,22544
Ayodhya nagar,2,3,1121,Unfurnished,10,7026612,25090
eidgah hills,4,3,2233,Semi-Furnished,25,13405794,45322
Roshanpura,1,2,706,Semi-Furnished,28,3326305,8251
Chuna Bhatti,4,2,2468,Semi-Furnished,1,11580156,32617
Anand nagar,3,1,1758,Unfurnished,7,10234235,34711
Ayodhya nagar,2,2,1094,Furnished,3,6871866,25309
jahangirabad,2,2,860,Furnished,15,3925243,10509
Arera Colony,2,2,1156,Unfurnished,27,8692846,29306
Barkheda,1,1,698,Semi-Furnished,27,3116127,10212
Bawadiya Kalan,4,3,3241,Unfurnished,4,14658054,37503
Tajul masjid,5,1,3970,Unfurnished,18,21875015,72526
Shivaji Nagar,2,3,896,Semi-Furnished,1,5343755,16205
Govindpura,2,1,1048,Semi-Furnished,10,5486964,15395
char Imli,5,1,3199,Furnished,5,21076958,66655
Prabhat petrol pump,1,3,714,Furnished,22,3552864,10758
char Imli,2,2,966,Semi-Furnished,29,6422679,21363
Habibganj,2,3,1004,Semi-Furnished,18,5526575,16385
Habibganj,2,3,932,Furnished,25,5142779,16336
chuna bhatti,3,4,1786,Semi-Furnished,18,8309103,23698
Saket nagar,5,1,3203,Unfurnished,10,21784659,71969
ibrahimpura,4,3,2960,Unfurnished,27,12821567,31248
Roshanpura,4,4,3111,Semi-Furnished,16,14864619,43044
Narela,2,2,1162,Furnished,28,4936800,11571
chuna bhatti,1,2,797,Semi-Furnished,16,3763005,9287
Gulmohar,3,3,1239,Unfurnished,16,7902669,26753
Ratnagiri,1,4,639,Furnished,19,2954494,8293
jahangirabad,5,4,4612,Semi-Furnished,10,21265090,57295
Kolar Road,5,2,4583,Semi-Furnished,2,22889788,68614
Kolar hills,5,1,4624,Semi-Furnished,30,23025275,68140
Tajul masjid,5,1,4847,Unfurnished,16,26586780,86217
char Imli,2,3,931,Furnished,5,6153029,20877
Nizamuddin colony,3,1,1491,Unfurnished,10,9740837,30041
Karond,2,4,1194,Semi-Furnished,15,5877782,16428
Bawadiya Kalan,3,1,1727,Semi-Furnished,9,7745066,18725
Kolar Road,4,3,3225,Semi-Furnished,9,16128011,47760
Narela,5,3,3507,Furnished,27,15141132,40433
Minal,2,2,1075,Semi-Furnished,22,5016571,14779
eidgah hills,2,4,1005,Unfurnished,20,5993800,18953
Chuna Bhatti,1,1,455,Unfurnished,5,2136625,6040
Lalghati,1,1,589,Semi-Furnished,0,2793638,10020
kohefiza,5,1,3044,Furnished,2,13642787,38177
Karond,3,1,1922,Furnished,19,9384799,25045
Prabhat petrol pump,4,2,3482,Semi-Furnished,6,17050617,49062
Karond,4,1,2025,Furnished,5,9992076,30316
Service road,4,2,3244,Furnished,8,18855661,60616
Arera Colony,3,2,1298,Unfurnished,3,9665711,30914
Shyamla Hills,4,1,2170,Semi-Furnished,10,16326566,55632
eidgah hills,3,1,1892,Semi-Furnished,22,11359304,38081
eidgah hills,4,4,3420,Unfurnished,17,20425826,67793
Service road,3,2,1515,Unfurnished,3,8842544,26870
Prabhat petrol pump,2,3,1194,Semi-Furnished,25,5858327,18650
chuna bhatti,1,2,459,Unfurnished,22,2058112,7894
ibrahimpura,2,3,965,Furnished,6,4066248,9674
Arera Colony,3,2,1806,Furnished,16,13497943,42673
MP Nagar,1,4,710,Unfurnished,0,5713839,19038
eidgah hills,3,4,1540,Unfurnished,20,9190497,28884
Ayodhya nagar,3,4,1958,Semi-Furnished,18,12176785,46333
Govindpura,1,1,676,Furnished,18,3493730,8890
Ashoka garden,4,4,3099,Furnished,21,16102550,49971
Bittan Market,3,3,1217,Furnished,9,8549044,28017
Bittan Market,5,4,3633,Unfurnished,15,25466414,81127
chuna bhatti,4,4,2217,Unfurnished,25,10423430,27129
MP Nagar,1,3,410,Semi-Furnished,21,3298666,9245
Service road,3,3,1447,Semi-Furnished,16,8457877,27354
Arjun Nagar,1,2,565,Unfurnished,16,3328357,9540
Sonagiri,5,4,3775,Semi-Furnished,24,17449085,46129
char Imli,5,2,3025,Semi-Furnished,26,19989819,62044
Bittan Market,5,4,3866,Furnished,9,27032633,86587
Govindpura,2,2,1054,Furnished,17,5535591,16398
Nizamuddin colony,5,3,4555,Furnished,3,29579398,95007
Ratnagiri,1,2,768,Semi-Furnished,17,3598296,8983
Bittan Market,5,2,4765,Furnished,1,33301572,106462
Hoshangabad Road,2,2,1048,Semi-Furnished,19,5351013,16580
Govindpura,1,1,716,Unfurnished,29,3731885,9849
Tajul masjid,1,3,538,Semi-Furnished,1,2936306,7806
Bawadiya Kalan,1,3,435,Semi-Furnished,18,2047915,5110
Anand nagar,2,3,904,Furnished,14,5186253,15640
Piplani,2,2,1145,Furnished,24,7937881,25898
Arjun Nagar,2,2,1077,Furnished,2,6494713,20473
kohefiza,3,2,1228,Semi-Furnished,13,5603945,14693
MP Nagar,4,3,2194,Unfurnished,24,17541094,53809
Bairagarh,3,2,1699,Unfurnished,12,7618711,20323
Sonagiri,5,4,4801,Semi-Furnished,0,22159930,58195
jahangirabad,4,3,2109,Unfurnished,22,9763168,27215
Vikas Nagar,4,2,2861,Semi-Furnished,7,19467271,65354
char Imli,1,2,566,Furnished,9,3656916,11076
Bairagarh,4,1,2057,Furnished,30,9229185,23037
Kamla Nagar,5,1,3853,Unfurnished,3,20001635,62641
Barkheda,1,4,561,Furnished,16,2517793,8975
Roshanpura,5,4,4619,Semi-Furnished,10,22104421,66260
Sonagiri,1,4,503,Semi-Furnished,2,2340077,6715
eidgah hills,5,3,4095,Furnished,17,24664935,82150
Chuna Bhatti,2,1,1181,Unfurnished,23,5619954,14336
Kolar Road,4,3,2515,Furnished,29,12617010,36802
Ratnagiri,1,1,603,Semi-Furnished,18,2915498,9597
Ayodhya bypass,4,1,2033,Semi-Furnished,23,10842397,33765
Barkheda,3,2,1422,Unfurnished,19,6215721,18593
Bairagarh,2,3,1157,Furnished,12,5223970,13581
VIP road,5,4,4696,Furnished,15,30508160,100413
Piplani,4,3,2555,Semi-Furnished,9,17980310,57756
Service road,1,1,645,Furnished,22,3719359,14138
Hoshangabad Road,4,4,2391,Furnished,6,12209796,36282
Misrod,4,2,2485,Semi-Furnished,14,10488175,25789
Ratnagiri,5,2,4088,Unfurnished,10,19225705,54234
MP Nagar,5,2,3078,Semi-Furnished,15,24553425,75204
Bittan Market,1,1,435,Unfurnished,4,3059281,9753
Service road,1,3,690,Semi-Furnished,26,4052808,14307
Bairagarh,3,3,1557,Unfurnished,10,6921989,19379
New market,5,3,4772,Semi-Furnished,20,33497372,105218
Ayodhya bypass,5,4,4830,Furnished,10,25558990,76913
Arera Colony,2,4,1073,Unfurnished,18,8014010,25981
Avadhpuri,2,2,925,Unfurnished,25,4158413,10089
Bittan Market,4,3,2534,Unfurnished,3,17682427,56705
Kamla Nagar,1,2,674,Semi-Furnished,10,3562781,10691
Bawadiya Kalan,4,4,3423,Semi-Furnished,2,15400179,40392
Indrapuri,3,4,1315,Furnished,13,5333749,12277
eidgah hills,1,4,524,Furnished,24,3097634,9106
Ayodhya bypass,3,3,1996,Unfurnished,8,10527947,30025
MP Nagar,4,4,3149,Semi-Furnished,3,25171540,77825
char Imli,2,1,1189,Semi-Furnished,19,7768851,24034
Anand nagar,5,4,3201,Unfurnished,19,18652072,61045
ibrahimpura,1,1,675,Unfurnished,11,2943167,7969
MP Nagar,2,3,939,Furnished,17,7442501,24918
Indrapuri,3,3,1642,Semi-Furnished,22,6571979,15357
Nizamuddin colony,2,1,937,Semi-Furnished,4,6024736,21517
Anand nagar,4,1,2022,Semi-Furnished,2,11646562,36521
Roshanpura,5,1,3017,Semi-Furnished,18,14576111,44013
Ashoka garden,1,4,710,Semi-Furnished,19,3602990,9794
Gandhi nagar,2,2,970,Unfurnished,29,5914238,21810
Narela,3,1,1433,Semi-Furnished,29,6084403,16429
Indrapuri,1,4,676,Unfurnished,6,2664096,5117
Bawadiya Kalan,4,1,3225,Unfurnished,11,14607179,37145
Ratnagiri,3,2,1681,Unfurnished,18,7832332,20240
Shyamla Hills,3,1,1429,Unfurnished,25,10623632,35346
char Imli,2,1,1066,Furnished,3,7024679,23088
Indrapuri,2,1,1025,Furnished,24,4162107,11037
Habibganj,1,2,657,Furnished,0,3525432,12170
Saket nagar,1,3,512,Semi-Furnished,0,3501804,11950
chuna bhatti,4,1,2396,Unfurnished,2,11344036,30511
chuna bhatti,1,2,424,Unfurnished,30,1974458,6364
eidgah hills,4,2,2078,Semi-Furnished,6,12427844,42291
Service road,2,2,1179,Furnished,16,6864836,21131
Chuna Bhatti,4,1,3403,Semi-Furnished,24,16059731,44283
Habibganj,4,1,3163,Furnished,21,17489268,55579
Narela,1,4,597,Unfurnished,0,2494644,8224
Karond,2,3,1014,Unfurnished,8,5023844,15054
Kamla Nagar,5,2,3973,Semi-Furnished,14,20699635,62770
Barkheda,1,2,633,Furnished,14,2809310,6767
Bawadiya Kalan,1,2,444,Semi-Furnished,25,2065191,4927
sultaniya road,2,1,934,Furnished,3,4818474,14861
Anand nagar,5,1,3708,Semi-Furnished,27,21502989,69298
jahangirabad,2,3,1102,Unfurnished,28,4972009,14795
Shanti Nagar,1,1,501,Unfurnished,10,2992008,8015
Anand nagar,5,4,3783,Semi-Furnished,29,21965795,71976
Service road,1,4,432,Unfurnished,10,2593040,9624
Shivaji Nagar,5,1,3749,Furnished,1,22483536,74803
Arjun Nagar,3,4,1664,Unfurnished,26,10069577,31415
Bawadiya Kalan,3,1,1318,Furnished,25,5903559,17135
Nizamuddin colony,1,4,544,Semi-Furnished,0,3536139,12884
Avadhpuri,2,4,873,Semi-Furnished,29,3828645,11879
kohefiza,2,2,1084,Unfurnished,20,4941485,13073
Ayodhya bypass,5,3,4625,Semi-Furnished,16,24518042,72582
Bawadiya Kalan,1,2,638,Semi-Furnished,14,2790500,8236
Misrod,5,3,4126,Unfurnished,21,17397563,45183
Bawadiya Kalan,1,2,782,Unfurnished,13,3520706,10420
Service road,1,3,494,Unfurnished,5,2840667,8889
Govindpura,1,3,442,Unfurnished,18,2374477,5552
Misrod,4,2,3158,Furnished,0,13220984,36457
Lalghati,1,2,701,Semi-Furnished,5,3404083,8943
jahangirabad,1,1,451,Semi-Furnished,23,2115366,3905
Shivaji Nagar,5,3,4542,Semi-Furnished,24,27167882,91991
Shivaji Nagar,2,4,988,Semi-Furnished,24,5965756,18224
sultaniya road,4,3,2467,Unfurnished,13,12832945,40537
chuna bhatti,1,4,477,Furnished,4,2255239,7956
Bittan Market,4,2,3017,Unfurnished,23,21092191,68036
Karond,5,4,3089,Semi-Furnished,9,15099467,42127
Tajul masjid,2,2,918,Furnished,8,5078606,15800
Bittan Market,5,1,3556,Semi-Furnished,12,24952522,77205
Govindpura,3,2,1963,Semi-Furnished,3,10461858,30964
Lalghati,5,4,3138,Unfurnished,23,15013013,44443
Kamla Nagar,3,3,1850,Semi-Furnished,16,9716049,29167
Ayodhya nagar,4,2,2918,Furnished,29,18070991,67499
Vikas Nagar,3,3,1508,Semi-Furnished,21,10254063,35654
Prabhat petrol pump,4,4,2144,Unfurnished,10,10574947,29397
Piplani,1,2,421,Furnished,9,2919760,9523
Chuna Bhatti,3,1,1963,Semi-Furnished,1,9151670,24591
Tajul masjid,4,2,2830,Semi-Furnished,6,15569276,50379
Karond,5,2,3980,Semi-Furnished,5,19531639,56215
Roshanpura,2,1,1065,Unfurnished,0,5056919,16467
Tajul masjid,3,4,1860,Semi-Furnished,15,10238353,32420
Narela,5,3,4249,Furnished,20,18233507,47584
VIP road,5,1,4596,Unfurnished,23,29892716,96092
Vijay nagar,2,1,921,Semi-Furnished,19,6631011,23812
kohefiza,4,2,2568,Furnished,0,11578513,32104
char Imli,1,1,710,Furnished,2,4623254,16016
Bittan Market,3,1,1459,Unfurnished,25,10250280,30305
kohefiza,2,3,1114,Furnished,16,4966621,14729
Saket nagar,1,3,534,Semi-Furnished,12,3678248,10893
Karond,4,2,2480,Semi-Furnished,18,12150660,33573
Arjun Nagar,5,2,3967,Semi-Furnished,14,23856701,78426
Bawadiya Kalan,2,3,1080,Furnished,29,4785568,14868
Ratnagiri,5,4,4078,Furnished,11,19093502,51624
kohefiza,1,4,781,Semi-Furnished,1,3429330,9806
Ayodhya nagar,4,3,2693,Furnished,6,16653315,62277
Ratnagiri,1,4,536,Unfurnished,23,2567319,8527
Vijay nagar,3,3,1363,Semi-Furnished,20,9909864,33643
Gandhi nagar,4,2,2334,Semi-Furnished,14,14562652,52929
Arjun Nagar,2,1,1110,Furnished,20,6669606,21459
Ayodhya nagar,3,4,1869,Unfurnished,10,11582260,41904
Gandhi nagar,5,3,4608,Unfurnished,30,28480512,107578
Arera Colony,5,1,3378,Furnished,16,25256120,81314
Misrod,2,1,883,Semi-Furnished,16,3715711,8316
Indrapuri,4,3,3149,Semi-Furnished,2,12570932,32266
Bairagarh,4,4,2800,Unfurnished,13,12586919,32765
Ratnagiri,3,3,1837,Furnished,22,8696547,25237
Govindpura,2,4,912,Furnished,29,4785880,15166
Indrapuri,4,3,2719,Furnished,19,10805570,27811
Service road,1,4,751,Unfurnished,7,4377076,12814
Arjun Nagar,2,1,871,Semi-Furnished,1,5269858,16572
Sonagiri,2,4,1175,Furnished,1,5402494,12402
Chuna Bhatti,4,1,3319,Unfurnished,10,15620951,45131
Indrapuri,4,1,3293,Unfurnished,29,13168098,34168
MP Nagar,5,4,4525,Unfurnished,19,36140728,114624
Karond,4,3,3349,Furnished,9,16352858,44994
Avadhpuri,2,3,1115,Unfurnished,6,4892468,12764
eidgah hills,4,3,2117,Semi-Furnished,13,12610360,42911
Service road,4,3,3248,Semi-Furnished,1,18831180,61929
ibrahimpura,1,4,630,Furnished,30,2729118,5586
Shanti Nagar,1,1,687,Furnished,3,4075227,11913
New market,5,2,3258,Unfurnished,22,22772790,70364
Barkheda,3,1,1633,Unfurnished,24,7188971,21355
Ayodhya nagar,3,3,1243,Semi-Furnished,4,7674666,30135
Barkheda,2,3,846,Unfurnished,6,3747548,12777
MP Nagar,3,4,1699,Unfurnished,29,13595101,41098
Kolar hills,1,3,503,Unfurnished,3,2610729,7647
Chuna Bhatti,3,4,1398,Furnished,10,6499968,18234
Chuna Bhatti,2,3,1138,Furnished,17,5296691,14082
Bittan Market,2,3,1200,Unfurnished,11,8435481,25927
eidgah hills,2,2,1108,Unfurnished,25,6677320,21418
Bittan Market,2,2,822,Unfurnished,29,5799592,19846
Service road,1,2,588,Semi-Furnished,27,3400367,12821
kohefiza,4,4,3139,Furnished,11,14146990,38387
VIP road,3,1,1238,Unfurnished,7,8144229,27244
Piplani,4,4,2454,Furnished,22,17152400,55413
Barkheda,5,1,4531,Furnished,3,19961616,57690
Karond,2,1,1099,Unfurnished,26,5436808,14255
Shanti Nagar,3,4,1873,Furnished,7,11011978,35151
Gulmohar,2,3,1118,Semi-Furnished,7,7225615,24585
Shanti Nagar,4,2,2469,Furnished,23,14627784,47433
Gulmohar,5,1,3349,Semi-Furnished,11,21466131,71127
Ayodhya bypass,5,1,4608,Semi-Furnished,9,24438621,73751
VIP road,2,1,843,Unfurnished,27,5555722,17076
Bittan Market,2,3,870,Furnished,6,6160229,19758
chuna bhatti,4,1,2399,Furnished,28,11275722,29538
Bairagarh,2,1,980,Furnished,10,4365029,13091
Bairagarh,4,3,2852,Unfurnished,3,12752917,34814
Anand nagar,2,2,813,Unfurnished,6,4672064,14442
Kolar Road,4,1,2129,Semi-Furnished,1,10624279,31637
MP Nagar,1,2,473,Unfurnished,27,3691174,10664
Kolar hills,3,2,1307,Semi-Furnished,25,6520617,18812
Gulmohar,4,4,3164,Furnished,2,20309823,67746
Arera Colony,2,4,1191,Unfurnished,7,8847283,28074
Kolar Road,4,4,2106,Unfurnished,22,10447543,33564
Bawadiya Kalan,2,2,1115,Semi-Furnished,4,4993282,13184
Kamla Nagar,2,4,948,Unfurnished,26,5001955,14407
char Imli,3,1,1795,Semi-Furnished,11,11763959,35839
Govindpura,1,4,658,Unfurnished,26,3436878,10407
Kolar Road,2,1,1162,Furnished,2,5767050,17865
Prabhat petrol pump,2,1,908,Furnished,9,4428194,12329
Lalghati,4,1,3434,Semi-Furnished,17,16469432,46603
Shanti Nagar,5,4,3824,Furnished,2,22519935,71120
Lalghati,4,2,2462,Unfurnished,0,11803473,34453
Kolar Road,3,2,1836,Semi-Furnished,14,9214124,27573
ibrahimpura,5,1,4269,Furnished,26,18418400,45646
Piplani,2,1,981,Unfurnished,23,6880930,20158
Vikas Nagar,1,2,530,Unfurnished,20,3632699,12350
Karond,2,3,1140,Furnished,17,5562537,15962
Hoshangabad Road,4,2,2811,Semi-Furnished,10,14273091,40394
Kolar Road,1,4,770,Furnished,30,3884931,9821
Misrod,5,2,3043,Unfurnished,18,12830380,34257
Arjun Nagar,3,3,1330,Semi-Furnished,20,7898780,26821
Barkheda,5,1,3518,Semi-Furnished,8,15393011,47271
MP Nagar,3,2,1820,Unfurnished,4,14646809,44253
MP Nagar,2,3,1161,Semi-Furnished,15,9220242,29361
Sonagiri,4,4,3179,Semi-Furnished,20,14621687,37534
Lalghati,3,2,1857,Furnished,14,8939014,27034
Govindpura,3,2,1976,Semi-Furnished,8,10388750,30974
Habibganj,1,1,588,Furnished,30,3202367,9988
Ashoka garden,3,2,1805,Furnished,19,9465569,30490
Ayodhya bypass,1,4,437,Semi-Furnished,27,2275479,5612
Arera Colony,1,4,706,Semi-Furnished,15,5242161,18443
New market,3,3,1274,Semi-Furnished,30,8914239,27041
Kolar hills,3,2,1717,Unfurnished,0,8556204,25213
chuna bhatti,5,4,4660,Furnished,22,21911400,58841
Arera Colony,5,4,3218,Unfurnished,9,24218020,76030
jahangirabad,3,1,1399,Unfurnished,16,6338247,17898
Bairagarh,3,4,1643,Unfurnished,9,7332710,17831
Service road,3,2,1748,Unfurnished,18,10102593,32982
Kolar Road,4,2,2614,Furnished,21,13044875,41197
Karond,5,3,4228,Furnished,7,20668793,57308
Arera Colony,5,4,4432,Furnished,6,33329757,105678
Bairagarh,2,2,832,Furnished,27,3754300,11076
Shanti Nagar,4,3,3311,Unfurnished,23,19534192,63449
Ayodhya nagar,4,2,2139,Furnished,10,13315633,48252
Service road,5,2,4710,Semi-Furnished,10,27265581,89010
Karond,3,1,1389,Furnished,29,6837197,18406
Kolar hills,1,4,777,Unfurnished,2,3984390,11788
Kamla Nagar,2,1,915,Furnished,29,4698156,14938
Ayodhya bypass,4,3,2856,Furnished,2,15075402,47681
Kolar Road,1,1,772,Semi-Furnished,29,3800892,10823
Ayodhya nagar,3,1,1227,Furnished,26,7659366,26588
Indrapuri,4,3,2687,Unfurnished,28,10730986,28170
Gulmohar,2,1,1153,Unfurnished,22,7446903,23349
ibrahimpura,3,3,1923,Furnished,27,8300601,22183
Karond,5,3,3547,Unfurnished,2,17330629,49340
sultaniya road,3,4,1614,Unfurnished,16,8370004,24556
Karond,1,3,638,Semi-Furnished,14,3110976,6996
Sonagiri,3,1,1955,Furnished,19,9026330,24905
Kamla Nagar,2,1,1003,Semi-Furnished,27,5156469,15826
Shyamla Hills,5,2,4730,Unfurnished,25,35400025,119377
Shivaji Nagar,1,1,781,Unfurnished,17,4702076,14387
Chuna Bhatti,2,1,966,Unfurnished,30,4605641,11869
Bairagarh,2,1,1170,Semi-Furnished,27,5333913,14331
Vikas Nagar,1,2,740,Semi-Furnished,2,5125192,18732
Anand nagar,4,4,2725,Semi-Furnished,25,15841676,50105
Anand nagar,5,2,3202,Unfurnished,18,18481427,61795
eidgah hills,2,1,1129,Furnished,24,6692802,22828
sultaniya road,1,4,448,Furnished,10,2356056,9033
Habibganj,2,2,1180,Unfurnished,14,6529061,19378
Shivaji Nagar,2,2,1193,Unfurnished,4,7115857,25268
Shyamla Hills,3,2,1901,Unfurnished,24,14193530,49319
Shivaji Nagar,2,4,896,Semi-Furnished,21,5339318,18518
Nizamuddin colony,1,1,432,Semi-Furnished,3,2746256,7967
Gandhi nagar,1,4,704,Semi-Furnished,9,4311957,17787
New market,3,4,1422,Furnished,9,10022138,30965
Barkheda,3,1,1940,Semi-Furnished,10,8491777,26263
jahangirabad,4,4,2164,Unfurnished,23,10024170,24969
Anand nagar,4,2,3469,Furnished,1,20157492,66734
Arjun Nagar,1,1,575,Semi-Furnished,8,3472543,10548
Bittan Market,4,1,2183,Unfurnished,30,15194299,47423
Nizamuddin colony,4,2,2761,Unfurnished,16,17859807,58441
Sonagiri,1,1,492,Semi-Furnished,5,2304366,5671
Ayodhya nagar,4,1,2193,Semi-Furnished,10,13672211,51765
Arera Colony,2,3,863,Furnished,11,6385025,19318
Indrapuri,3,2,1227,Furnished,26,4877455,11236
MP Nagar,5,3,3815,Unfurnished,26,30432866,96840
ibrahimpura,4,4,2327,Unfurnished,14,10066746,25058
Saket nagar,4,4,3262,Semi-Furnished,16,22186440,76501
Vijay nagar,2,1,1103,Furnished,15,8039539,26189
New market,3,1,1253,Furnished,4,8692330,28793
Ratnagiri,3,1,1711,Semi-Furnished,16,7990585,22186
Karond,1,4,413,Semi-Furnished,27,2022821,7112
Prabhat petrol pump,4,4,2350,Unfurnished,13,11557563,34589
MP Nagar,2,3,1087,Furnished,20,8681089,25712
Indrapuri,5,4,4003,Semi-Furnished,5,15934405,41145
Prabhat petrol pump,4,4,2036,Furnished,24,10014613,28993
VIP road,3,3,1722,Furnished,24,11169662,34211
Govindpura,3,1,1762,Semi-Furnished,14,9414744,29595
Lalghati,3,4,1365,Furnished,13,6650930,19462
New market,2,3,967,Furnished,16,6757029,20714
Prabhat petrol pump,5,4,3032,Furnished,8,14927817,42718
Bittan Market,4,4,3045,Unfurnished,3,21271407,67610
Gandhi nagar,2,3,1199,Furnished,18,7427874,26268
Narela,3,4,1892,Unfurnished,7,8093612,19174
Narela,4,3,3343,Furnished,30,14378350,36953
Ashoka garden,3,4,1981,Unfurnished,6,10241127,30853
Bawadiya Kalan,3,4,1359,Semi-Furnished,0,6187983,15047
Govindpura,3,2,1305,Furnished,27,6979868,22672
Shyamla Hills,5,4,4961,Furnished,21,37278092,122161
Piplani,4,3,2728,Semi-Furnished,12,19124478,59059
Govindpura,3,3,1897,Semi-Furnished,15,9979050,29533
Ayodhya nagar,3,2,1728,Semi-Furnished,11,10756193,41267
Piplani,2,4,1035,Unfurnished,12,7200116,23566
Piplani,2,1,1143,Semi-Furnished,8,7997815,25646
Bawadiya Kalan,5,4,4435,Semi-Furnished,25,20049310,51515
Karond,5,2,4700,Semi-Furnished,4,23023342,67696
Shanti Nagar,4,2,3389,Unfurnished,30,20085983,63658
Minal,3,1,1223,Unfurnished,9,5839673,16946
Gandhi nagar,2,3,1154,Furnished,12,7247458,28421
Hoshangabad Road,1,3,518,Unfurnished,23,2608328,6766
Arjun Nagar,2,1,1162,Semi-Furnished,18,6881084,23552
Kolar hills,2,1,887,Furnished,3,4361824,11993
Hoshangabad Road,4,1,3091,Furnished,13,15812681,47146
Arjun Nagar,4,3,2522,Unfurnished,25,15101720,52417
Shyamla Hills,2,2,944,Furnished,10,7034846,22904
Gulmohar,3,4,1261,Furnished,11,8072251,24893
Arjun Nagar,4,4,2393,Unfurnished,20,14455122,47379
Ayodhya bypass,5,4,4059,Unfurnished,11,21475074,66615
Vikas Nagar,3,4,1731,Semi-Furnished,6,11713149,41567
Gandhi nagar,5,3,3793,Unfurnished,30,23573287,88248
Lalghati,4,1,3339,Semi-Furnished,19,15954362,46212
Hoshangabad Road,1,3,529,Unfurnished,18,2689533,8707
Gandhi nagar,4,3,2236,Unfurnished,19,13866458,52026
kohefiza,2,2,862,Semi-Furnished,8,3810282,11987
Minal,3,1,1930,Semi-Furnished,22,9120917,25892
Bawadiya Kalan,3,2,1236,Unfurnished,6,5657003,15025
Vijay nagar,1,1,532,Unfurnished,28,3899029,14047
Vikas Nagar,3,1,1754,Furnished,14,11894570,41251
Kolar hills,3,3,1727,Furnished,29,8624399,24539
Govindpura,5,4,3877,Furnished,21,20596905,62312
Vikas Nagar,5,3,4147,Semi-Furnished,2,28130484,95491
jahangirabad,1,1,496,Furnished,14,2339050,5090
Bairagarh,2,1,1062,Semi-Furnished,14,4765957,14108
Minal,1,4,447,Semi-Furnished,13,2020327,4073
char Imli,1,1,436,Furnished,26,2826751,10114
Shanti Nagar,3,3,1581,Unfurnished,2,9239621,31747
Avadhpuri,3,1,1834,Furnished,6,8147240,22153
Ayodhya nagar,1,2,559,Furnished,9,3469690,11550
Sonagiri,2,4,1037,Furnished,25,4722733,14410
ibrahimpura,5,2,4854,Semi-Furnished,2,20847532,53518
Ratnagiri,4,2,3379,Unfurnished,27,15788262,45365
Kolar hills,1,2,491,Furnished,17,2458325,8003
Arjun Nagar,2,1,985,Unfurnished,6,5924058,18373
Avadhpuri,2,3,1005,Unfurnished,10,4361225,12714
New market,1,4,476,Furnished,1,3359063,8511
Nizamuddin colony,5,2,3026,Furnished,14,19730935,62574
kohefiza,3,3,1490,Furnished,10,6708236,16522
Kamla Nagar,5,3,3825,Unfurnished,6,19893808,62356
Prabhat petrol pump,1,1,719,Unfurnished,26,3482329,8971
chuna bhatti,3,3,1359,Furnished,15,6307129,17102
New market,4,3,2092,Furnished,25,14704126,47908
Kolar hills,5,3,4358,Unfurnished,8,21786036,66656
Barkheda,3,4,1317,Semi-Furnished,29,5893249,15748
Saket nagar,1,1,499,Furnished,1,3355235,13245
Kolar Road,2,1,816,Unfurnished,30,4106639,10854
Bittan Market,1,4,722,Unfurnished,19,5034205,14726
Shanti Nagar,2,3,959,Furnished,30,5728118,19703
Bairagarh,2,2,858,Semi-Furnished,21,3794295,10536
MP Nagar,5,2,4679,Unfurnished,21,37445281,118167
Bawadiya Kalan,4,2,3160,Semi-Furnished,3,14304032,38020
Shyamla Hills,2,4,844,Unfurnished,27,6412898,19942
Tajul masjid,4,3,2980,Unfurnished,2,16456599,53910
New market,5,3,3911,Semi-Furnished,6,27429155,86983
Hoshangabad Road,3,3,1527,Semi-Furnished,8,7845583,21042
Ratnagiri,4,4,3342,Unfurnished,21,15793225,42047
Narela,1,1,663,Semi-Furnished,19,2781102,5909
Piplani,2,3,924,Semi-Furnished,7,6460082,21488
Saket nagar,5,1,4564,Furnished,22,30940072,103318
Kolar hills,5,1,3485,Semi-Furnished,21,17437161,54181
Vijay nagar,5,2,4856,Unfurnished,15,34947439,115202
chuna bhatti,1,2,469,Unfurnished,22,2116579,5275
Barkheda,4,4,2714,Unfurnished,15,11920054,34274
chuna bhatti,3,2,1465,Semi-Furnished,13,6897880,18149
Ayodhya nagar,5,3,3469,Unfurnished,22,21429122,81335
Hoshangabad Road,1,3,524,Semi-Furnished,17,2583147,5915
Roshanpura,5,2,3076,Furnished,15,14786529,42607
Shanti Nagar,4,4,2628,Unfurnished,24,15499385,50252
Ayodhya bypass,3,4,1915,Furnished,10,10230919,32429
chuna bhatti,1,3,723,Semi-Furnished,30,3424121,10935
Nizamuddin colony,5,3,4889,Furnished,18,31712204,104294
Gandhi nagar,5,3,3131,Unfurnished,3,19454493,72750
kohefiza,4,4,2048,Unfurnished,30,9141198,25211
Shivaji Nagar,5,1,3146,Semi-Furnished,7,18799538,64010
jahangirabad,4,1,2355,Unfurnished,15,10915009,29922
chuna bhatti,1,3,711,Semi-Furnished,2,3307782,8009
Bairagarh,2,2,940,Semi-Furnished,29,4168256,10918
Ayodhya bypass,4,1,2919,Unfurnished,25,15487720,46224
Shivaji Nagar,2,4,1046,Furnished,13,6202755,21946
Avadhpuri,3,1,1222,Unfurnished,12,5442736,15475
Tajul masjid,2,4,1166,Semi-Furnished,23,6347086,22437
sultaniya road,5,4,3612,Unfurnished,5,18793716,58530
Ratnagiri,2,1,1171,Semi-Furnished,20,5460354,16476
VIP road,3,2,1305,Unfurnished,16,8416161,28540
Arera Colony,2,4,832,Unfurnished,30,6254571,18219
Bairagarh,5,3,3921,Furnished,15,17701198,45427
Hoshangabad Road,2,2,969,Unfurnished,19,5021124,13693
Shivaji Nagar,5,1,3355,Semi-Furnished,12,20147091,67441
Tajul masjid,3,3,1949,Unfurnished,22,10731464,35020
Arjun Nagar,4,1,2182,Unfurnished,8,13043824,42142
Chuna Bhatti,3,3,1755,Unfurnished,21,8154180,21254
Habibganj,2,4,1145,Furnished,14,6248441,21357
Saket nagar,1,1,652,Furnished,9,4382637,16525
New market,4,1,2640,Semi-Furnished,23,18567853,57344
Arera Colony,1,2,619,Furnished,25,4699433,15981
Tajul masjid,4,1,2305,Semi-Furnished,21,12738243,43401
Roshanpura,1,2,586,Unfurnished,0,2774196,7145
Bairagarh,3,4,1649,Furnished,8,7469549,21705
Arjun Nagar,3,3,1266,Unfurnished,30,7645859,25165
Hoshangabad Road,1,2,606,Unfurnished,13,3007161,9630
kohefiza,4,3,3485,Semi-Furnished,5,15754499,43074
Bittan Market,4,4,2503,Semi-Furnished,18,17540094,54121
Ayodhya bypass,2,1,1145,Furnished,19,6066541,17480
Gandhi nagar,1,4,446,Unfurnished,20,2786397,11547
Arjun Nagar,1,3,645,Furnished,2,3959261,11590
Ayodhya bypass,5,2,4619,Unfurnished,6,24524064,72905
Nizamuddin colony,1,3,571,Furnished,27,3670101,12468
Barkheda,1,3,481,Furnished,11,2215539,6645
Saket nagar,1,3,453,Unfurnished,30,3018710,9310
Piplani,1,2,748,Unfurnished,7,5310433,18142
Shivaji Nagar,3,2,1862,Furnished,8,11108089,38943
Anand nagar,1,4,593,Unfurnished,5,3430618,13050
MP Nagar,5,4,4565,Furnished,22,36517669,113601
Arjun Nagar,1,1,642,Semi-Furnished,17,3890020,11965
Vikas Nagar,4,2,2151,Semi-Furnished,25,14600236,51016
Bittan Market,5,4,3532,Semi-Furnished,1,24760682,79660
Narela,1,2,438,Unfurnished,24,1884161,5616
Ayodhya nagar,3,4,1546,Furnished,23,9626828,34084
Avadhpuri,1,4,769,Unfurnished,18,3455365,11398
Chuna Bhatti,4,3,2818,Semi-Furnished,16,13253112,35122
Ashoka garden,4,1,2735,Unfurnished,27,14242519,44331
Karond,3,3,1211,Unfurnished,5,5930180,15040
Gandhi nagar,3,4,1480,Unfurnished,4,9275341,32373
Shyamla Hills,1,3,636,Unfurnished,22,4805264,17654
Bittan Market,2,1,989,Semi-Furnished,5,7001798,20989
Habibganj,5,1,4555,Furnished,13,25058963,80435
Minal,2,4,929,Semi-Furnished,19,4336434,10174
Hoshangabad Road,3,1,1768,Furnished,13,9057814,24578
Misrod,2,3,1005,Semi-Furnished,13,4216739,9987
New market,5,2,3946,Semi-Furnished,11,27605790,88138
Narela,1,4,654,Semi-Furnished,23,2821067,8760
eidgah hills,4,1,2364,Semi-Furnished,1,14254912,46932
kohefiza,3,4,1669,Semi-Furnished,20,7562486,19462
VIP road,5,1,3227,Furnished,11,20917184,69623
Ayodhya nagar,5,3,3604,Semi-Furnished,13,22309043,82391
Arjun Nagar,3,1,1855,Unfurnished,24,11093862,36368
Vijay nagar,4,1,2491,Unfurnished,1,17840801,59547
Sonagiri,1,1,453,Unfurnished,6,2018242,3856
char Imli,5,1,3301,Semi-Furnished,11,21724455,67775
Indrapuri,2,4,1184,Furnished,16,4773985,11971
VIP road,5,3,4146,Furnished,1,26889654,86882
Service road,4,4,3275,Semi-Furnished,24,18961277,60560
Barkheda,2,2,976,Furnished,17,4324405,14253
Chuna Bhatti,1,3,637,Semi-Furnished,26,2972981,9634
MP Nagar,4,2,2370,Furnished,10,19018250,60082
Chuna Bhatti,4,3,2200,Semi-Furnished,29,10319265,26615
Kolar hills,3,4,1671,Unfurnished,22,8324926,24385
Bairagarh,5,2,4781,Furnished,13,21430041,56144
Nizamuddin colony,2,2,1085,Semi-Furnished,20,7049311,21220
Piplani,5,3,4417,Semi-Furnished,7,30823447,99051
Karond,4,2,3230,Unfurnished,26,15920790,46341
Minal,2,2,825,Furnished,7,3838441,10953
Bittan Market,2,1,919,Furnished,9,6357309,20257
MP Nagar,1,3,594,Furnished,15,4801100,15643
Narela,1,3,571,Furnished,25,2512131,4801
Roshanpura,3,2,1932,Unfurnished,8,9209404,26423
Minal,5,4,3909,Semi-Furnished,0,18450255,49043
Habibganj,1,3,508,Unfurnished,12,2827093,8921
New market,2,1,996,Semi-Furnished,15,6945838,20790
Vikas Nagar,1,2,784,Semi-Furnished,17,5304624,17284
Lalghati,2,2,1176,Semi-Furnished,8,5574896,16154
Indrapuri,2,1,1108,Furnished,17,4417367,12436
Ayodhya bypass,2,2,964,Furnished,22,5169868,14288
Avadhpuri,5,1,3108,Semi-Furnished,18,13663983,38887
Gandhi nagar,2,1,1101,Unfurnished,30,6738048,26685
Shivaji Nagar,4,2,2261,Semi-Furnished,19,13553965,46743
Vijay nagar,4,1,2875,Furnished,0,20748736,70493
MP Nagar,5,3,4224,Furnished,4,33703173,106912
eidgah hills,5,3,4152,Semi-Furnished,17,24980800,84519
Minal,4,2,2237,Semi-Furnished,21,10516598,29496
Piplani,5,4,3321,Unfurnished,3,23340968,72136
ibrahimpura,1,4,670,Unfurnished,0,2939600,6820
chuna bhatti,5,4,3484,Furnished,7,16292034,45487
Arjun Nagar,4,3,3173,Unfurnished,20,18995053,65165
Bairagarh,5,4,4860,Unfurnished,20,21873871,59994
Kolar hills,5,1,3358,Semi-Furnished,3,16700231,50658
Kolar hills,4,3,2945,Unfurnished,2,14777083,46069
Tajul masjid,4,3,3361,Unfurnished,27,18540629,60529
eidgah hills,1,3,577,Furnished,14,3397885,12889
char Imli,3,3,1304,Semi-Furnished,23,8616176,28032
Shyamla Hills,5,1,4400,Furnished,3,33047110,109469
Misrod,4,3,2337,Furnished,18,9845092,24111
Anand nagar,3,2,1574,Unfurnished,30,9134311,29375
Barkheda,3,4,1788,Unfurnished,25,7861255,23145
Vijay nagar,1,2,603,Furnished,27,4310150,15501
Prabhat petrol pump,2,3,1195,Semi-Furnished,19,5766491,18029
Tajul masjid,1,2,428,Semi-Furnished,5,2271170,8761
Bawadiya Kalan,4,3,2994,Furnished,29,13561098,33968
Govindpura,2,4,1139,Unfurnished,21,6057959,16673
Narela,3,3,1779,Unfurnished,8,7560310,18771
Gulmohar,3,2,1375,Semi-Furnished,16,8856481,28972
Govindpura,1,2,706,Semi-Furnished,27,3733118,12734
Ratnagiri,4,1,2625,Unfurnished,14,12296236,35196
Nizamuddin colony,4,2,2380,Furnished,8,15469995,51747
Bittan Market,4,4,3456,Furnished,11,24201890,76014
Habibganj,5,3,4285,Furnished,12,23642474,75368
Saket nagar,1,1,514,Semi-Furnished,2,3444804,11614
Ayodhya nagar,1,4,486,Unfurnished,9,3075076,12779
char Imli,4,1,3235,Unfurnished,19,21342243,68928
Avadhpuri,1,2,666,Unfurnished,17,3003195,9764
Nizamuddin colony,1,2,694,Unfurnished,11,4573808,12994
VIP road,1,2,692,Semi-Furnished,20,4501027,13386
Habibganj,4,4,3148,Furnished,20,17340546,57356
Indrapuri,3,4,1233,Unfurnished,18,4969733,10375
char Imli,4,2,3328,Unfurnished,29,22038816,68037
Karond,5,4,3646,Furnished,12,17909123,52231
eidgah hills,1,1,621,Furnished,14,3813633,13029
Govindpura,1,2,591,Unfurnished,29,3086852,7931
VIP road,2,2,951,Furnished,24,6154765,18251
Arjun Nagar,4,2,3460,Unfurnished,19,20697083,67253
Bittan Market,2,2,1078,Semi-Furnished,7,7537246,24842
Shanti Nagar,1,2,403,Furnished,22,2436991,6455
Shyamla Hills,4,2,2501,Furnished,0,18734769,63812
Shanti Nagar,3,4,1717,Furnished,18,10226123,31272
Bawadiya Kalan,5,3,3281,Semi-Furnished,29,14699156,40942
Karond,2,4,1197,Unfurnished,16,5836569,16200
New market,1,3,589,Furnished,29,4055108,11288
Narela,5,4,3405,Furnished,4,14647852,38577
Bawadiya Kalan,5,3,3595,Furnished,25,16113493,41609
Bittan Market,1,1,477,Semi-Furnished,5,3288095,9020
eidgah hills,5,1,4834,Unfurnished,27,29052179,96146
Service road,2,3,1094,Unfurnished,21,6277343,21685
Gulmohar,1,4,513,Semi-Furnished,9,3308592,8783
MP Nagar,3,4,1766,Furnished,2,14132185,43166
Karond,4,2,3328,Unfurnished,19,16294945,46676
char Imli,2,1,1089,Semi-Furnished,6,7122653,21294
Avadhpuri,4,1,2408,Unfurnished,7,10673957,29882
Roshanpura,1,3,727,Unfurnished,18,3491065,10884
Shyamla Hills,2,1,951,Unfurnished,21,7130652,25026
Indrapuri,2,2,932,Semi-Furnished,17,3737284,10050
char Imli,5,2,3084,Furnished,8,20288535,64996
Gandhi nagar,1,3,543,Furnished,30,3274231,12043
jahangirabad,1,2,575,Furnished,24,2602861,6403
VIP road,3,2,1782,Unfurnished,5,11588793,37675
kohefiza,1,4,739,Furnished,4,3372898,7647
Vijay nagar,3,1,1235,Semi-Furnished,17,8971635,28526
Karond,4,1,3249,Semi-Furnished,8,15881406,46352
Habibganj,5,2,4959,Unfurnished,12,27356113,91029
Roshanpura,5,3,3050,Furnished,24,14737562,41756
kohefiza,3,3,1436,Semi-Furnished,5,6381758,16190
Govindpura,3,2,1894,Semi-Furnished,30,10033121,30701
eidgah hills,2,2,1085,Semi-Furnished,21,6579489,23131
Ayodhya bypass,5,3,3462,Unfurnished,30,18445468,54879
Kolar Road,5,3,4924,Furnished,30,24709620,75133
Sonagiri,1,2,604,Unfurnished,27,2799857,7912
chuna bhatti,5,2,4572,Semi-Furnished,11,21483498,57514
Bittan Market,3,3,1622,Furnished,23,11364381,34510
Govindpura,2,4,1109,Furnished,26,5876153,16972
Nizamuddin colony,3,3,1821,Furnished,29,11924128,39830
Piplani,1,3,722,Unfurnished,4,4968942,17416
Saket nagar,2,1,898,Unfurnished,6,6046672,20085
Indrapuri,2,4,860,Furnished,2,3526924,10123
Anand nagar,5,3,3527,Unfurnished,0,20470234,65015
Gulmohar,2,2,1014,Unfurnished,19,6564585,22158
Gulmohar,1,1,682,Unfurnished,25,4296931,14903
eidgah hills,1,2,600,Furnished,29,3603404,13253
sultaniya road,2,1,1087,Unfurnished,29,5626380,17295
Barkheda,3,3,1382,Semi-Furnished,0,6024374,18044
Gulmohar,5,3,4515,Unfurnished,18,28883274,93238
Gandhi nagar,3,3,1278,Furnished,9,7947635,30849
sultaniya road,2,1,824,Furnished,1,4215694,14004
Lalghati,2,3,956,Unfurnished,29,4554602,13372
Kolar hills,5,3,3752,Unfurnished,22,18770654,57457
Shanti Nagar,4,1,3451,Furnished,15,20324893,67483
Prabhat petrol pump,3,1,1815,Furnished,27,8924351,24845
jahangirabad,1,1,548,Furnished,11,2591672,5343
MP Nagar,1,4,418,Unfurnished,21,3292188,9472
Bairagarh,3,4,1662,Semi-Furnished,27,7522485,18045
New market,4,1,2291,Unfurnished,5,16081455,49127
chuna bhatti,4,4,2330,Semi-Furnished,3,11038236,28812
Ayodhya bypass,3,4,1282,Unfurnished,28,6729419,19067
Narela,2,3,986,Semi-Furnished,29,4262509,9273
MP Nagar,3,4,1945,Unfurnished,16,15467266,48542
Arera Colony,2,4,962,Unfurnished,6,7202647,24624
Sonagiri,3,4,1374,Semi-Furnished,18,6356006,16737
Service road,4,4,2861,Furnished,24,16687757,54118
Ashoka garden,2,1,1043,Unfurnished,23,5445322,17899
Minal,1,2,562,Furnished,20,2607167,8020
Arera Colony,2,2,962,Unfurnished,11,7257409,24612
Narela,5,2,3551,Semi-Furnished,6,15333105,37397
Ayodhya nagar,4,3,3194,Semi-Furnished,11,19732469,74708
Lalghati,1,3,481,Furnished,2,2273005,5272
Bawadiya Kalan,1,4,713,Furnished,15,3250458,7164
jahangirabad,2,2,822,Furnished,0,3848092,11027
Prabhat petrol pump,5,1,3612,Semi-Furnished,28,17710774,52015
kohefiza,2,3,997,Semi-Furnished,15,4491337,13777
kohefiza,3,3,1664,Semi-Furnished,8,7421422,18075
Lalghati,3,4,1690,Unfurnished,4,8207334,24430
Shanti Nagar,3,1,1549,Semi-Furnished,12,9182946,30546
New market,2,2,1139,Furnished,27,7990528,24343
Gandhi nagar,5,2,4879,Furnished,24,30205971,112468
Kamla Nagar,3,1,1345,Semi-Furnished,20,7079224,23191
Prabhat petrol pump,2,4,1104,Semi-Furnished,17,5451971,13512
Saket nagar,1,1,719,Semi-Furnished,4,4797200,16594
Vikas Nagar,2,4,924,Semi-Furnished,29,6298237,22346
Tajul masjid,4,4,2295,Unfurnished,0,12637171,41412
MP Nagar,2,1,841,Furnished,3,6756848,20557
char Imli,3,2,1309,Semi-Furnished,1,8545336,26270
sultaniya road,2,2,899,Unfurnished,4,4665766,14145
Barkheda,3,1,1431,Furnished,25,6304516,16628
ibrahimpura,3,4,1983,Unfurnished,8,8610931,20188
chuna bhatti,4,3,2884,Furnished,30,13539893,36383
Ashoka garden,1,4,495,Furnished,5,2587727,9398
Arjun Nagar,3,3,1510,Semi-Furnished,20,8978789,30257
Shyamla Hills,3,3,1427,Semi-Furnished,24,10661815,35007
char Imli,2,4,1139,Furnished,17,7450758,23071
Hoshangabad Road,2,4,1012,Furnished,5,5182784,15102
sultaniya road,4,4,2732,Furnished,29,14128201,42453
Hoshangabad Road,5,3,4528,Semi-Furnished,10,23175913,67070
Kolar Road,1,2,776,Semi-Furnished,14,3895658,13413
Sonagiri,4,4,2662,Unfurnished,4,12278510,29996
Chuna Bhatti,1,1,458,Semi-Furnished,3,2155200,7133
Shyamla Hills,4,2,2923,Semi-Furnished,27,21947548,71392
Gandhi nagar,1,4,669,Furnished,22,4077333,13665
New market,4,2,2453,Unfurnished,18,17262582,52062
New market,5,1,3971,Unfurnished,27,27754708,87746
Vikas Nagar,4,3,3108,Unfurnished,18,21225040,70706
Kolar Road,1,3,513,Furnished,30,2570728,8239
Indrapuri,3,2,1858,Semi-Furnished,13,7513244,18670
Kolar Road,2,3,864,Semi-Furnished,16,4410570,14639
Vikas Nagar,5,1,3069,Unfurnished,16,20821029,70735
MP Nagar,3,2,1836,Semi-Furnished,24,14753915,45732
Shanti Nagar,4,3,2721,Unfurnished,1,16089430,53653
Lalghati,2,4,1077,Semi-Furnished,12,5116414,13878
Shyamla Hills,3,3,1298,Unfurnished,12,9791057,30641
Vikas Nagar,3,3,1447,Unfurnished,26,9861868,34540
Narela,5,3,3473,Unfurnished,25,14883751,36775
Shivaji Nagar,5,3,4740,Furnished,0,28535781,95103
jahangirabad,2,4,907,Furnished,13,4219462,10288
Habibganj,3,2,1609,Furnished,26,8751937,27529
Shyamla Hills,5,4,3608,Furnished,10,27084759,90233
ibrahimpura,5,4,3189,Semi-Furnished,6,13806481,34390
Bairagarh,2,3,1106,Furnished,13,4937022,11369
Bairagarh,4,4,2794,Semi-Furnished,14,12665860,33296
Saket nagar,2,4,890,Furnished,12,6001668,19653
sultaniya road,1,2,457,Unfurnished,3,2442838,9304
Sonagiri,1,1,581,Unfurnished,28,2713847,5274
Govindpura,3,4,1547,Semi-Furnished,12,8139942,26682
Arera Colony,5,2,3026,Semi-Furnished,21,22626289,70971
Ratnagiri,5,3,3867,Furnished,18,18213645,50493
Kolar hills,2,3,995,Furnished,18,4914191,15556
Ayodhya bypass,2,3,1037,Semi-Furnished,5,5575386,16823
New market,4,4,2907,Furnished,14,20354053,62342
Bawadiya Kalan,5,3,3489,Unfurnished,16,15793915,42981
Gandhi nagar,3,3,1906,Furnished,23,11807768,44914
sultaniya road,3,1,1401,Unfurnished,26,7187998,22284
Misrod,2,3,1181,Semi-Furnished,24,5002931,14912
MP Nagar,3,3,1823,Unfurnished,30,14643223,44784
Service road,1,4,601,Semi-Furnished,1,3392797,9511
eidgah hills,5,2,4576,Unfurnished,4,27474173,92023
VIP road,3,2,1639,Semi-Furnished,18,10743222,36142
Saket nagar,4,3,2980,Semi-Furnished,27,20204713,70522
Sonagiri,5,4,3581,Furnished,28,16545349,44911
Prabhat petrol pump,1,4,421,Semi-Furnished,14,2152589,5462
Misrod,3,2,1907,Semi-Furnished,13,8014203,21105
Arera Colony,2,2,974,Unfurnished,16,7277398,23870
Kamla Nagar,3,1,1707,Furnished,1,8904766,25854
ibrahimpura,2,2,1143,Semi-Furnished,14,4978418,14065
Hoshangabad Road,2,3,933,Furnished,22,4745564,13567
Hoshangabad Road,3,4,1510,Unfurnished,4,7724631,24637
Kolar hills,5,3,3574,Semi-Furnished,15,17805894,52228
Lalghati,3,2,1447,Unfurnished,25,7027664,20570
Vijay nagar,4,2,2466,Furnished,5,17842856,57263
char Imli,4,3,3134,Furnished,12,20626051,63951
Shivaji Nagar,2,1,1022,Unfurnished,12,6041346,22038
MP Nagar,3,4,1204,Unfurnished,13,9716636,29591
Arjun Nagar,1,2,529,Furnished,19,3081821,12169
Shanti Nagar,5,4,4242,Semi-Furnished,26,25017336,79115
Habibganj,1,4,677,Furnished,27,3748021,12072
VIP road,3,4,1789,Furnished,22,11636992,38375
Arjun Nagar,4,2,2634,Semi-Furnished,25,15854269,54676
Tajul masjid,5,2,4156,Furnished,17,22926363,73386
Karond,3,3,1792,Semi-Furnished,8,8770254,24582
VIP road,4,3,2623,Furnished,17,17066131,54513
Tajul masjid,1,4,779,Semi-Furnished,7,4335284,14073
Shanti Nagar,5,1,3318,Unfurnished,19,19643037,63847
Narela,4,2,2225,Unfurnished,6,9629094,25404
New market,1,1,712,Semi-Furnished,9,5047772,14081
Barkheda,4,4,2813,Unfurnished,14,12391245,36261
Misrod,4,3,2785,Furnished,2,11603814,29634
Roshanpura,5,4,4093,Furnished,9,19712670,58028
Arjun Nagar,5,1,3363,Semi-Furnished,3,20217407,66585
Minal,1,2,433,Furnished,16,1985855,4789
Bairagarh,4,3,2591,Semi-Furnished,23,11565575,32469
Shyamla Hills,5,3,4129,Unfurnished,30,30971922,102362
VIP road,5,1,4047,Semi-Furnished,17,26246412,86421
Roshanpura,3,3,1205,Unfurnished,25,5831963,17317
ibrahimpura,1,3,757,Unfurnished,13,3278416,8990
Lalghati,1,3,718,Furnished,9,3386915,11869
Gandhi nagar,3,3,1955,Unfurnished,3,12105257,46031
Bittan Market,3,1,1471,Semi-Furnished,30,10331902,31012
Ratnagiri,4,4,2777,Unfurnished,13,12994651,35008
Lalghati,3,3,1434,Unfurnished,28,6837966,21133
Tajul masjid,1,3,443,Furnished,0,2337332,6791
Gandhi nagar,4,4,2367,Furnished,18,14637608,53826
Habibganj,2,2,868,Semi-Furnished,8,4706442,14043
Ashoka garden,3,2,1995,Furnished,29,10277189,33330
Tajul masjid,4,4,2921,Furnished,15,16135898,54237
chuna bhatti,5,4,3646,Unfurnished,12,17053856,45491
Govindpura,3,1,1390,Unfurnished,17,7385175,21828
New market,2,4,873,Semi-Furnished,6,6192327,20777
Bittan Market,3,2,1369,Unfurnished,23,9597111,31095
Bawadiya Kalan,1,3,444,Semi-Furnished,7,2039303,7261
chuna bhatti,1,4,430,Semi-Furnished,21,2102368,7155
Barkheda,5,2,4421,Semi-Furnished,15,19408892,56660
VIP road,3,2,1722,Semi-Furnished,6,11119447,37583
Ashoka garden,4,2,3202,Semi-Furnished,30,16745067,49483
kohefiza,1,3,705,Semi-Furnished,22,3122562,7938
Saket nagar,5,2,3124,Furnished,9,21165255,73432
Ashoka garden,4,2,2501,Furnished,3,13092391,41757
Ayodhya nagar,1,2,663,Semi-Furnished,6,4105897,13385
Narela,3,2,1515,Unfurnished,3,6463318,17941
Indrapuri,4,4,3358,Unfurnished,22,13333296,34882
ibrahimpura,4,3,2381,Unfurnished,11,10139844,26619
Avadhpuri,1,4,726,Semi-Furnished,19,3153188,10210
Shivaji Nagar,1,2,467,Semi-Furnished,14,2830923,9862
Ashoka garden,1,1,415,Semi-Furnished,19,2118272,7821
jahangirabad,3,1,1785,Semi-Furnished,29,8123070,19617
Narela,3,3,1759,Semi-Furnished,11,7591008,21183
Vijay nagar,4,4,3015,Furnished,28,21767984,73100
Narela,1,2,732,Unfurnished,30,3078643,8083
Prabhat petrol pump,3,1,1518,Furnished,7,7427066,21646
Vijay nagar,1,3,531,Semi-Furnished,22,3838698,13675
Minal,1,2,686,Semi-Furnished,7,3140085,6975
Shyamla Hills,3,4,1727,Semi-Furnished,24,12971558,43649
sultaniya road,2,2,1199,Semi-Furnished,24,6268857,20931
Roshanpura,5,3,4292,Unfurnished,17,20516912,58571
Narela,2,3,819,Unfurnished,15,3535430,8507
Arjun Nagar,1,2,643,Furnished,3,3861167,11321
jahangirabad,4,2,2608,Furnished,20,12047329,32031
kohefiza,2,3,967,Semi-Furnished,20,4333691,11890
Vikas Nagar,2,1,1089,Semi-Furnished,29,7366221,24002
Bittan Market,4,1,2657,Furnished,10,18601107,57832
Narela,3,1,1874,Furnished,15,8028260,21458
Minal,5,1,3689,Semi-Furnished,29,17353032,47951
Shanti Nagar,4,2,2932,Furnished,5,17393815,56368
Ayodhya bypass,4,1,2346,Unfurnished,28,12467472,36148
Roshanpura,4,2,2641,Furnished,18,12661213,37953
Arjun Nagar,3,3,1822,Semi-Furnished,24,10967615,37407
Avadhpuri,5,4,3850,Semi-Furnished,23,16899482,51503
Minal,4,2,2520,Furnished,16,11862200,32337
Minal,1,1,504,Furnished,21,2293852,6882
Anand nagar,5,3,4246,Unfurnished,0,24656506,80752
Ayodhya nagar,5,3,3030,Unfurnished,27,18853172,68235
MP Nagar,1,2,701,Unfurnished,26,5707296,17258
Chuna Bhatti,2,3,1105,Unfurnished,16,5116952,14167
Bittan Market,5,3,4125,Unfurnished,29,28855567,92248
Minal,1,3,504,Furnished,4,2411138,6139
Bairagarh,2,1,898,Furnished,28,3963433,9580
kohefiza,3,2,1891,Furnished,11,8456331,22204
Hoshangabad Road,1,1,472,Furnished,0,2445517,8680
char Imli,4,3,2277,Unfurnished,23,14970290,47172
Kolar hills,1,4,626,Furnished,17,3041027,8095
Nizamuddin colony,1,3,678,Semi-Furnished,6,4356075,14460
Kamla Nagar,1,3,738,Unfurnished,23,3905164,12874
Vikas Nagar,4,2,2350,Furnished,5,16073335,55409
sultaniya road,1,4,698,Furnished,5,3713034,9832
Sonagiri,1,2,512,Semi-Furnished,14,2259664,7747
Vikas Nagar,3,4,1274,Unfurnished,9,8667194,28912
Sonagiri,2,4,979,Semi-Furnished,8,4509838,11174
Shanti Nagar,3,3,1607,Semi-Furnished,19,9579833,32125
Vijay nagar,2,3,1017,Furnished,18,7336820,23469
Shivaji Nagar,4,4,2418,Semi-Furnished,25,14473678,47169
Minal,4,3,3431,Unfurnished,10,16197614,44605
Vikas Nagar,4,1,2990,Furnished,8,20393147,70421
Chuna Bhatti,4,1,3021,Semi-Furnished,0,14104422,39892
Kolar hills,4,4,3336,Furnished,11,16584103,51753
jahangirabad,5,1,4938,Semi-Furnished,6,22755411,60355
Avadhpuri,2,3,1065,Unfurnished,23,4724888,12922
Avadhpuri,1,1,534,Unfurnished,14,2318863,7588
Barkheda,4,2,2928,Semi-Furnished,29,12816213,38068
Gandhi nagar,3,4,1545,Furnished,4,9534670,35140
Ashoka garden,5,3,4208,Furnished,15,21866808,67894
Nizamuddin colony,3,1,1346,Furnished,15,8675315,29324
Shyamla Hills,2,3,819,Unfurnished,12,6151255,18616
Nizamuddin colony,3,1,1960,Semi-Furnished,14,12675705,40516
kohefiza,3,3,1695,Semi-Furnished,0,7610662,18701
Bairagarh,5,2,4608,Unfurnished,9,20797452,54030
Gandhi nagar,4,3,3327,Furnished,7,20604063,77123
Kamla Nagar,2,4,824,Semi-Furnished,18,4226611,14428
Kolar hills,4,1,3372,Semi-Furnished,6,16826915,51073
Govindpura,5,2,3436,Semi-Furnished,17,18177856,53652
Narela,2,4,830,Semi-Furnished,10,3631898,8724
Arjun Nagar,1,4,780,Unfurnished,1,4669705,14508
Ashoka garden,5,3,4940,Semi-Furnished,8,25713793,80385
Kamla Nagar,4,2,3240,Unfurnished,0,16935838,50228
Shivaji Nagar,2,4,902,Unfurnished,24,5467585,19934
Misrod,1,2,485,Unfurnished,29,1989147,4601
Prabhat petrol pump,5,1,3784,Semi-Furnished,22,18636288,53641
Kamla Nagar,4,1,3096,Unfurnished,3,16177864,50711
Barkheda,3,1,1863,Unfurnished,10,8225172,25328
Bairagarh,2,4,846,Semi-Furnished,22,3747639,8227
Kolar Road,3,1,1513,Furnished,22,7523591,22569
Tajul masjid,4,4,2495,Furnished,18,13790823,44957
Service road,4,1,2861,Furnished,30,16665965,53428
Sonagiri,4,4,2735,Furnished,12,12519635,31844
Misrod,3,4,1669,Semi-Furnished,20,7012081,20144
Prabhat petrol pump,4,1,3265,Unfurnished,15,15938453,47590
Ayodhya bypass,2,1,873,Semi-Furnished,3,4619262,13565
Kamla Nagar,2,3,1051,Furnished,5,5489237,18088
Kolar hills,5,1,4576,Furnished,1,22876547,68434
Kolar hills,4,4,3141,Furnished,13,15745197,47612
Habibganj,4,2,2185,Furnished,11,11978374,39979
Kamla Nagar,4,2,2655,Unfurnished,28,13818978,41503
Lalghati,5,2,3270,Semi-Furnished,0,15793259,44695
Avadhpuri,3,4,1691,Semi-Furnished,15,7491639,23619
Ayodhya bypass,2,4,959,Furnished,7,5147718,17189
Saket nagar,3,3,1934,Furnished,16,13178567,43202
Anand nagar,5,1,3282,Unfurnished,3,19085213,60492
VIP road,5,3,4610,Furnished,7,29871419,98682
eidgah hills,5,1,4914,Semi-Furnished,7,29447315,97723
kohefiza,1,4,778,Unfurnished,12,3493138,10135
Anand nagar,1,1,588,Semi-Furnished,22,3475408,12908
Kamla Nagar,3,3,1991,Semi-Furnished,24,10354011,30841
Service road,5,2,3285,Furnished,5,19116877,62322
Barkheda,2,3,815,Furnished,29,3665587,10235
Shyamla Hills,1,1,442,Semi-Furnished,28,3393930,11847
Roshanpura,3,4,1986,Furnished,24,9528146,27319
MP Nagar,4,3,2956,Unfurnished,12,23672543,75563
Avadhpuri,3,1,1986,Furnished,24,8738705,23883
jahangirabad,4,2,2243,Semi-Furnished,5,10346633,27520
Sonagiri,4,1,2232,Unfurnished,21,10291345,26796
Ratnagiri,1,1,585,Semi-Furnished,20,2662726,6013
kohefiza,2,2,986,Semi-Furnished,8,4463761,11290
VIP road,3,4,1423,Semi-Furnished,24,9269007,30396
Shyamla Hills,5,2,4829,Semi-Furnished,5,36241400,121001
kohefiza,1,4,784,Furnished,16,3617808,9468
Anand nagar,3,2,1440,Unfurnished,19,8425652,25855
Nizamuddin colony,1,4,730,Semi-Furnished,27,4672571,14187
char Imli,3,2,1836,Furnished,4,12058366,39168
Barkheda,2,1,962,Semi-Furnished,27,4152729,10707
char Imli,4,3,3446,Semi-Furnished,7,22765785,71833
chuna bhatti,4,4,2023,Unfurnished,18,9512403,27631
Shanti Nagar,4,3,3037,Semi-Furnished,30,17987915,58842
Kolar Road,1,1,529,Semi-Furnished,5,2726157,8879
Piplani,5,3,4890,Furnished,7,34310637,108518
Govindpura,1,3,428,Furnished,21,2246400,5964
Gandhi nagar,1,4,798,Semi-Furnished,11,4956549,17961
MP Nagar,5,1,3398,Furnished,10,27275088,84193
Lalghati,1,4,576,Unfurnished,6,2801428,9149
Avadhpuri,3,2,1342,Furnished,3,5916860,18676
Sonagiri,3,2,1518,Semi-Furnished,18,6943075,16675
Ayodhya bypass,5,1,4770,Furnished,10,25220524,75018
Bawadiya Kalan,5,3,3246,Semi-Furnished,23,14695062,38834
MP Nagar,1,1,730,Unfurnished,4,5810997,20046
Tajul masjid,3,2,1945,Semi-Furnished,2,10732914,35764
Chuna Bhatti,1,2,631,Unfurnished,9,3007039,7738
Tajul masjid,2,3,845,Semi-Furnished,22,4605300,16345
Nizamuddin colony,5,2,3293,Furnished,22,21451928,70251
Anand nagar,5,4,3866,Unfurnished,17,22490289,73189
Vikas Nagar,4,2,3310,Semi-Furnished,17,22586307,74998
Roshanpura,4,4,2078,Semi-Furnished,4,9924695,27507
jahangirabad,4,1,2208,Unfurnished,24,10105619,27775
Saket nagar,2,1,817,Furnished,22,5515911,20302
Shanti Nagar,5,2,4704,Semi-Furnished,7,27850086,88877
Govindpura,2,1,1118,Unfurnished,20,5961780,17642
Lalghati,3,2,1691,Furnished,9,8124795,22415
Indrapuri,4,4,2686,Furnished,11,10729042,25154
Bittan Market,1,1,756,Unfurnished,30,5348339,16664
Sonagiri,1,1,506,Semi-Furnished,5,2270146,4643
Barkheda,5,3,4646,Unfurnished,4,20383149,60483
Kamla Nagar,2,4,1055,Unfurnished,14,5484869,18309
Karond,1,3,446,Furnished,23,2220518,4503
Shanti Nagar,1,2,407,Furnished,27,2397739,6627
New market,1,1,421,Semi-Furnished,23,2864837,11143
Chuna Bhatti,2,2,946,Unfurnished,20,4443217,10351
Piplani,4,2,2431,Unfurnished,30,17079735,55397
Gulmohar,1,2,452,Unfurnished,16,2830047,9618
Shanti Nagar,5,3,3965,Semi-Furnished,7,23300934,76286
Tajul masjid,3,4,1676,Furnished,29,9187579,29701
Habibganj,2,4,937,Unfurnished,9,5161965,17580
Karond,1,4,747,Unfurnished,27,3591194,8710
Gulmohar,1,1,639,Semi-Furnished,22,4064800,11742
Roshanpura,3,4,1916,Unfurnished,21,9097375,28110
Barkheda,5,3,4086,Furnished,15,17936192,51840
Karond,5,4,3560,Unfurnished,16,17349276,50817
Misrod,3,3,1861,Semi-Furnished,17,7911847,19967
Kamla Nagar,5,4,3752,Unfurnished,5,19461620,61684
Bawadiya Kalan,5,3,4222,Furnished,8,19086293,52652
Narela,1,1,557,Unfurnished,12,2425315,6184
Hoshangabad Road,1,4,715,Unfurnished,25,3659926,12606
MP Nagar,5,4,3319,Furnished,20,26469252,81384
Shivaji Nagar,4,1,2806,Semi-Furnished,3,16889131,54343
Kolar hills,4,1,3208,Unfurnished,10,16123883,48832
Tajul masjid,5,4,4756,Unfurnished,6,26229627,85101
Misrod,4,3,3179,Unfurnished,3,13315945,33928
Shanti Nagar,5,4,4977,Furnished,6,29384181,96135
Piplani,2,4,1171,Furnished,20,8202893,26855
Arjun Nagar,3,2,1257,Furnished,22,7627663,27102
chuna bhatti,1,2,630,Semi-Furnished,25,3029163,8637
Kamla Nagar,4,4,3004,Unfurnished,12,15649540,46254
Bairagarh,1,3,659,Unfurnished,21,2990262,7481
chuna bhatti,1,3,410,Semi-Furnished,14,1938777,5826
chuna bhatti,5,1,4341,Unfurnished,11,20472022,54938
Prabhat petrol pump,4,1,2983,Semi-Furnished,13,14525332,41904
Avadhpuri,5,2,3218,Semi-Furnished,26,14112126,40790
Kolar Road,4,3,2167,Furnished,23,10778940,34065
Habibganj,4,4,3345,Unfurnished,30,18372679,61149
Ratnagiri,1,1,595,Furnished,22,2850032,8739
Govindpura,5,2,3758,Semi-Furnished,10,19871043,59962
Kolar hills,5,3,3079,Furnished,27,15437218,46412
ibrahimpura,4,4,2650,Unfurnished,24,11315168,30422
Arjun Nagar,2,4,1055,Unfurnished,17,6262832,21110
Ayodhya bypass,2,4,1084,Furnished,11,5779333,18430
Ratnagiri,2,4,853,Unfurnished,16,4042830,9642
jahangirabad,5,4,3903,Furnished,10,17923483,44885
Anand nagar,2,1,1144,Furnished,17,6710245,22943
Tajul masjid,3,3,1691,Furnished,25,9391987,30824
Lalghati,1,2,554,Unfurnished,17,2673986,7216
Nizamuddin colony,1,2,612,Unfurnished,25,3896836,11370
Roshanpura,1,2,466,Furnished,6,2165715,4850
Vijay nagar,5,2,4794,Furnished,2,34478377,116226
Vikas Nagar,2,2,1108,Semi-Furnished,17,7519967,24166
Vikas Nagar,1,3,776,Furnished,20,5343216,18436
Sonagiri,2,2,910,Furnished,7,4212883,11784
Shanti Nagar,1,3,514,Furnished,8,3114250,8506
Karond,2,3,932,Furnished,2,4574392,11872
sultaniya road,1,2,799,Unfurnished,15,4100007,12722
Bawadiya Kalan,5,3,3797,Unfurnished,12,17062211,47288
Ayodhya bypass,4,2,2715,Semi-Furnished,6,14293016,44456
MP Nagar,3,2,1865,Semi-Furnished,15,14992261,46665
Misrod,4,2,2213,Unfurnished,9,9305473,23010
Arera Colony,2,3,1167,Unfurnished,9,8735979,27745
Vijay nagar,3,2,1535,Semi-Furnished,29,11084940,37900
Vijay nagar,2,4,1159,Unfurnished,30,8360804,29186
Avadhpuri,2,4,1023,Furnished,0,4549571,14477
Arjun Nagar,1,3,430,Semi-Furnished,16,2641145,10068
Minal,5,2,4670,Furnished,11,21890624,61369
jahangirabad,4,3,2132,Furnished,5,9864412,27058
Barkheda,2,2,1027,Furnished,9,4538545,13856
Kolar Road,1,4,475,Unfurnished,12,2366536,8728
Service road,4,4,2687,Furnished,3,15575487,50138
Arjun Nagar,2,3,930,Semi-Furnished,7,5660974,19575
Service road,3,2,1350,Furnished,0,7828774,27087
Gandhi nagar,1,1,599,Semi-Furnished,9,3658361,14509
Karond,5,4,4082,Unfurnished,8,19974662,57911
Ayodhya bypass,5,3,3495,Unfurnished,19,18478835,55619
char Imli,4,1,2993,Semi-Furnished,12,19811720,63611
Barkheda,1,1,455,Furnished,21,1998115,7425
Nizamuddin colony,4,2,3359,Furnished,10,21764494,70721
Kolar Road,3,2,1724,Furnished,12,8615708,25582
Chuna Bhatti,2,3,1012,Semi-Furnished,5,4845520,14034
ibrahimpura,3,2,1951,Furnished,18,8330451,22268
Ashoka garden,3,4,1672,Semi-Furnished,1,8645126,26095
Kamla Nagar,2,4,947,Furnished,27,4979120,14224
Roshanpura,3,1,1773,Unfurnished,19,8418215,24396
Service road,4,1,3040,Semi-Furnished,2,17599318,56644
Shyamla Hills,4,1,2308,Furnished,1,17320587,57853
Arera Colony,2,1,882,Furnished,17,6686514,19932
Vikas Nagar,2,2,910,Semi-Furnished,16,6158609,20599
Bawadiya Kalan,4,1,2770,Furnished,0,12499251,33289
Kolar Road,4,1,3367,Semi-Furnished,18,16900386,51079
Gandhi nagar,2,2,913,Unfurnished,9,5571089,19334
Minal,3,3,1391,Furnished,6,6464620,18667
Shanti Nagar,4,1,2129,Semi-Furnished,12,12586932,40859
Shanti Nagar,2,2,903,Semi-Furnished,9,5263577,19122
VIP road,4,2,2014,Unfurnished,27,13099930,43517
New market,5,3,4624,Semi-Furnished,21,32414472,102919
Narela,2,1,1014,Furnished,1,4378153,11758
Gandhi nagar,5,3,4710,Unfurnished,21,29175041,108826
New market,3,1,1612,Furnished,5,11339320,36499
Shyamla Hills,5,2,3469,Unfurnished,13,26010210,87966
jahangirabad,3,3,1640,Semi-Furnished,29,7575678,21639
Avadhpuri,4,1,2789,Semi-Furnished,27,12355533,37602
Karond,4,3,3059,Unfurnished,2,14917462,43403
Shyamla Hills,4,3,3020,Semi-Furnished,21,22633326,76059
Hoshangabad Road,3,4,1932,Unfurnished,8,9814842,28995
Roshanpura,3,1,1336,Semi-Furnished,11,6346406,16944
Misrod,5,4,4270,Semi-Furnished,6,17977559,45662
New market,5,4,4733,Semi-Furnished,29,33178141,103124
MP Nagar,3,1,1410,Unfurnished,15,11350513,33594
Narela,5,3,3140,Semi-Furnished,16,13534184,35141
Ashoka garden,2,2,854,Furnished,6,4372850,12432
MP Nagar,1,4,766,Furnished,3,6077654,19415
Saket nagar,2,4,1139,Semi-Furnished,25,7704626,27256
Hoshangabad Road,2,4,872,Semi-Furnished,1,4410544,11801
ibrahimpura,5,1,3954,Unfurnished,30,16927946,44963
char Imli,4,3,2440,Semi-Furnished,6,16163393,52483
jahangirabad,1,3,691,Unfurnished,16,3178776,6898
Ratnagiri,4,2,3017,Semi-Furnished,4,14182820,38547
Kolar hills,2,1,1142,Semi-Furnished,1,5704506,15721
Kolar hills,1,3,523,Unfurnished,14,2684921,8528
Barkheda,1,1,595,Furnished,27,2717170,5961
MP Nagar,5,1,3383,Furnished,23,27097860,86414
Ayodhya nagar,5,4,4063,Unfurnished,4,25102863,92278
Gulmohar,1,2,455,Unfurnished,6,2958737,10204
chuna bhatti,4,4,3030,Unfurnished,29,14185943,39020
New market,4,2,3070,Unfurnished,24,21577408,68918
Kolar hills,4,2,2153,Unfurnished,19,10804546,30473
Piplani,3,2,1418,Semi-Furnished,25,9917801,32994
Ratnagiri,5,4,3644,Semi-Furnished,13,17130483,47114
Barkheda,2,3,884,Unfurnished,10,3804098,11078
Kolar Road,4,3,2799,Unfurnished,14,13979126,40758
Prabhat petrol pump,3,2,1637,Furnished,22,8022277,24136
eidgah hills,3,1,1703,Semi-Furnished,19,10295992,35476
Saket nagar,2,3,1103,Semi-Furnished,14,7563702,25524
chuna bhatti,3,4,1915,Furnished,30,8920573,23601
Misrod,5,2,3305,Furnished,26,13837496,37352
Arjun Nagar,3,4,1773,Furnished,23,10625700,33985
MP Nagar,3,3,1403,Unfurnished,16,11173112,33265
Roshanpura,3,3,1436,Semi-Furnished,10,6884185,18384
eidgah hills,1,2,505,Furnished,29,3100025,9650
Saket nagar,1,3,694,Unfurnished,24,4657314,14563
Shivaji Nagar,5,1,4521,Furnished,27,27165840,89216
Bawadiya Kalan,4,3,2184,Unfurnished,28,9922445,24834
Ayodhya nagar,2,1,840,Unfurnished,12,5302929,18973
Vijay nagar,4,3,3200,Semi-Furnished,18,22947100,75052
Kamla Nagar,3,4,1246,Furnished,6,6442370,20483
Sonagiri,5,4,3671,Unfurnished,24,16815687,45027
kohefiza,1,1,798,Furnished,4,3674676,8185
Bawadiya Kalan,1,2,616,Furnished,28,2740315,8206
Bawadiya Kalan,3,1,1902,Furnished,4,8510789,23456
Narela,1,1,758,Furnished,27,3279633,9453
Misrod,3,1,1969,Unfurnished,21,8320667,21619
Piplani,2,2,957,Semi-Furnished,26,6771211,19917
ibrahimpura,1,4,492,Unfurnished,4,2057183,3792
Roshanpura,2,3,927,Unfurnished,24,4440549,13118
eidgah hills,1,3,688,Unfurnished,9,4090539,12792
Minal,1,3,559,Semi-Furnished,15,2563870,8743
Bairagarh,4,1,2725,Unfurnished,2,12252488,31648
Kolar Road,3,1,1605,Unfurnished,11,7960987,23781
Saket nagar,2,4,945,Semi-Furnished,26,6366736,21488
Roshanpura,2,4,823,Furnished,20,3877968,12068
Shanti Nagar,5,1,4396,Furnished,23,25935652,81842
Arera Colony,2,4,1047,Semi-Furnished,3,7822854,23560
Minal,5,1,4729,Unfurnished,1,22170780,62738
Ashoka garden,4,3,3048,Unfurnished,26,15867508,48395
Arjun Nagar,4,1,3357,Unfurnished,17,20087253,67240
Kamla Nagar,1,3,461,Semi-Furnished,5,2316683,7326
Gulmohar,4,1,2903,Semi-Furnished,16,18533951,61827
jahangirabad,2,2,859,Semi-Furnished,5,3929580,9681
Habibganj,3,2,1929,Semi-Furnished,9,10703957,35979
MP Nagar,1,3,748,Unfurnished,7,5988925,17867
Hoshangabad Road,1,4,662,Semi-Furnished,25,3294461,10691
Karond,4,4,2945,Semi-Furnished,15,14437006,40759
Sonagiri,5,1,3663,Unfurnished,6,16797966,44044
Shyamla Hills,5,4,3330,Unfurnished,17,24954390,82879
eidgah hills,4,3,2025,Semi-Furnished,24,12113948,41897
Lalghati,5,1,3092,Semi-Furnished,24,14781995,43896
Shyamla Hills,1,2,608,Furnished,20,4494326,16013
Karond,4,2,2798,Semi-Furnished,14,13676270,38693
chuna bhatti,1,3,789,Unfurnished,1,3711541,12083
Minal,1,1,576,Unfurnished,25,2799106,6992
Habibganj,5,1,4210,Furnished,25,23076861,77016
Roshanpura,5,2,4935,Furnished,8,23686880,67281
Bittan Market,2,2,1084,Semi-Furnished,9,7604743,23489
kohefiza,2,4,1198,Semi-Furnished,23,5297106,14915
Ayodhya nagar,5,3,3378,Semi-Furnished,3,20878238,76496
Prabhat petrol pump,1,2,497,Unfurnished,9,2374954,5566
Sonagiri,1,4,670,Furnished,16,3137794,7528
Saket nagar,1,1,730,Furnished,7,4994075,18152
Ayodhya nagar,1,1,441,Semi-Furnished,21,2656748,10045
Bawadiya Kalan,1,4,739,Semi-Furnished,26,3361581,9521
Ayodhya bypass,1,2,512,Semi-Furnished,16,2688489,7054
sultaniya road,4,2,2106,Semi-Furnished,18,10933656,33654
VIP road,3,1,1414,Furnished,11,9250342,30705
Ashoka garden,2,3,835,Furnished,29,4411287,13533
Chuna Bhatti,1,2,662,Semi-Furnished,27,3089066,7092
New market,2,1,863,Furnished,30,6094576,18400
Minal,5,2,4175,Furnished,13,19589529,54869
Saket nagar,2,4,1016,Furnished,27,6967051,21858
Karond,3,3,1670,Unfurnished,7,8164090,22641
Bittan Market,2,3,923,Semi-Furnished,4,6392950,19630
kohefiza,3,4,1325,Semi-Furnished,8,5937217,15779
Kamla Nagar,5,4,3658,Furnished,21,19108880,59916
Barkheda,2,2,893,Unfurnished,11,3916763,13415
Bairagarh,3,3,1722,Unfurnished,4,7809226,19427
Minal,3,4,1450,Furnished,2,6790462,20649
Shanti Nagar,1,2,798,Unfurnished,25,4686682,13835
Shanti Nagar,1,1,429,Furnished,18,2601353,7602
Karond,3,3,1371,Unfurnished,7,6752101,17294
Piplani,4,3,3198,Furnished,1,22426055,70342
sultaniya road,1,2,510,Unfurnished,11,2702298,9056
Anand nagar,5,4,3265,Furnished,23,18977019,63759
Sonagiri,5,4,3548,Furnished,19,16266757,42500
Shyamla Hills,2,2,942,Furnished,6,7076414,21764
VIP road,1,1,635,Unfurnished,23,4196317,14353
Shivaji Nagar,4,1,2443,Unfurnished,11,14583897,47537
Bawadiya Kalan,4,1,2104,Unfurnished,29,9505449,23497
Arjun Nagar,2,1,975,Furnished,5,5938852,20981
Arjun Nagar,1,3,639,Furnished,8,3734320,11378
sultaniya road,2,2,809,Unfurnished,19,4214007,12040
eidgah hills,5,4,4030,Furnished,20,24224701,80440
ibrahimpura,1,2,561,Semi-Furnished,3,2422949,4296
Shivaji Nagar,2,1,954,Furnished,2,5774367,18212
chuna bhatti,2,1,1079,Semi-Furnished,15,5126811,15041
Bairagarh,5,4,4261,Furnished,24,19185434,51498
sultaniya road,1,1,762,Semi-Furnished,18,4019488,13213
VIP road,5,4,3018,Semi-Furnished,28,19540012,64843
Hoshangabad Road,3,4,1381,Unfurnished,29,7101591,19004
jahangirabad,1,4,735,Semi-Furnished,1,3337338,8499
Shanti Nagar,4,3,2940,Semi-Furnished,2,17282115,56460
Vijay nagar,1,2,556,Semi-Furnished,21,4003908,11942
Chuna Bhatti,4,4,2776,Furnished,24,13125391,34353
Sonagiri,5,2,4848,Furnished,15,22230119,57769
Bittan Market,4,1,2487,Unfurnished,22,17504905,52758
Bawadiya Kalan,4,3,3287,Semi-Furnished,0,14723716,38510
Bawadiya Kalan,4,1,3364,Unfurnished,10,15087708,41810
Gulmohar,1,1,471,Semi-Furnished,24,3000633,11017
Gandhi nagar,2,3,1167,Furnished,18,7253905,25034
Shyamla Hills,2,2,807,Unfurnished,8,6060518,19883
Saket nagar,4,3,2153,Semi-Furnished,9,14550763,51346
Karond,2,2,814,Unfurnished,8,3955230,10517
char Imli,2,3,905,Furnished,17,5981203,20883
Ayodhya bypass,2,1,864,Unfurnished,30,4549590,12227
Karond,3,4,1592,Semi-Furnished,29,7770392,22934
Chuna Bhatti,4,3,3285,Semi-Furnished,18,15533546,42096
Bittan Market,4,4,3222,Semi-Furnished,8,22502029,72699
Anand nagar,5,1,4964,Unfurnished,5,28748003,92353
Nizamuddin colony,5,3,4005,Unfurnished,26,25975990,85263
Habibganj,2,3,937,Semi-Furnished,7,5053981,15860
Anand nagar,1,3,754,Unfurnished,0,4452688,13824
Ayodhya bypass,2,4,851,Furnished,19,4456412,11869
Minal,3,4,1895,Semi-Furnished,8,8964812,23941
Shyamla Hills,2,4,801,Semi-Furnished,14,5962738,19619
VIP road,4,1,3085,Unfurnished,29,20070696,65790
Indrapuri,2,4,819,Semi-Furnished,23,3206858,6505
Barkheda,4,3,2665,Unfurnished,18,11671827,35589
Kolar Road,3,3,1360,Furnished,30,6833910,19611
Shanti Nagar,3,2,1668,Furnished,17,9817097,31748
Ayodhya bypass,1,2,736,Furnished,14,3918627,10973
Ayodhya bypass,3,3,1714,Furnished,21,9182361,28725
Gandhi nagar,4,2,2404,Furnished,6,14974800,53601
Shanti Nagar,2,4,1014,Furnished,13,5943513,20213
Bawadiya Kalan,1,4,610,Unfurnished,7,2771456,8437
Bawadiya Kalan,3,2,1763,Semi-Furnished,7,8023377,20303
Lalghati,1,4,495,Unfurnished,30,2451073,5835
Karond,1,2,437,Semi-Furnished,7,2180815,7783
Misrod,2,1,802,Furnished,4,3385989,9837
Piplani,1,2,451,Unfurnished,4,3152735,11125
chuna bhatti,2,3,1137,Unfurnished,6,5416017,15368
Karond,1,2,707,Furnished,18,3430431,8125
Gulmohar,4,4,3299,Furnished,12,21104030,70569
eidgah hills,2,4,870,Furnished,22,5152199,15529
Sonagiri,1,4,438,Unfurnished,15,1915764,4448
Shanti Nagar,3,1,1281,Semi-Furnished,19,7654131,22689
char Imli,2,1,1074,Unfurnished,3,6988768,21815
kohefiza,5,1,3223,Semi-Furnished,3,14416871,38190
Ayodhya bypass,4,1,3175,Furnished,2,16849610,51220
Shivaji Nagar,1,3,509,Unfurnished,8,3136411,11546
chuna bhatti,5,1,4926,Semi-Furnished,16,23233161,64113
sultaniya road,2,2,898,Semi-Furnished,7,4694265,12376
VIP road,2,2,1103,Unfurnished,1,7069601,22510
kohefiza,4,2,2257,Furnished,13,10226917,28460
Shyamla Hills,2,3,1036,Furnished,16,7706487,27279
Roshanpura,2,3,1091,Unfurnished,14,5218147,14733
Lalghati,4,4,3328,Furnished,14,16058166,45322
Tajul masjid,2,1,1001,Semi-Furnished,2,5423637,17847
Indrapuri,1,3,546,Semi-Furnished,7,2184833,4260
Kolar Road,1,4,644,Furnished,0,3155541,8086
jahangirabad,5,1,4965,Unfurnished,24,22832860,59338
Vikas Nagar,3,1,1412,Furnished,5,9522839,31067
Lalghati,4,3,2078,Semi-Furnished,1,9891733,27636
MP Nagar,4,2,2447,Furnished,14,19538155,61123
Narela,2,1,1108,Unfurnished,10,4741990,13799
Lalghati,3,3,1850,Furnished,27,8803630,25469
ibrahimpura,1,4,664,Semi-Furnished,20,2908932,6848
Kolar hills,4,2,2014,Furnished,5,9996890,31939
Misrod,4,4,2114,Unfurnished,19,8878821,23264
Vikas Nagar,5,3,4750,Semi-Furnished,27,32353217,109091
Habibganj,2,2,819,Furnished,9,4526082,13607
Ratnagiri,3,3,1278,Unfurnished,23,6080672,14647
Roshanpura,3,3,1699,Unfurnished,1,8242641,23611
jahangirabad,4,4,2677,Unfurnished,24,12260907,32234
Bawadiya Kalan,4,3,2595,Semi-Furnished,27,11766096,29239
ibrahimpura,3,1,1947,Unfurnished,12,8303604,22965
Habibganj,3,4,1957,Unfurnished,24,10840278,36983
Kolar hills,4,3,3438,Unfurnished,0,17205109,52017
MP Nagar,4,3,2869,Semi-Furnished,25,22897695,69837
Karond,4,2,2792,Semi-Furnished,21,13756610,40404
Bittan Market,5,2,4342,Semi-Furnished,0,30305086,94257
Vijay nagar,1,3,530,Semi-Furnished,15,3894527,12237
Arjun Nagar,5,2,4837,Furnished,8,29052213,97680
Tajul masjid,3,2,1550,Semi-Furnished,30,8425425,26838
sultaniya road,1,4,551,Unfurnished,19,2894362,9821
Indrapuri,1,1,457,Furnished,5,1768410,5536
Chuna Bhatti,5,2,3755,Furnished,12,17730290,48563
Indrapuri,4,4,3393,Unfurnished,22,13626743,34479
Service road,5,2,3032,Furnished,25,17523839,58916
VIP road,2,4,864,Unfurnished,29,5647660,17877
Ayodhya nagar,2,1,803,Unfurnished,29,4947083,19697
Habibganj,4,4,2418,Semi-Furnished,7,13204447,43504
eidgah hills,3,2,1642,Semi-Furnished,6,9760064,31414
Hoshangabad Road,2,4,992,Furnished,10,4973501,15450
Bairagarh,3,3,1918,Unfurnished,23,8702773,22665
Bawadiya Kalan,5,4,4852,Semi-Furnished,15,21902001,58684
Indrapuri,2,4,1074,Furnished,25,4285137,10530
Saket nagar,4,1,2183,Unfurnished,10,14811493,50361
Kamla Nagar,2,4,989,Unfurnished,22,5162527,15435
Piplani,2,3,1084,Furnished,21,7524826,22941
Vijay nagar,4,4,3385,Unfurnished,18,24408303,82695
Ratnagiri,4,1,2345,Semi-Furnished,8,10997233,29448
jahangirabad,4,2,2203,Semi-Furnished,0,10161894,26798
Vikas Nagar,3,1,1851,Unfurnished,11,12650971,40678
Anand nagar,2,3,1168,Unfurnished,1,6785266,22229
Barkheda,1,2,751,Unfurnished,5,3319257,8865
Arjun Nagar,4,3,2939,Semi-Furnished,25,17606009,57168
Shanti Nagar,5,4,3114,Furnished,14,18318894,58485
Bairagarh,4,3,2345,Semi-Furnished,7,10604324,28862
Bawadiya Kalan,3,1,1481,Semi-Furnished,22,6718432,17069
Prabhat petrol pump,1,4,733,Semi-Furnished,11,3507277,10095
Ayodhya bypass,2,2,1174,Semi-Furnished,21,6321959,19311
sultaniya road,4,2,3369,Unfurnished,18,17491173,52175
Gandhi nagar,1,2,560,Unfurnished,20,3569232,12325
Arjun Nagar,3,2,1698,Semi-Furnished,14,10286771,35495
Misrod,3,1,1954,Semi-Furnished,28,8194953,23171
Arera Colony,1,3,594,Semi-Furnished,26,4513208,13708
Arjun Nagar,4,4,2243,Unfurnished,11,13424492,43627
Lalghati,3,3,1704,Unfurnished,27,8089497,24416
Sonagiri,5,2,3732,Semi-Furnished,1,17261099,42913
Gulmohar,1,1,703,Unfurnished,24,4598506,13496
Arera Colony,2,1,860,Furnished,15,6353227,20610
Vikas Nagar,1,1,714,Semi-Furnished,26,4786258,15823
Kolar hills,1,4,489,Furnished,12,2381756,9084
Kolar hills,3,1,1552,Semi-Furnished,16,7795386,21449
Bairagarh,2,4,1076,Furnished,28,4759560,12532
Govindpura,2,3,1030,Unfurnished,4,5470551,16651
chuna bhatti,4,2,3251,Semi-Furnished,12,15181246,40983
jahangirabad,5,3,3321,Semi-Furnished,13,15235642,37919
Nizamuddin colony,1,3,495,Unfurnished,10,3292566,9386
Karond,2,3,902,Semi-Furnished,22,4379196,12776
Bairagarh,1,3,727,Furnished,5,3360586,9217
Saket nagar,5,1,4901,Furnished,7,33359457,112484
Piplani,5,4,3809,Semi-Furnished,17,26649678,83305
Indrapuri,4,4,2461,Unfurnished,5,9776900,23652
Barkheda,4,1,3425,Semi-Furnished,16,15067066,45809
Indrapuri,5,2,4251,Unfurnished,24,17008274,44345
Hoshangabad Road,3,4,1633,Unfurnished,23,8327984,25647
ibrahimpura,4,2,2655,Semi-Furnished,14,11464554,27966
Bawadiya Kalan,2,2,821,Furnished,15,3786664,9661
Bairagarh,3,2,1577,Unfurnished,2,7149992,18314
Chuna Bhatti,4,2,2675,Unfurnished,24,12588871,36212
VIP road,4,4,2614,Semi-Furnished,14,16944548,56248
Bawadiya Kalan,5,4,4984,Unfurnished,25,22350881,58475
Arjun Nagar,3,4,1393,Furnished,2,8421061,28811
Anand nagar,3,3,1546,Unfurnished,15,8918260,30651
Piplani,5,2,3169,Semi-Furnished,13,22232212,71697
Gulmohar,4,3,3179,Furnished,18,20247023,65946
Misrod,2,2,809,Unfurnished,17,3483632,7419
Shivaji Nagar,4,1,2725,Unfurnished,16,16422857,55503
Ratnagiri,1,4,657,Unfurnished,19,3038848,8136
Narela,3,3,1556,Furnished,0,6654757,16277
New market,3,4,1444,Semi-Furnished,15,10032808,31316
Gulmohar,3,1,1707,Semi-Furnished,1,10922616,36472
sultaniya road,1,3,522,Furnished,30,2679463,7738
Shanti Nagar,3,1,1887,Semi-Furnished,6,11150439,37741
kohefiza,3,2,1951,Unfurnished,11,8749150,23500
New market,1,4,760,Unfurnished,25,5242544,15928
kohefiza,2,2,1011,Unfurnished,27,4520579,11513
Govindpura,2,1,1002,Unfurnished,1,5230337,17938
Lalghati,1,4,570,Unfurnished,21,2786079,6479
New market,3,1,1979,Unfurnished,27,13879255,42888
Karond,3,1,1790,Furnished,18,8726727,25803
MP Nagar,1,4,515,Semi-Furnished,27,4095155,14805
Saket nagar,1,2,658,Furnished,23,4437019,15866
Prabhat petrol pump,3,1,1436,Semi-Furnished,29,7045296,18233
New market,3,1,1931,Unfurnished,0,13596585,41257
Roshanpura,5,4,4757,Furnished,15,22745977,65632
Prabhat petrol pump,3,1,1418,Unfurnished,21,6874863,21570
Sonagiri,5,4,4844,Furnished,9,22312785,57449
Avadhpuri,4,2,2319,Semi-Furnished,10,10160038,28736
MP Nagar,1,4,712,Semi-Furnished,27,5622665,16248
Avadhpuri,5,1,3852,Unfurnished,26,16919437,51531
Indrapuri,5,1,3819,Furnished,0,15225868,37011
New market,3,3,1660,Furnished,11,11650677,35024
Ayodhya bypass,4,4,2422,Furnished,23,12888193,38128
Gulmohar,4,3,3251,Semi-Furnished,7,20708266,67717
chuna bhatti,4,3,3091,Furnished,6,14543883,38693
ibrahimpura,1,4,599,Unfurnished,13,2478798,8079
VIP road,2,4,1000,Semi-Furnished,11,6480890,20224
Anand nagar,2,2,1066,Unfurnished,15,6091770,21735
Narela,2,3,1195,Unfurnished,29,5206054,13313
Shivaji Nagar,3,1,1206,Furnished,21,7289876,25751
Barkheda,5,4,3724,Unfurnished,21,16321494,50081
Sonagiri,3,2,1417,Furnished,3,6464519,17637
Shivaji Nagar,2,3,979,Unfurnished,23,5883903,19482
char Imli,5,1,4506,Semi-Furnished,27,29818630,93996
Piplani,5,2,3511,Furnished,5,24527752,78357
Chuna Bhatti,4,3,2155,Furnished,30,10176394,27415
Sonagiri,3,1,1807,Semi-Furnished,9,8411867,22030
Kolar hills,2,4,926,Semi-Furnished,14,4643568,12385
sultaniya road,3,1,1215,Unfurnished,19,6360956,18357
Kolar hills,2,3,839,Furnished,14,4259717,12096
Shanti Nagar,3,4,1293,Unfurnished,26,7658456,23746
Bairagarh,5,2,3097,Unfurnished,5,13961509,36808
Hoshangabad Road,2,2,1066,Semi-Furnished,4,5414820,14475
Sonagiri,1,4,691,Unfurnished,24,3249323,7196
Shanti Nagar,2,1,1144,Unfurnished,0,6777450,22269
Prabhat petrol pump,4,2,2425,Furnished,6,11796524,34519
Prabhat petrol pump,4,2,3115,Furnished,23,15326457,44247
Anand nagar,4,4,3396,Unfurnished,5,19695873,65934
Bittan Market,1,2,643,Semi-Furnished,3,4502170,14535
chuna bhatti,1,3,478,Furnished,9,2260722,5370
Gulmohar,2,4,1063,Unfurnished,24,6853222,23756
Indrapuri,4,3,2490,Semi-Furnished,4,10032928,25837
Bairagarh,5,1,4923,Unfurnished,19,22068670,60186
Kolar Road,5,2,4031,Semi-Furnished,9,20164533,61342
Shanti Nagar,2,1,1140,Furnished,22,6767742,23424
Misrod,1,1,675,Furnished,24,2802144,8262
jahangirabad,1,1,479,Semi-Furnished,15,2163031,4618
Chuna Bhatti,5,2,4112,Semi-Furnished,24,19368988,53196
Indrapuri,4,3,2503,Unfurnished,17,10040155,24535
Anand nagar,3,4,1392,Semi-Furnished,16,8144752,27472
Service road,5,4,4455,Furnished,6,25900412,85663
Govindpura,4,2,2894,Furnished,29,15373245,47216
Govindpura,2,4,880,Semi-Furnished,11,4680293,15758
Bairagarh,1,3,704,Furnished,2,3106077,6932
Shivaji Nagar,5,4,3760,Furnished,27,22485482,75261
Arera Colony,2,3,802,Furnished,29,5990713,19186
Barkheda,4,1,2957,Unfurnished,12,13100357,38053
Kamla Nagar,1,4,646,Furnished,11,3447385,9065
Chuna Bhatti,2,2,1091,Furnished,18,5059530,14884
Kolar hills,1,1,785,Semi-Furnished,26,4007775,13494
kohefiza,4,1,2405,Furnished,23,10904164,28961
Kolar Road,4,3,2284,Unfurnished,7,11420302,35324
Sonagiri,5,3,3911,Unfurnished,15,18031032,45620
Misrod,1,2,791,Semi-Furnished,11,3322851,8978
Barkheda,1,4,759,Semi-Furnished,20,3367527,9065
jahangirabad,1,1,462,Semi-Furnished,5,2192916,6087
Vikas Nagar,5,1,4588,Semi-Furnished,17,31252141,105338
Piplani,3,4,1482,Furnished,12,10371408,32287
Shyamla Hills,4,4,3328,Semi-Furnished,3,24950874,85144
Tajul masjid,5,4,4555,Furnished,6,24978151,83742
Sonagiri,3,4,1483,Furnished,28,6887100,16872
Sonagiri,1,2,459,Unfurnished,8,2144682,7096
Shivaji Nagar,3,3,1835,Unfurnished,0,10963302,34818
Tajul masjid,5,1,4974,Unfurnished,13,27390420,89303
eidgah hills,2,4,845,Furnished,25,5151458,15244
Tajul masjid,4,3,2847,Furnished,16,15701306,51612
Anand nagar,4,1,2590,Semi-Furnished,21,15069762,51006
Karond,3,2,1422,Furnished,30,6999982,20834
Nizamuddin colony,1,4,636,Semi-Furnished,22,4078353,14690
Bittan Market,5,1,4613,Semi-Furnished,10,32239325,102412
Ayodhya nagar,4,3,2656,Semi-Furnished,17,16559025,63082
New market,4,2,3325,Furnished,11,23189381,75001
Bawadiya Kalan,5,4,4354,Furnished,6,19515573,53433
Kolar hills,2,4,1122,Furnished,26,5647601,17170
Indrapuri,1,4,536,Furnished,1,2081789,5966
Nizamuddin colony,2,2,1079,Unfurnished,5,6978662,21960
Saket nagar,1,3,790,Semi-Furnished,21,5424216,16716
Tajul masjid,4,4,3050,Unfurnished,22,16714516,52995
Misrod,2,3,919,Furnished,4,3893020,11657
Ayodhya nagar,4,3,3243,Unfurnished,27,20186058,75836
Kolar Road,2,2,889,Unfurnished,12,4537809,13644
Ayodhya nagar,3,1,1865,Semi-Furnished,29,11574266,43737
Habibganj,3,3,1333,Semi-Furnished,15,7256248,23642
Arjun Nagar,1,1,553,Unfurnished,9,3395485,11307
Narela,5,1,3258,Furnished,24,14084039,37047
Bittan Market,2,4,904,Unfurnished,4,6352546,21404
Govindpura,3,1,1606,Furnished,24,8447275,24614
Bawadiya Kalan,1,2,643,Furnished,18,2896982,9425
Roshanpura,5,2,3154,Furnished,24,15192121,43814
Ashoka garden,5,3,3328,Semi-Furnished,24,17322925,51783
Shyamla Hills,1,2,764,Unfurnished,10,5704067,21022
Shanti Nagar,1,2,527,Furnished,6,3072380,10515
ibrahimpura,4,1,2201,Semi-Furnished,9,9394416,25025
Avadhpuri,1,4,795,Unfurnished,29,3412999,12309
Gulmohar,3,4,1674,Furnished,7,10722256,36443
char Imli,5,3,3588,Semi-Furnished,15,23654971,75457
Service road,4,2,3359,Furnished,16,19403308,64061
Habibganj,4,2,2595,Furnished,21,14264242,46331
Roshanpura,4,2,2163,Unfurnished,20,10384785,28754
Avadhpuri,4,1,2012,Unfurnished,6,8847472,24924
Service road,1,2,579,Semi-Furnished,25,3358370,11538
Kolar Road,3,1,1952,Semi-Furnished,5,9677020,27710
Barkheda,3,3,1689,Unfurnished,9,7413639,20543
Chuna Bhatti,2,4,1112,Furnished,29,5129221,16053
Kolar Road,3,1,1766,Furnished,23,8877372,28029
Bairagarh,3,2,1317,Unfurnished,5,6007511,14593
Shyamla Hills,2,4,958,Unfurnished,19,7179882,25763
Habibganj,1,3,639,Unfurnished,15,3469715,12064
Kolar hills,3,3,1290,Unfurnished,30,6438043,17418
chuna bhatti,2,2,1049,Furnished,3,4963745,14862
Barkheda,3,3,1875,Furnished,8,8341990,25731
kohefiza,5,3,3777,Semi-Furnished,7,17041700,44385
Shivaji Nagar,1,1,401,Semi-Furnished,8,2439260,9825
Bairagarh,3,2,1493,Semi-Furnished,30,6665277,19560
Bittan Market,4,4,2856,Unfurnished,15,20041785,62067
Vijay nagar,1,3,592,Semi-Furnished,28,4164718,14019
New market,3,1,1511,Furnished,20,10576253,34211
char Imli,5,4,3610,Semi-Furnished,10,23764729,74477
Shyamla Hills,5,2,3636,Unfurnished,19,27281341,91634
sultaniya road,2,2,851,Semi-Furnished,2,4470733,12745
Ayodhya bypass,3,1,1683,Furnished,18,8832222,25003
jahangirabad,5,4,3437,Unfurnished,5,15759248,42362
Gandhi nagar,5,4,4151,Semi-Furnished,21,25778553,96218
Habibganj,5,3,3098,Semi-Furnished,30,17078038,55119
Anand nagar,4,4,2167,Furnished,22,12479008,40419
New market,2,3,981,Semi-Furnished,17,6882443,23398
chuna bhatti,5,2,4923,Semi-Furnished,15,23092183,63514
chuna bhatti,4,3,3117,Semi-Furnished,23,14742605,39631
Govindpura,5,1,4174,Furnished,3,22043749,68654
Karond,4,1,2530,Semi-Furnished,14,12404072,35835
Chuna Bhatti,2,4,1020,Unfurnished,22,4882700,15119
Bittan Market,2,1,1160,Unfurnished,14,8060626,25786
Service road,5,3,3962,Furnished,25,22919216,74180
Vikas Nagar,2,4,1187,Unfurnished,18,8013129,26972
Gulmohar,4,1,2904,Unfurnished,18,18528936,61637
Ashoka garden,5,1,3497,Furnished,5,18092720,56522
Barkheda,3,2,1379,Furnished,9,6132679,18531
Shyamla Hills,3,4,1718,Unfurnished,29,12796203,42395
Bairagarh,3,2,1598,Unfurnished,3,7100095,18500
Prabhat petrol pump,4,2,2110,Furnished,28,10326504,31422
Lalghati,5,1,3826,Furnished,23,18451648,53458
Bawadiya Kalan,2,3,1085,Unfurnished,20,4912926,14954
Narela,1,1,599,Furnished,6,2492205,6409
Bittan Market,2,2,876,Semi-Furnished,8,6128727,17822
Misrod,1,1,755,Unfurnished,25,3233733,9080
Vikas Nagar,3,4,1252,Furnished,16,8511770,28279
Gandhi nagar,5,4,3381,Furnished,15,20985774,75798
Ashoka garden,4,1,3019,Furnished,22,15722341,49594
ibrahimpura,2,2,872,Semi-Furnished,10,3805976,9257
Shyamla Hills,2,1,867,Furnished,0,6434065,20423
sultaniya road,2,4,854,Unfurnished,28,4372736,15228
jahangirabad,2,3,975,Semi-Furnished,27,4437763,12261
Lalghati,5,1,3005,Unfurnished,9,14518989,40796
Vikas Nagar,2,1,1125,Furnished,21,7744821,27551
Service road,3,3,1522,Semi-Furnished,8,8912012,30418
MP Nagar,1,2,468,Furnished,3,3785239,12625
Indrapuri,3,4,1931,Semi-Furnished,16,7655519,17573
Prabhat petrol pump,3,2,1486,Semi-Furnished,12,7319264,21541
eidgah hills,2,4,835,Semi-Furnished,4,4953577,16070
Shanti Nagar,3,4,1875,Furnished,26,10967161,34025
MP Nagar,5,4,3627,Unfurnished,1,28941429,91916
chuna bhatti,1,1,448,Unfurnished,9,2019760,4606
sultaniya road,1,3,739,Semi-Furnished,5,3767771,11842
Shanti Nagar,2,2,1150,Semi-Furnished,17,6861898,19910
Gulmohar,2,3,925,Unfurnished,22,5977566,20695
Lalghati,5,1,3199,Unfurnished,21,15344345,46610
VIP road,5,3,4481,Unfurnished,12,29199556,93785
Vikas Nagar,2,3,947,Unfurnished,9,6482278,21068
Karond,3,3,1758,Unfurnished,23,8677616,23596
Minal,5,4,4862,Unfurnished,13,22785388,62339
Piplani,5,1,4874,Furnished,20,34155264,108321
Vikas Nagar,3,4,1394,Semi-Furnished,8,9458732,33803
Hoshangabad Road,4,4,2222,Furnished,26,11254147,33825
Vikas Nagar,2,3,1123,Furnished,17,7569185,25455
char Imli,2,2,950,Unfurnished,9,6186526,19903
Gulmohar,5,2,4658,Furnished,17,29829282,99602
Gandhi nagar,4,4,2582,Semi-Furnished,7,16078706,57698
Bittan Market,5,4,4483,Semi-Furnished,24,31462329,100252
Bittan Market,5,1,3186,Unfurnished,25,22322861,70171
Lalghati,5,1,4327,Furnished,28,20811575,59130
Govindpura,1,4,608,Furnished,24,3211059,8983
Nizamuddin colony,5,4,4817,Furnished,2,31397695,102620
New market,1,3,492,Unfurnished,21,3392739,11924
Anand nagar,3,4,1398,Semi-Furnished,23,8030320,26619
chuna bhatti,1,4,570,Unfurnished,8,2753317,7006
Shanti Nagar,5,3,4535,Semi-Furnished,14,26669074,84222
Piplani,5,4,4084,Unfurnished,12,28626617,90629
Narela,1,3,665,Semi-Furnished,11,2781840,8909
Minal,4,3,2168,Furnished,24,10195451,30130
Nizamuddin colony,1,4,495,Unfurnished,15,3175028,12080
Gulmohar,3,2,1497,Unfurnished,2,9528300,30469
Roshanpura,2,1,1020,Semi-Furnished,11,4906370,16162
Misrod,2,2,960,Unfurnished,0,3951258,8714
Prabhat petrol pump,5,2,3038,Unfurnished,18,14789754,42172
Chuna Bhatti,1,3,436,Furnished,14,2030051,6040
Ayodhya bypass,2,2,1170,Semi-Furnished,28,6161026,16952
char Imli,4,2,2937,Furnished,9,19453109,62056
Arera Colony,5,3,3004,Furnished,24,22559094,73121
Arjun Nagar,3,4,1286,Semi-Furnished,12,7665459,25466
Gandhi nagar,5,1,4178,Semi-Furnished,26,25945319,95569
Kolar Road,4,3,3441,Unfurnished,6,17293274,51392
Saket nagar,5,4,3632,Unfurnished,6,24616182,82288
eidgah hills,4,3,2965,Furnished,25,17842926,59530
sultaniya road,2,2,923,Unfurnished,20,4832962,14238
Chuna Bhatti,3,4,1427,Unfurnished,23,6718803,18771
Govindpura,3,3,1544,Semi-Furnished,3,8154064,23005
jahangirabad,3,2,1704,Unfurnished,30,7881588,18542
Kamla Nagar,2,4,964,Furnished,4,5013626,14067
Tajul masjid,3,2,1976,Unfurnished,27,10899014,33803
Minal,2,2,1140,Furnished,15,5448076,15489
Roshanpura,4,1,3319,Furnished,25,15932471,47932
chuna bhatti,3,3,1210,Unfurnished,26,5758971,14083
jahangirabad,4,2,2630,Furnished,21,12186814,30201
Nizamuddin colony,4,2,2938,Semi-Furnished,24,19099191,62136
Bairagarh,2,3,891,Furnished,23,3962599,9805
Kolar Road,3,1,1397,Semi-Furnished,3,6945839,18973
Minal,1,1,606,Semi-Furnished,26,2920687,5947
Bawadiya Kalan,2,4,917,Furnished,26,4095133,11444
Bawadiya Kalan,2,1,1107,Semi-Furnished,24,4953920,11493
Minal,5,3,3017,Unfurnished,8,14212415,38344
Sonagiri,5,3,4467,Unfurnished,29,20525516,52199
sultaniya road,5,1,3002,Semi-Furnished,7,15536408,48042
Sonagiri,2,1,870,Unfurnished,16,3908823,10496
Tajul masjid,5,1,3514,Unfurnished,26,19358509,61884
Prabhat petrol pump,1,3,742,Semi-Furnished,18,3717301,12143
Shyamla Hills,4,1,2027,Unfurnished,30,15113670,51660
Arjun Nagar,2,1,842,Furnished,18,5016328,15121
Ratnagiri,1,1,594,Unfurnished,7,2854021,6329
Barkheda,3,1,1882,Semi-Furnished,9,8326025,24175
Kamla Nagar,3,4,1521,Semi-Furnished,30,7899901,23215
Barkheda,5,2,4593,Unfurnished,12,20246167,59231
Gandhi nagar,5,2,3617,Furnished,10,22358711,84527
Saket nagar,2,4,943,Semi-Furnished,2,6333340,23380
Kolar hills,1,4,638,Furnished,23,3275382,9295
Ayodhya nagar,2,2,1061,Furnished,13,6527744,25848
Minal,3,2,1701,Unfurnished,3,8021580,23876
Ayodhya nagar,3,1,1763,Semi-Furnished,2,10861027,40828
eidgah hills,1,2,673,Furnished,9,4086184,12789
Nizamuddin colony,1,4,785,Semi-Furnished,5,5135756,16742
eidgah hills,5,3,4963,Semi-Furnished,21,29779562,97704
Gandhi nagar,3,3,1393,Unfurnished,22,8715336,30824
Sonagiri,1,1,642,Semi-Furnished,24,2925471,6307
Ashoka garden,3,1,1411,Unfurnished,3,7244669,20974
Vijay nagar,1,3,563,Unfurnished,1,4129232,14171
Ayodhya bypass,4,3,2152,Unfurnished,29,11365468,34109
New market,4,1,3159,Unfurnished,16,22013080,68027
Nizamuddin colony,2,2,1154,Unfurnished,17,7450836,23378
Kolar hills,1,3,736,Furnished,24,3619511,9627
Prabhat petrol pump,2,3,883,Unfurnished,29,4261267,11940
Bawadiya Kalan,2,2,1060,Unfurnished,8,4828950,12557
char Imli,1,1,653,Furnished,7,4320781,12460
chuna bhatti,4,4,3244,Furnished,12,15293597,40716
Vikas Nagar,5,3,3661,Unfurnished,2,24927393,85016
sultaniya road,1,4,513,Semi-Furnished,16,2686911,8082
Nizamuddin colony,3,2,1427,Furnished,0,9189188,30566
Roshanpura,2,3,1023,Furnished,21,4836661,12815
Saket nagar,3,1,1298,Furnished,28,8746365,28842
Anand nagar,4,2,3406,Semi-Furnished,1,19750461,63022
Service road,3,2,1354,Semi-Furnished,24,7894337,25549
Nizamuddin colony,2,4,1067,Unfurnished,28,6874996,23035
char Imli,5,3,3774,Unfurnished,20,24960779,77988
Govindpura,3,3,1671,Furnished,30,8864387,25321
Barkheda,2,2,1195,Unfurnished,3,5182052,16903
Vijay nagar,3,1,1528,Semi-Furnished,4,10938907,36808
jahangirabad,1,2,618,Unfurnished,23,2923985,5732
Gulmohar,4,2,2319,Semi-Furnished,5,14907082,49668
Ratnagiri,1,3,458,Unfurnished,7,2177741,6736
Prabhat petrol pump,3,2,1550,Semi-Furnished,15,7564122,22347
Tajul masjid,4,2,2049,Furnished,16,11323813,35057
Piplani,2,4,1108,Furnished,1,7782935,22534
jahangirabad,5,4,3719,Furnished,23,17109978,45178
chuna bhatti,5,4,3518,Semi-Furnished,21,16452961,46521
Gulmohar,3,4,1983,Furnished,14,12696732,43628
Hoshangabad Road,4,4,2416,Unfurnished,20,12334568,37543
Govindpura,1,4,778,Furnished,12,4167772,13258
Gandhi nagar,1,3,751,Furnished,13,4560320,19135
Hoshangabad Road,5,3,3824,Furnished,3,19454441,56289
Gandhi nagar,1,2,477,Semi-Furnished,8,2891206,12039
eidgah hills,4,3,2884,Semi-Furnished,8,17330966,57365
Lalghati,5,1,3786,Unfurnished,21,18217294,53018
Narela,4,4,2584,Furnished,13,11199361,27042
Arera Colony,1,4,463,Unfurnished,16,3483019,10512
Habibganj,5,2,4938,Furnished,7,27107785,89048
New market,1,2,669,Furnished,11,4605010,16700
VIP road,2,4,916,Unfurnished,24,5985305,18123
Gandhi nagar,2,1,878,Unfurnished,15,5422531,20566
sultaniya road,3,2,1808,Unfurnished,21,9373025,30170
Vikas Nagar,2,2,978,Unfurnished,26,6570944,24129
ibrahimpura,3,4,1996,Unfurnished,26,8494551,22945
Saket nagar,4,3,2865,Semi-Furnished,2,19427150,64810
Gulmohar,3,1,1423,Semi-Furnished,5,9040450,31621
kohefiza,2,3,1000,Unfurnished,22,4535158,11797
char Imli,3,1,1807,Unfurnished,12,11850380,37919
Prabhat petrol pump,3,1,1563,Unfurnished,17,7578823,22339
Arera Colony,4,4,2386,Semi-Furnished,25,17910933,58071
Avadhpuri,3,3,1844,Semi-Furnished,19,8039358,22586
Saket nagar,2,1,1138,Semi-Furnished,7,7794060,27566
Nizamuddin colony,1,2,610,Semi-Furnished,10,3907306,14457
MP Nagar,5,2,3905,Furnished,19,31321230,98951
Shanti Nagar,3,3,1713,Semi-Furnished,9,10036611,31010
Bawadiya Kalan,3,1,1896,Unfurnished,21,8444969,22611
eidgah hills,2,3,992,Unfurnished,16,6036134,19399
Ayodhya nagar,1,3,409,Unfurnished,29,2461694,9341
Prabhat petrol pump,4,2,3266,Unfurnished,30,16072491,44254
Govindpura,4,1,2755,Unfurnished,3,14557650,45030
Misrod,5,3,4141,Furnished,7,17362237,43585
Indrapuri,4,2,2892,Unfurnished,6,11592456,29610
Vikas Nagar,1,1,774,Unfurnished,23,5333017,18506
Piplani,1,4,655,Unfurnished,14,4671201,13678
Avadhpuri,1,2,605,Semi-Furnished,10,2684822,5975
Habibganj,1,1,509,Furnished,12,2773214,7899
Karond,4,1,3362,Furnished,7,16568525,48918
Nizamuddin colony,4,2,2123,Semi-Furnished,8,13843262,43589
Roshanpura,4,3,3297,Unfurnished,27,15762886,47723
Habibganj,4,4,3384,Unfurnished,8,18706010,60770
Govindpura,1,4,433,Semi-Furnished,17,2237890,6360
Shivaji Nagar,5,1,4488,Unfurnished,29,26992722,90290
eidgah hills,1,3,625,Unfurnished,25,3824168,11800
Karond,5,1,3628,Furnished,26,17779061,52017
jahangirabad,5,4,4805,Unfurnished,13,22171092,57959
eidgah hills,4,4,2314,Semi-Furnished,16,13878252,46503
Prabhat petrol pump,2,1,1140,Furnished,27,5540768,17797
sultaniya road,2,3,911,Furnished,19,4824080,12774
Roshanpura,3,2,1326,Unfurnished,28,6272909,20191
eidgah hills,5,1,4331,Furnished,3,25995503,85311
Gandhi nagar,5,2,3963,Semi-Furnished,24,24636111,89221
Nizamuddin colony,4,4,2268,Furnished,25,14656441,49204
Indrapuri,2,1,1145,Unfurnished,23,4492028,13394
Ratnagiri,5,2,4312,Unfurnished,14,20354659,54945
VIP road,2,4,1065,Unfurnished,26,6984544,22683
Anand nagar,5,1,4145,Unfurnished,1,23946529,79611
Anand nagar,5,3,4112,Unfurnished,23,23849580,77443
Vijay nagar,1,4,573,Furnished,19,4216243,14415
MP Nagar,5,1,4594,Unfurnished,7,36699336,113748
Arera Colony,2,1,1006,Unfurnished,23,7547478,23229
Shanti Nagar,2,2,1031,Unfurnished,26,5997022,19983
Nizamuddin colony,2,4,944,Semi-Furnished,1,6128712,17902
eidgah hills,1,2,753,Unfurnished,21,4608259,13576
Indrapuri,1,1,700,Semi-Furnished,23,2876204,7942
Anand nagar,2,4,890,Unfurnished,27,5150381,17073
jahangirabad,2,3,1106,Furnished,9,5028122,13309
MP Nagar,4,2,3320,Semi-Furnished,13,26588121,81993
eidgah hills,2,1,994,Furnished,18,5890789,18977
Nizamuddin colony,5,1,3957,Furnished,8,25698196,83015
Misrod,4,1,3063,Semi-Furnished,23,12824298,34725
Kolar hills,3,2,1752,Unfurnished,12,8697319,25203
Chuna Bhatti,4,2,2457,Semi-Furnished,11,11509000,33515
Govindpura,5,3,3057,Unfurnished,29,16238551,49414
Bittan Market,1,2,450,Furnished,5,3222364,8244
Indrapuri,5,2,3398,Furnished,3,13663442,32320
Avadhpuri,1,4,594,Semi-Furnished,2,2626294,5790
Bawadiya Kalan,5,2,3264,Furnished,21,14607969,39825
Bairagarh,4,2,2380,Semi-Furnished,11,10765697,27926
jahangirabad,3,3,1403,Semi-Furnished,29,6495803,16886
Lalghati,1,2,653,Furnished,28,3139934,10248
Indrapuri,5,1,3588,Unfurnished,16,14428513,36696
Prabhat petrol pump,4,3,3015,Furnished,20,14692029,41109
Arjun Nagar,3,3,1358,Semi-Furnished,23,8204708,27730
Kolar hills,1,3,431,Furnished,4,2182405,6622
Indrapuri,2,3,1193,Furnished,18,4807895,9939
Tajul masjid,1,3,532,Unfurnished,23,3004607,8318
Bittan Market,4,3,3111,Semi-Furnished,2,21801853,68018
sultaniya road,5,1,3046,Semi-Furnished,16,15926846,48429
Kamla Nagar,2,3,1035,Semi-Furnished,6,5284310,15482
Piplani,5,3,3920,Furnished,8,27458458,85195
VIP road,3,3,1910,Unfurnished,8,12481375,39603
Anand nagar,4,3,3051,Unfurnished,9,17643848,59914
Narela,3,4,1307,Unfurnished,17,5595433,15580
Arera Colony,2,4,1006,Unfurnished,25,7475031,23903
VIP road,1,1,726,Unfurnished,22,4643421,14919
jahangirabad,4,4,2096,Semi-Furnished,12,9623564,24301
Indrapuri,3,3,1310,Unfurnished,11,5270117,11869
Lalghati,3,1,1431,Furnished,24,6885634,21917
Barkheda,1,1,506,Semi-Furnished,30,2276745,5039
Anand nagar,5,3,4608,Unfurnished,16,26765644,87655
char Imli,4,3,2118,Furnished,26,13978560,43050
Sonagiri,3,2,1955,Semi-Furnished,4,9021298,22843
Tajul masjid,4,2,3341,Semi-Furnished,16,18358673,60239
Chuna Bhatti,1,1,584,Unfurnished,23,2663213,8490
Indrapuri,4,2,2672,Unfurnished,8,10620319,26090
Sonagiri,5,1,4014,Unfurnished,13,18463552,48138
Barkheda,5,1,3509,Semi-Furnished,6,15515776,44774
Indrapuri,5,3,4427,Furnished,14,17690334,46129
Bawadiya Kalan,3,3,1746,Unfurnished,28,7906892,19055
Indrapuri,3,3,1701,Furnished,3,6745441,15314
Ayodhya nagar,3,3,1844,Furnished,27,11439734,43877
Avadhpuri,5,1,3255,Furnished,13,14359364,41157
Vikas Nagar,1,4,433,Furnished,8,2873025,11772
kohefiza,2,2,851,Semi-Furnished,4,3871763,9008
Avadhpuri,4,4,2034,Furnished,21,8928775,27065
Arjun Nagar,4,1,3439,Unfurnished,21,20615281,68431
ibrahimpura,1,4,547,Unfurnished,21,2287140,6654
Ayodhya bypass,1,4,786,Furnished,9,4099811,12340
Bairagarh,4,4,2532,Furnished,19,11308288,32032
Bittan Market,1,1,526,Unfurnished,16,3678462,10359
Arera Colony,5,1,3474,Semi-Furnished,30,26035252,83031
Prabhat petrol pump,4,1,3252,Semi-Furnished,16,15979675,45606
Govindpura,4,3,3422,Unfurnished,3,18080640,54663
Arjun Nagar,5,1,3137,Furnished,5,18758184,63723
Arjun Nagar,5,1,3289,Unfurnished,20,19679079,64011
Avadhpuri,4,1,2601,Semi-Furnished,0,11473297,34711
Kamla Nagar,5,4,4006,Furnished,2,20902338,63982
Tajul masjid,4,3,2843,Unfurnished,17,15595934,53011
Vijay nagar,2,3,994,Semi-Furnished,16,7236190,24887
Prabhat petrol pump,5,2,3861,Semi-Furnished,7,18833913,54587
Arera Colony,3,1,1362,Unfurnished,13,10245132,32130
Bairagarh,1,2,540,Semi-Furnished,11,2422487,7739
Nizamuddin colony,4,3,2058,Semi-Furnished,8,13337478,44949
Shivaji Nagar,2,4,1000,Unfurnished,1,5968281,19574
Bairagarh,4,3,2188,Furnished,26,9886511,25952
Arera Colony,2,2,895,Semi-Furnished,30,6798094,20253
Chuna Bhatti,3,1,1608,Unfurnished,2,7655718,19063
New market,3,3,1641,Semi-Furnished,3,11532611,34242
Tajul masjid,3,3,1685,Semi-Furnished,28,9339642,31771
MP Nagar,1,4,630,Furnished,22,5057760,16714
VIP road,5,3,4785,Semi-Furnished,24,31059543,99439
Bairagarh,3,4,1639,Furnished,4,7438324,19994
Vikas Nagar,3,2,1606,Unfurnished,25,10922993,35869
Narela,4,2,3014,Furnished,21,12893531,34574
Shivaji Nagar,2,1,1032,Unfurnished,13,6289806,19672
Narela,1,3,558,Furnished,18,2373221,7181
sultaniya road,2,3,881,Semi-Furnished,2,4491558,14033
Kolar Road,2,1,962,Furnished,22,4793568,14850
Shanti Nagar,2,4,1033,Unfurnished,2,6005682,20801
Nizamuddin colony,5,3,4785,Unfurnished,20,31063883,100928
Habibganj,3,3,1428,Furnished,29,7772053,24569
Hoshangabad Road,4,4,3317,Semi-Furnished,5,16892107,51037
Tajul masjid,4,3,2950,Semi-Furnished,15,16189479,52839
eidgah hills,3,4,1436,Unfurnished,27,8573378,30383
Gandhi nagar,4,2,2799,Furnished,4,17409203,63049
Chuna Bhatti,2,4,937,Furnished,24,4396171,12245
Bawadiya Kalan,5,1,4581,Semi-Furnished,30,20617036,56810
char Imli,1,1,650,Furnished,30,4336626,15468
Kamla Nagar,3,4,1542,Semi-Furnished,30,8006589,26262
chuna bhatti,5,1,3759,Unfurnished,29,17622281,48541
jahangirabad,2,4,1151,Unfurnished,30,5328176,12541
Shyamla Hills,4,1,3084,Semi-Furnished,3,23056754,76393
Habibganj,3,3,1446,Furnished,20,8010204,24564
Vikas Nagar,3,3,1777,Semi-Furnished,19,11994647,42097
Nizamuddin colony,4,1,3307,Semi-Furnished,15,21408244,68302
Sonagiri,4,2,3401,Furnished,9,15577138,41031
Misrod,1,1,407,Semi-Furnished,15,1651929,4262
Avadhpuri,2,2,961,Unfurnished,15,4229890,13000
MP Nagar,5,1,4339,Unfurnished,15,34706415,109358
char Imli,4,4,2131,Semi-Furnished,22,14109468,46338
Bawadiya Kalan,2,2,816,Unfurnished,30,3700103,8821
Prabhat petrol pump,4,2,3306,Semi-Furnished,23,16297222,46568
Sonagiri,1,1,500,Unfurnished,3,2340037,7457
Kolar Road,5,2,4583,Semi-Furnished,23,22989270,70730
Tajul masjid,1,1,741,Semi-Furnished,17,3985545,15285
Vijay nagar,5,2,3717,Furnished,1,26785006,88095
Roshanpura,1,1,593,Furnished,1,2921908,10089
chuna bhatti,5,1,4972,Furnished,28,23335086,63661
Prabhat petrol pump,2,4,862,Furnished,1,4123848,11729
Arjun Nagar,2,2,825,Semi-Furnished,18,5016298,18291
Minal,2,4,1010,Furnished,21,4764453,13468
Nizamuddin colony,5,3,3461,Furnished,11,22426489,71235
Kolar hills,5,1,3494,Furnished,6,17493713,53539
Shyamla Hills,3,3,1579,Semi-Furnished,21,11877646,41207
Gandhi nagar,3,4,1608,Unfurnished,28,10020598,36947
Arjun Nagar,4,2,2871,Unfurnished,10,17243664,57906
Gulmohar,2,4,1083,Unfurnished,10,6875851,22923
Shivaji Nagar,1,4,719,Unfurnished,12,4265312,14562
Karond,2,1,837,Furnished,12,4141609,11818
Vijay nagar,3,3,1959,Semi-Furnished,18,14117088,48591
Roshanpura,3,1,1631,Semi-Furnished,2,7879930,24131
Arera Colony,1,3,425,Semi-Furnished,25,3218894,10205
eidgah hills,2,4,833,Furnished,14,4964959,15514
Arera Colony,3,3,1272,Furnished,2,9526640,30283
Avadhpuri,4,2,3365,Furnished,30,14905794,42580
Hoshangabad Road,2,1,1178,Furnished,18,5977131,18871
Vijay nagar,3,2,1279,Furnished,10,9190985,30362
Barkheda,3,1,1521,Semi-Furnished,3,6632877,19489
Bawadiya Kalan,5,2,4685,Semi-Furnished,24,21058763,56598
Gulmohar,3,2,1366,Semi-Furnished,19,8691215,28071
Anand nagar,3,3,1419,Unfurnished,12,8193195,27075
eidgah hills,3,1,1791,Unfurnished,3,10835498,37448
chuna bhatti,5,2,4754,Furnished,12,22422027,62774
Kolar Road,1,1,621,Semi-Furnished,22,3060254,7503
Hoshangabad Road,3,3,1517,Furnished,22,7649523,22274
Service road,2,4,1085,Unfurnished,15,6303504,20983
Misrod,3,3,1780,Furnished,30,7477123,19738
Roshanpura,2,3,996,Unfurnished,13,4853761,12583
Ashoka garden,5,1,4540,Unfurnished,30,23526036,71634
New market,1,3,440,Semi-Furnished,26,2982573,10989
Vijay nagar,1,2,756,Unfurnished,7,5491936,17820
Ayodhya bypass,1,3,552,Furnished,15,2844124,9944
Service road,2,3,1051,Semi-Furnished,24,6126817,18033
Kamla Nagar,1,2,412,Semi-Furnished,12,2057651,5585
Ashoka garden,3,4,1746,Unfurnished,0,9045393,29433
Indrapuri,3,1,1304,Furnished,26,5305275,13094
Sonagiri,3,2,1751,Unfurnished,27,8052067,21018
kohefiza,5,4,4605,Unfurnished,30,20754500,56982
Bittan Market,4,3,2256,Furnished,20,15888807,48702
ibrahimpura,3,4,1437,Semi-Furnished,17,6119663,15367
sultaniya road,4,1,3425,Unfurnished,18,17758137,56138
jahangirabad,5,4,3388,Semi-Furnished,4,15533791,42191
Arera Colony,1,1,449,Furnished,14,3334058,11168
Saket nagar,4,2,3374,Semi-Furnished,4,22903336,77825
sultaniya road,4,2,2927,Furnished,17,15124051,46363
Roshanpura,3,2,1494,Semi-Furnished,27,7234504,20368
Gandhi nagar,1,3,612,Semi-Furnished,4,3722765,14793
Narela,1,1,470,Unfurnished,9,2025025,4758
Sonagiri,4,1,2968,Semi-Furnished,7,13668315,37354
Kolar Road,5,3,3780,Furnished,13,18858964,55743
Kolar Road,5,4,4332,Semi-Furnished,29,21598720,66415
MP Nagar,5,4,3938,Furnished,12,31446664,100179
Ayodhya nagar,2,3,905,Unfurnished,28,5541234,20543
eidgah hills,2,3,838,Semi-Furnished,2,4948182,17146
Minal,1,2,633,Furnished,18,2879511,6331
Bairagarh,3,4,1429,Unfurnished,6,6347806,18149
Habibganj,5,3,3301,Unfurnished,10,18121105,60214
Kolar Road,1,2,501,Furnished,3,2569339,7146
Habibganj,4,4,3174,Unfurnished,8,17545895,57774
Gulmohar,5,3,3334,Unfurnished,17,21329822,70243
New market,3,1,1753,Furnished,29,12246116,39784
Roshanpura,3,1,1991,Furnished,23,9571744,29640
kohefiza,4,2,3115,Unfurnished,30,13972768,37158
Barkheda,3,4,1371,Furnished,11,6087450,17212
Minal,2,1,1045,Furnished,3,4898078,13839
Vijay nagar,1,3,761,Semi-Furnished,11,5398765,18344
ibrahimpura,1,2,626,Furnished,14,2650292,7889
Ratnagiri,5,3,3369,Furnished,21,15761188,45103
char Imli,4,4,2006,Unfurnished,21,13297592,41691
Piplani,4,2,2470,Furnished,6,17282029,54185
Prabhat petrol pump,4,1,3500,Semi-Furnished,18,17236552,50763
Narela,2,3,1158,Unfurnished,30,5048420,13337
Anand nagar,5,4,3844,Furnished,22,22382392,74061
Ratnagiri,5,3,3311,Semi-Furnished,10,15638755,42394
Hoshangabad Road,1,1,467,Furnished,24,2389318,5264
Roshanpura,4,2,2824,Furnished,10,13583492,40441
Barkheda,3,2,1532,Unfurnished,7,6770404,21314
kohefiza,5,3,3501,Unfurnished,10,15755333,43439
Arjun Nagar,2,2,1179,Semi-Furnished,2,7007902,24556
Arera Colony,2,1,943,Unfurnished,8,7078022,22118
Bawadiya Kalan,5,3,3825,Unfurnished,2,17127656,44428
Shivaji Nagar,3,4,1220,Furnished,6,7328939,22934
Avadhpuri,4,2,2175,Semi-Furnished,28,9482722,28531
Karond,5,2,3259,Unfurnished,21,15995825,44401
Avadhpuri,2,4,983,Semi-Furnished,16,4330505,12888
sultaniya road,1,2,416,Semi-Furnished,25,2255219,8269
Bittan Market,5,4,4843,Semi-Furnished,14,33905944,107229
Saket nagar,3,1,1426,Unfurnished,4,9768073,32727
char Imli,3,1,1541,Semi-Furnished,28,10223612,34117
eidgah hills,1,2,609,Semi-Furnished,2,3748054,12542
Chuna Bhatti,5,4,4348,Unfurnished,25,20523222,54989
Lalghati,3,2,1949,Semi-Furnished,28,9359795,26920
Ayodhya bypass,4,2,2894,Semi-Furnished,29,15328915,44773
Tajul masjid,4,2,3284,Furnished,16,18074757,58407
Arera Colony,3,3,1925,Unfurnished,4,14385600,46489
Gulmohar,1,2,725,Semi-Furnished,27,4652760,15608
Gandhi nagar,1,3,686,Unfurnished,29,4348413,17468
Tajul masjid,4,3,2988,Semi-Furnished,4,16416223,53954
Indrapuri,1,3,735,Semi-Furnished,21,2899765,8573
Kolar hills,5,3,3054,Furnished,28,15248325,44953
Prabhat petrol pump,1,2,429,Furnished,18,2010536,6556
Service road,3,2,1755,Unfurnished,11,10242392,32026
Anand nagar,3,4,1582,Furnished,21,9088514,31008
Piplani,4,2,2679,Unfurnished,6,18744817,58741
chuna bhatti,4,2,2258,Furnished,21,10520125,31347
eidgah hills,1,2,623,Furnished,9,3733669,13602
Barkheda,1,2,598,Unfurnished,13,2652133,9243
Ratnagiri,4,4,2678,Unfurnished,27,12526159,36610
MP Nagar,5,2,4052,Semi-Furnished,28,32362605,99844
Narela,1,4,547,Furnished,16,2303661,5152
Ashoka garden,5,3,3920,Furnished,24,20322448,63028
Barkheda,3,3,1458,Unfurnished,6,6450659,17236
jahangirabad,2,1,1131,Unfurnished,5,5290072,15076
Bittan Market,1,3,444,Semi-Furnished,6,3042735,8333
Tajul masjid,2,2,960,Semi-Furnished,11,5322384,17295
Chuna Bhatti,2,1,1151,Semi-Furnished,28,5381956,15548
Ratnagiri,2,3,1162,Unfurnished,14,5498971,15369
Ratnagiri,3,3,1451,Semi-Furnished,14,6726453,20390
char Imli,1,2,482,Furnished,12,3259590,10277
Vikas Nagar,2,2,1071,Unfurnished,30,7254641,22689
Prabhat petrol pump,3,1,1410,Semi-Furnished,14,6964772,17829
Tajul masjid,5,4,3432,Furnished,5,18831795,60125
Ratnagiri,2,1,831,Furnished,26,3887534,9405
Arera Colony,3,3,1835,Unfurnished,8,13795808,44373
Kolar Road,2,3,1107,Furnished,0,5577363,15585
Ayodhya nagar,3,3,1383,Furnished,6,8557029,33673
sultaniya road,1,3,604,Unfurnished,17,3113793,10970
Minal,3,4,1255,Semi-Furnished,1,5872342,15290
VIP road,1,2,492,Unfurnished,9,3240139,9297
Gandhi nagar,5,4,3183,Semi-Furnished,27,19742139,73106
sultaniya road,3,3,1774,Semi-Furnished,5,9316917,27341
Arjun Nagar,3,3,1551,Unfurnished,30,9333890,29267
Kamla Nagar,2,4,896,Semi-Furnished,28,4706402,14109
Shivaji Nagar,1,4,592,Furnished,16,3595591,12489
MP Nagar,1,3,407,Semi-Furnished,29,3329096,9981
ibrahimpura,1,2,592,Semi-Furnished,17,2592306,5514
Vijay nagar,4,4,2326,Semi-Furnished,12,16801786,56699
Roshanpura,1,2,768,Unfurnished,20,3652994,11789
Minal,4,3,2183,Furnished,16,10176903,29744
Ayodhya nagar,2,1,1054,Semi-Furnished,12,6470400,24439
Gandhi nagar,3,1,1595,Furnished,2,9926529,38094
kohefiza,3,3,1360,Furnished,2,6111147,17047
Avadhpuri,3,2,1727,Furnished,11,7654200,23246
Lalghati,1,4,520,Furnished,12,2522583,6800
Barkheda,3,1,1815,Semi-Furnished,12,8025289,23123
Anand nagar,2,3,1145,Unfurnished,26,6652876,20511
Bawadiya Kalan,2,3,1004,Unfurnished,16,4456982,10232
Anand nagar,3,2,1442,Furnished,14,8423622,28243
Bairagarh,5,3,4227,Furnished,4,18972374,49620
Chuna Bhatti,1,3,542,Semi-Furnished,2,2571034,8177
Piplani,2,4,852,Furnished,25,5873023,18477
Kamla Nagar,1,2,453,Furnished,6,2283520,6902
New market,3,4,1516,Furnished,7,10549949,33286
Indrapuri,3,1,1472,Furnished,2,5846362,15928
Piplani,3,2,1870,Semi-Furnished,14,13122845,40200
Avadhpuri,5,1,4452,Unfurnished,17,19536127,56222
Vijay nagar,4,2,3495,Unfurnished,15,25223457,84679
jahangirabad,3,4,1601,Semi-Furnished,15,7347572,18669
chuna bhatti,5,2,4417,Unfurnished,11,20859457,57379
Shanti Nagar,3,2,1686,Furnished,25,9859312,31541
Govindpura,5,3,3766,Furnished,26,20016781,60069
jahangirabad,5,4,4090,Semi-Furnished,21,18804724,48038
Sonagiri,1,3,486,Furnished,22,2335426,5904
Hoshangabad Road,5,3,3183,Semi-Furnished,5,16289523,47121
Barkheda,4,4,2804,Semi-Furnished,6,12292280,35775
Karond,4,1,2137,Semi-Furnished,6,10390096,29481
Saket nagar,5,3,3772,Furnished,13,25603937,88303
Shyamla Hills,3,1,1827,Semi-Furnished,25,13713757,47190
Piplani,4,4,2689,Furnished,24,18821229,58078
Shivaji Nagar,2,4,1175,Semi-Furnished,27,6957822,22606
Roshanpura,4,3,2726,Furnished,27,12999541,39186
Vikas Nagar,2,2,847,Furnished,17,5829478,18297
eidgah hills,2,4,1024,Semi-Furnished,20,6181512,19411
Shanti Nagar,2,1,809,Furnished,0,4846269,16256
Gulmohar,1,1,454,Furnished,27,3005567,8711
Nizamuddin colony,3,2,1247,Semi-Furnished,18,8066494,25136
MP Nagar,4,2,3464,Furnished,11,27738695,86226
sultaniya road,4,3,2503,Unfurnished,27,12951723,39366
Vijay nagar,4,2,2613,Furnished,26,18864536,63696
kohefiza,5,3,3591,Furnished,11,16114041,44993
eidgah hills,4,4,2493,Semi-Furnished,6,14993870,51121
Avadhpuri,1,3,581,Semi-Furnished,26,2541095,7622
Habibganj,3,3,1972,Semi-Furnished,15,10759770,35631
MP Nagar,1,2,547,Unfurnished,1,4459740,14963
Service road,3,1,1762,Semi-Furnished,12,10290177,34457
Hoshangabad Road,1,2,762,Furnished,10,3917074,11483
Ayodhya bypass,4,3,3039,Semi-Furnished,21,16200517,48507
Ayodhya nagar,4,2,2985,Furnished,8,18538151,69404
Shyamla Hills,1,1,407,Furnished,22,3090432,11214
Arera Colony,4,4,3127,Furnished,18,23378821,73446
Kolar hills,1,4,683,Semi-Furnished,8,3375377,9775
Prabhat petrol pump,4,1,2688,Semi-Furnished,18,13138135,37849
Piplani,4,2,2934,Semi-Furnished,8,20592628,65143
eidgah hills,4,3,2465,Semi-Furnished,28,14733948,47655
New market,4,2,2442,Furnished,8,17056812,54892
Gandhi nagar,2,1,881,Semi-Furnished,9,5529792,20361
Sonagiri,2,1,1019,Furnished,1,4643835,14195
Barkheda,1,4,499,Unfurnished,22,2258742,5213
jahangirabad,4,2,2559,Semi-Furnished,12,11757922,30064
Lalghati,3,4,1948,Furnished,1,9336678,25460
Vijay nagar,4,3,2200,Furnished,16,15758401,51851
Ayodhya bypass,4,4,2644,Furnished,28,14054789,41948
Bittan Market,1,3,765,Unfurnished,25,5279844,17249
Hoshangabad Road,4,1,2341,Furnished,23,11875484,35100
VIP road,2,2,1136,Unfurnished,28,7301134,25382
Habibganj,1,4,505,Furnished,20,2750700,7571
Hoshangabad Road,2,4,929,Furnished,21,4719264,15574
Nizamuddin colony,2,2,952,Unfurnished,5,6204414,21157
New market,4,4,2131,Semi-Furnished,27,14954659,45105
Kamla Nagar,3,1,1391,Furnished,4,7232097,22548
Service road,3,4,1443,Semi-Furnished,27,8284846,28767
Kolar Road,2,1,828,Semi-Furnished,10,4165240,14043
Chuna Bhatti,1,4,790,Unfurnished,27,3722467,10938
Bittan Market,2,2,810,Unfurnished,27,5574562,19337
Barkheda,5,3,4485,Unfurnished,29,19743601,56417
sultaniya road,2,3,1002,Semi-Furnished,18,5137035,14813
jahangirabad,2,1,1166,Semi-Furnished,17,5437523,12018
Ratnagiri,5,3,4785,Unfurnished,22,22537977,63139
Gulmohar,1,3,658,Unfurnished,27,4246549,13677
Barkheda,2,2,1165,Furnished,13,5183885,15589
Minal,1,2,508,Furnished,4,2318224,4758
Vijay nagar,1,3,460,Semi-Furnished,24,3363508,12476
Shyamla Hills,4,4,2716,Semi-Furnished,26,20348193,66868
Nizamuddin colony,4,2,3461,Semi-Furnished,9,22455880,74217
Chuna Bhatti,3,4,1536,Furnished,13,7131435,20972
jahangirabad,3,3,1331,Unfurnished,13,6210181,13988
sultaniya road,4,2,2469,Unfurnished,16,12822099,38094
Shivaji Nagar,2,1,1120,Furnished,9,6705534,22309
Avadhpuri,3,2,1296,Semi-Furnished,25,5636257,17417
Gulmohar,2,4,1144,Semi-Furnished,5,7259012,24480
Ashoka garden,4,2,3484,Semi-Furnished,19,18150901,57594
sultaniya road,3,2,1312,Unfurnished,10,6899850,20688
Shanti Nagar,4,1,2446,Semi-Furnished,29,14524072,45646
Saket nagar,3,1,1328,Unfurnished,16,8999500,30452
Kolar hills,2,3,926,Furnished,12,4595383,13856
Saket nagar,3,2,1673,Semi-Furnished,16,11389253,37583
Ashoka garden,3,1,1716,Unfurnished,23,9019131,26047
Vijay nagar,4,4,2542,Semi-Furnished,0,18382663,59950
Gulmohar,3,2,1482,Furnished,14,9467919,29823
Prabhat petrol pump,5,4,3967,Furnished,6,19494507,54415
Shanti Nagar,4,3,3048,Semi-Furnished,16,17928785,56979
char Imli,5,1,4328,Unfurnished,5,28514213,91789
sultaniya road,2,4,1077,Semi-Furnished,19,5642829,19113
Shyamla Hills,2,1,1189,Furnished,19,8968710,29474
Lalghati,5,2,4263,Furnished,14,20425988,58897
Shyamla Hills,3,2,1453,Unfurnished,2,10909332,36385
Kolar Road,3,4,1264,Furnished,14,6277024,19653
Gulmohar,1,2,569,Semi-Furnished,20,3737126,13230
Bittan Market,4,3,3124,Unfurnished,5,21818002,69739
Karond,1,1,587,Unfurnished,8,2926250,9975
Ashoka garden,1,3,654,Semi-Furnished,0,3472959,10719
Ayodhya nagar,4,2,2472,Furnished,5,15275680,55665
Bairagarh,2,2,824,Furnished,9,3806004,9652
Tajul masjid,5,2,3947,Furnished,9,21801792,71869
Minal,4,3,3292,Furnished,18,15497134,41996
Minal,1,3,478,Furnished,16,2172001,5843
Hoshangabad Road,2,2,892,Unfurnished,15,4502507,14872
Narela,5,2,3048,Furnished,9,13082655,32377
Ayodhya bypass,4,4,2285,Furnished,8,12184387,35499
jahangirabad,1,4,459,Semi-Furnished,26,2166615,3534
Vijay nagar,2,1,969,Furnished,10,6909720,23037
ibrahimpura,1,3,664,Furnished,24,2808454,9142
Shivaji Nagar,3,3,1576,Semi-Furnished,26,9375284,31931
Prabhat petrol pump,1,2,799,Furnished,12,3964290,11443
Ayodhya bypass,4,3,2041,Furnished,6,10808804,33343
Tajul masjid,1,4,577,Semi-Furnished,21,3088628,8842
ibrahimpura,2,3,1164,Furnished,4,4910012,10838
jahangirabad,4,4,2628,Furnished,29,12117934,33037
Arjun Nagar,4,2,3384,Unfurnished,25,20287680,66138
kohefiza,5,3,3202,Semi-Furnished,19,14316116,39837
Tajul masjid,1,1,586,Unfurnished,19,3131710,11155
Indrapuri,3,1,1896,Unfurnished,3,7601735,19210
Piplani,4,3,2721,Semi-Furnished,6,19023889,60168
Ayodhya bypass,3,1,1281,Semi-Furnished,9,6809101,21924
ibrahimpura,2,2,858,Semi-Furnished,8,3779139,11252
Service road,5,2,4909,Semi-Furnished,28,28396827,94953
Narela,5,1,3228,Semi-Furnished,23,13938723,34493
chuna bhatti,2,3,880,Semi-Furnished,28,4161015,10792
Habibganj,4,1,2433,Semi-Furnished,18,13392447,44268
jahangirabad,1,1,471,Semi-Furnished,10,2226271,6890
Saket nagar,1,2,502,Semi-Furnished,20,3331643,12335
New market,4,4,3137,Furnished,27,21953757,67655
Chuna Bhatti,4,3,2280,Furnished,25,10675772,28998
Piplani,2,2,1049,Semi-Furnished,29,7438379,21323
Kamla Nagar,2,1,887,Furnished,2,4679505,15598
Bairagarh,5,4,3807,Furnished,30,17105192,45882
Barkheda,4,1,2456,Unfurnished,27,10832800,33566
Service road,5,1,4856,Furnished,16,28177262,91885
Hoshangabad Road,3,3,1571,Unfurnished,6,8094680,22430
Ratnagiri,4,4,2707,Furnished,3,12658604,36884
Shyamla Hills,1,2,401,Unfurnished,0,2974721,10983
Vikas Nagar,1,1,489,Unfurnished,8,3242883,12472
Shyamla Hills,5,2,4783,Unfurnished,3,35875791,118098
Kamla Nagar,5,3,4574,Furnished,16,23812210,73880
Ratnagiri,4,2,2807,Semi-Furnished,18,13114934,34576
Indrapuri,5,3,4423,Semi-Furnished,0,17691647,43120
Avadhpuri,1,2,777,Furnished,14,3372941,8697
Shyamla Hills,2,2,833,Furnished,10,6254832,20374
Prabhat petrol pump,3,4,1411,Semi-Furnished,1,6844732,18963
kohefiza,1,1,656,Unfurnished,21,2860410,6236
Ashoka garden,3,3,1788,Furnished,4,9368533,30265
Roshanpura,4,3,3195,Unfurnished,12,15378948,44148
Misrod,4,3,2247,Semi-Furnished,28,9469881,22748
Narela,3,3,1885,Unfurnished,8,8026790,19611
eidgah hills,3,3,1768,Unfurnished,12,10606360,35645
kohefiza,4,2,2985,Semi-Furnished,5,13491690,37274
New market,1,2,435,Semi-Furnished,8,2978029,11541
Sonagiri,4,3,3247,Furnished,1,14955527,37956
Hoshangabad Road,5,3,4121,Unfurnished,12,20919299,61562
Shanti Nagar,5,3,3084,Semi-Furnished,17,18128242,56741
Ayodhya bypass,4,4,2424,Furnished,7,12854379,37520
Ayodhya nagar,4,3,2164,Unfurnished,12,13487998,48608
Minal,1,4,504,Unfurnished,26,2353809,5999
Bittan Market,3,3,1223,Semi-Furnished,11,8478762,26337
Vikas Nagar,3,1,1592,Semi-Furnished,17,10847374,38359
ibrahimpura,1,2,400,Unfurnished,11,1777555,3158
Kamla Nagar,1,4,480,Furnished,30,2544800,9297
Nizamuddin colony,1,3,452,Semi-Furnished,9,2847448,9755
kohefiza,3,3,1551,Unfurnished,6,7066346,17158
Habibganj,4,3,2608,Semi-Furnished,4,14427283,46558
Bawadiya Kalan,5,2,3053,Semi-Furnished,14,13649304,35879
Bawadiya Kalan,1,2,699,Furnished,16,3185943,9996
Kolar Road,5,2,3243,Furnished,18,16131575,48815
Misrod,4,3,2729,Semi-Furnished,10,11429978,28650
chuna bhatti,3,1,1960,Unfurnished,6,9273536,24468
Kolar hills,5,1,4553,Furnished,27,22760652,68079
Piplani,4,2,3195,Unfurnished,3,22360635,68580
ibrahimpura,1,2,621,Semi-Furnished,25,2644797,6854
Shyamla Hills,3,3,1639,Furnished,26,12285628,41196
Arera Colony,2,2,935,Semi-Furnished,19,7049740,21589
Shyamla Hills,4,4,2706,Unfurnished,2,20235376,68235
Saket nagar,3,1,1463,Furnished,9,9981609,35379
char Imli,4,2,3363,Unfurnished,15,22097104,68919
Ashoka garden,1,3,614,Unfurnished,27,3159097,9108
Vijay nagar,1,4,622,Furnished,26,4526643,15979
Bairagarh,3,4,1874,Unfurnished,17,8378229,21788
Ayodhya nagar,2,3,803,Semi-Furnished,16,4971201,19007
Kamla Nagar,4,4,2328,Furnished,16,12140706,37355
sultaniya road,1,1,415,Semi-Furnished,7,2085063,7257
kohefiza,4,2,2408,Furnished,8,10927087,28175
Kolar hills,1,4,578,Furnished,11,2903691,8252
Nizamuddin colony,3,2,1682,Semi-Furnished,7,10890828,33550
Kolar hills,2,4,899,Semi-Furnished,21,4470453,13599
Chuna Bhatti,3,1,1837,Furnished,22,8539066,25447
Lalghati,1,3,666,Furnished,24,3206506,10318
Avadhpuri,1,4,743,Unfurnished,23,3259915,9699
Bairagarh,3,2,1427,Unfurnished,3,6332844,17535
Minal,5,2,4472,Semi-Furnished,2,20987556,56183
MP Nagar,2,1,1000,Semi-Furnished,18,8004643,23281
Kamla Nagar,2,1,1064,Unfurnished,30,5501522,16450
Barkheda,1,4,741,Unfurnished,7,3308940,9748
jahangirabad,2,3,949,Furnished,29,4272006,12354
Avadhpuri,4,1,3339,Furnished,1,14621032,43666
Service road,3,4,1560,Unfurnished,22,9009992,30544
Tajul masjid,3,4,1829,Furnished,2,10020518,33615
Prabhat petrol pump,4,4,2403,Semi-Furnished,2,11764467,35045
Lalghati,1,2,483,Furnished,11,2274434,7753
Anand nagar,3,1,1324,Furnished,13,7677422,23621
Vikas Nagar,2,1,817,Unfurnished,27,5607631,19910
Anand nagar,1,4,460,Semi-Furnished,28,2684043,7758
Kamla Nagar,1,2,757,Furnished,21,3895899,10608
Vikas Nagar,3,3,1995,Semi-Furnished,3,13644768,45905
Bittan Market,1,4,668,Unfurnished,15,4679089,14114
Hoshangabad Road,3,3,1734,Furnished,6,8787093,24842
Bittan Market,2,2,1149,Unfurnished,8,8007103,23422
Misrod,4,2,2482,Furnished,20,10453981,26447
Avadhpuri,5,1,4485,Semi-Furnished,21,19741177,57981
Avadhpuri,2,2,1159,Semi-Furnished,9,5004005,13852
Chuna Bhatti,2,1,1174,Furnished,4,5466528,14684
Kolar Road,1,3,638,Semi-Furnished,30,3214242,10044
Chuna Bhatti,2,4,1193,Furnished,4,5673585,13561
Vijay nagar,3,1,1929,Unfurnished,24,13966407,47700
Hoshangabad Road,2,3,848,Semi-Furnished,2,4406753,11159
Kamla Nagar,1,4,552,Unfurnished,20,2819127,10752
Gandhi nagar,3,1,1442,Semi-Furnished,10,8936990,32707
Anand nagar,2,3,923,Semi-Furnished,11,5364470,15721
Ashoka garden,1,3,515,Semi-Furnished,12,2710819,6563
Vikas Nagar,1,4,694,Semi-Furnished,4,4709778,15108
Ayodhya nagar,4,3,2967,Unfurnished,13,18463487,67132
VIP road,5,3,3924,Semi-Furnished,10,25603989,81694
Karond,5,4,4230,Furnished,18,20704398,58601
Lalghati,1,3,490,Furnished,27,2267082,5201
Ayodhya bypass,4,2,2624,Semi-Furnished,11,13967747,41401
Indrapuri,1,2,790,Unfurnished,19,3149996,9092
Ayodhya bypass,1,1,725,Furnished,9,3910266,10594
Bairagarh,1,3,602,Semi-Furnished,22,2779272,6167
Nizamuddin colony,5,1,4290,Semi-Furnished,9,27839512,91844
Anand nagar,3,2,1774,Unfurnished,22,10378226,35085
eidgah hills,5,2,4142,Furnished,21,24949881,82314
Misrod,4,3,2275,Unfurnished,4,9576465,24819
char Imli,5,1,3234,Unfurnished,7,21311185,69911
Hoshangabad Road,1,1,674,Unfurnished,18,3380753,11079
Misrod,4,1,3284,Furnished,27,13699742,36154
Bittan Market,4,4,3331,Semi-Furnished,9,23413713,71961
Shanti Nagar,2,2,831,Furnished,12,4905215,17182
Bairagarh,1,1,706,Furnished,4,3269178,6536
Ashoka garden,1,2,490,Furnished,20,2614339,8741
eidgah hills,5,3,4859,Unfurnished,12,29078128,96498
Karond,4,3,2043,Semi-Furnished,23,9928642,28812
Kolar hills,3,3,1924,Semi-Furnished,12,9715348,29612
Ashoka garden,5,4,4008,Semi-Furnished,7,20788321,65221
char Imli,2,2,899,Semi-Furnished,23,5847183,19698
Chuna Bhatti,4,4,2571,Unfurnished,14,12159631,31705
Gulmohar,2,1,1010,Semi-Furnished,9,6499875,19290
Arera Colony,2,2,1190,Unfurnished,19,8886649,28688
Minal,2,2,1063,Unfurnished,5,5093573,12680
Vijay nagar,4,2,3210,Semi-Furnished,9,23059466,77461
Lalghati,2,2,1001,Unfurnished,19,4874958,15675
Ayodhya bypass,4,3,2819,Furnished,8,14989517,43346
Nizamuddin colony,5,1,4130,Semi-Furnished,0,26933470,86317
Piplani,1,3,552,Unfurnished,25,3873246,11469
Indrapuri,3,2,1888,Furnished,21,7569636,20442
Ratnagiri,2,4,1085,Furnished,26,5037033,12279
Misrod,4,3,2391,Furnished,22,9983695,26280
Lalghati,2,2,924,Furnished,7,4399868,14629
Chuna Bhatti,5,1,4440,Unfurnished,24,20878220,59635
jahangirabad,1,1,420,Furnished,17,1962219,4249
Piplani,3,3,1375,Semi-Furnished,0,9574457,28972
Nizamuddin colony,4,1,2066,Furnished,0,13453352,41950
Arjun Nagar,3,3,1273,Unfurnished,4,7584391,27128
MP Nagar,5,4,4404,Furnished,10,35239030,111481
chuna bhatti,1,2,692,Semi-Furnished,29,3293560,10186
Lalghati,3,4,1995,Furnished,25,9652155,29415
Bairagarh,4,3,2117,Unfurnished,12,9486614,25860
sultaniya road,2,2,1011,Unfurnished,22,5310864,16631
Tajul masjid,2,4,1060,Unfurnished,28,5767042,18651
Hoshangabad Road,3,2,1962,Furnished,18,9966193,30144
Prabhat petrol pump,4,3,3190,Semi-Furnished,25,15649134,46521
VIP road,2,4,805,Unfurnished,28,5328452,15134
Ayodhya bypass,5,1,3932,Unfurnished,11,20920651,61792
Tajul masjid,2,4,1150,Unfurnished,8,6419232,21734
Avadhpuri,4,3,3152,Semi-Furnished,2,13964101,41581
New market,2,3,994,Unfurnished,30,6888770,22915
Lalghati,3,3,1630,Semi-Furnished,15,7784189,21201
ibrahimpura,2,4,1047,Furnished,0,4406590,9549
Minal,5,2,3190,Unfurnished,10,15026670,41416
Arjun Nagar,5,3,4041,Semi-Furnished,4,24175935,82509
Saket nagar,5,1,4810,Semi-Furnished,11,32731266,109324
Gulmohar,5,4,3754,Semi-Furnished,25,23984990,77578
Shyamla Hills,4,4,2880,Unfurnished,30,21600665,72303
jahangirabad,1,4,576,Semi-Furnished,28,2693934,5018
chuna bhatti,5,4,4861,Semi-Furnished,28,22811547,61798
Ashoka garden,3,4,1296,Furnished,6,6688142,21441
Gandhi nagar,5,4,3965,Semi-Furnished,6,24673714,90745
chuna bhatti,5,2,4669,Furnished,15,22028209,61361
kohefiza,1,1,787,Unfurnished,19,3540631,7618
kohefiza,5,2,3354,Unfurnished,1,15013539,38618
Arjun Nagar,1,1,569,Semi-Furnished,14,3346377,13010
Anand nagar,1,2,475,Semi-Furnished,24,2748435,9828
Hoshangabad Road,1,2,750,Unfurnished,3,3905081,11869
Prabhat petrol pump,5,2,4530,Semi-Furnished,21,22161295,63947
Chuna Bhatti,4,1,3237,Semi-Furnished,10,15268534,41875
Misrod,3,3,1412,Semi-Furnished,22,5839218,14127
MP Nagar,4,3,2624,Furnished,21,21061434,66361
Chuna Bhatti,1,1,441,Unfurnished,19,1982992,4960
Shivaji Nagar,4,3,2745,Furnished,2,16558061,56135
Vijay nagar,3,3,1389,Unfurnished,22,9929843,32219
Avadhpuri,3,2,1794,Furnished,29,7902328,24234
Gulmohar,4,4,2014,Furnished,14,12805796,41948
Ratnagiri,4,2,2185,Furnished,23,10256821,26571
Habibganj,3,2,1984,Unfurnished,0,10866457,37340
Ayodhya nagar,2,3,1031,Furnished,16,6319372,21833
VIP road,4,2,3442,Semi-Furnished,1,22324866,72184
Indrapuri,2,1,859,Unfurnished,25,3411733,10081
Kolar Road,4,2,2534,Furnished,5,12689022,39337
Sonagiri,2,3,1155,Unfurnished,3,5367879,12568
Shivaji Nagar,4,2,2584,Unfurnished,4,15509342,51002
Vijay nagar,4,1,2573,Furnished,12,18506636,60929
Bittan Market,5,3,4342,Semi-Furnished,28,30296072,95981
Habibganj,4,3,2875,Semi-Furnished,10,15750055,52951
chuna bhatti,1,4,493,Unfurnished,12,2349578,6736
Gandhi nagar,2,1,1033,Semi-Furnished,3,6424111,23089
Arera Colony,3,2,1909,Unfurnished,6,14337073,46198
Narela,4,4,2268,Furnished,17,9693197,24036
Hoshangabad Road,2,1,878,Furnished,6,4412496,13108
Gandhi nagar,4,1,2106,Furnished,3,12990602,47525
Ayodhya bypass,5,2,4761,Furnished,12,25179941,74219
Ratnagiri,2,2,836,Furnished,0,3859284,9397
Narela,5,3,4727,Semi-Furnished,28,20349314,53498
sultaniya road,1,2,677,Semi-Furnished,4,3600458,11057
Gandhi nagar,3,2,1509,Semi-Furnished,14,9400925,33441
kohefiza,3,4,1388,Furnished,2,6158867,15864
VIP road,1,1,411,Semi-Furnished,0,2718278,8243
Service road,1,4,500,Unfurnished,4,2916857,9069
Ayodhya nagar,2,2,971,Furnished,10,6052065,23032
Barkheda,3,3,1320,Unfurnished,28,5808487,15997
Lalghati,3,4,1385,Unfurnished,20,6585838,20995
Arera Colony,4,1,3308,Furnished,24,24837418,79335
Nizamuddin colony,5,2,4841,Furnished,5,31559398,103037
Nizamuddin colony,3,2,1989,Unfurnished,11,12990550,43637
Prabhat petrol pump,5,2,4411,Unfurnished,28,21634283,60006
Barkheda,4,1,2804,Unfurnished,11,12427712,34640
Nizamuddin colony,5,1,4671,Unfurnished,13,30373693,98245
Minal,3,1,1965,Furnished,14,9269516,23608
sultaniya road,3,2,1343,Furnished,1,7022662,23414
Ayodhya nagar,2,3,824,Furnished,15,5009813,19124
Sonagiri,4,2,2560,Semi-Furnished,20,11740131,31191
Ayodhya nagar,2,4,985,Unfurnished,6,6020580,23050
Narela,2,1,1135,Furnished,28,4882960,11430
Govindpura,4,4,2109,Furnished,9,11202055,34094
Shivaji Nagar,3,4,1413,Unfurnished,13,8477983,29504
eidgah hills,2,3,930,Unfurnished,20,5543578,18085
eidgah hills,1,3,786,Furnished,23,4768900,16248
Shyamla Hills,2,3,806,Unfurnished,25,6134866,18163
Anand nagar,3,1,1892,Unfurnished,18,10977919,34604
Bittan Market,4,3,2661,Semi-Furnished,2,18677048,58315
New market,5,1,3378,Furnished,26,23588846,76013
kohefiza,1,1,772,Semi-Furnished,26,3552795,9726
Habibganj,5,1,4739,Unfurnished,2,25991040,85980
Avadhpuri,4,4,2982,Unfurnished,14,13065546,38275
sultaniya road,3,1,1646,Unfurnished,25,8514025,27783
Chuna Bhatti,2,4,850,Unfurnished,3,4001387,11509
Kolar hills,3,3,1360,Semi-Furnished,19,6894481,21116
Service road,2,2,1015,Semi-Furnished,3,5852064,18004
kohefiza,2,1,847,Unfurnished,25,3793706,9249
Gulmohar,3,1,1531,Semi-Furnished,23,9881674,30195
Avadhpuri,1,4,497,Unfurnished,22,2118183,6933
Arera Colony,1,3,763,Semi-Furnished,26,5785432,17444
Shivaji Nagar,2,1,1185,Furnished,18,7064497,24390
Vijay nagar,5,3,3920,Semi-Furnished,22,28186610,95990
char Imli,3,2,1644,Unfurnished,20,10761926,35351
Chuna Bhatti,3,3,1300,Furnished,20,6155263,18591
Prabhat petrol pump,5,1,4840,Furnished,7,23659799,69692
Habibganj,4,1,3497,Unfurnished,15,19237449,62238
Habibganj,1,2,647,Furnished,30,3531505,10244
Arera Colony,5,1,4384,Semi-Furnished,13,32810386,106242
Piplani,1,2,778,Unfurnished,5,5448784,17555
Bairagarh,5,4,4824,Furnished,14,21623529,58396
Tajul masjid,3,3,1986,Semi-Furnished,24,10969879,35155
Tajul masjid,2,2,1021,Unfurnished,23,5550669,19709
chuna bhatti,1,3,527,Unfurnished,18,2446817,8516
Nizamuddin colony,3,1,1651,Unfurnished,3,10667538,35756
Shyamla Hills,2,3,1038,Semi-Furnished,30,7833709,24928
Karond,5,1,4052,Unfurnished,13,19845523,57639
Habibganj,5,2,3096,Semi-Furnished,7,16972672,56059
sultaniya road,2,4,1115,Furnished,13,5858206,18928
Bairagarh,5,3,4022,Semi-Furnished,7,18016070,49960
Lalghati,1,4,746,Furnished,7,3481272,10764
Nizamuddin colony,1,4,541,Semi-Furnished,6,3548724,9630
Kolar hills,1,1,746,Furnished,30,3649590,9271
Bittan Market,4,1,2293,Furnished,14,16048619,49510
chuna bhatti,1,4,404,Furnished,30,1899841,6055
Avadhpuri,4,2,2647,Semi-Furnished,9,11667112,33513
Gulmohar,4,4,2790,Semi-Furnished,25,17870942,57978
Gandhi nagar,2,3,1132,Unfurnished,10,6944724,25639
Roshanpura,5,3,4329,Furnished,27,20686303,60897
Govindpura,1,2,559,Furnished,23,2896633,9178
Karond,4,1,3314,Unfurnished,4,16211942,45198
Piplani,1,3,493,Unfurnished,17,3480708,12077
Shanti Nagar,4,1,2509,Semi-Furnished,8,14714718,46980
Nizamuddin colony,5,1,4098,Semi-Furnished,6,26586630,84378
Sonagiri,1,1,524,Furnished,10,2370563,5947
Tajul masjid,2,4,1171,Semi-Furnished,1,6516908,19373
jahangirabad,1,4,681,Furnished,24,3062723,8760
Nizamuddin colony,3,2,1343,Semi-Furnished,7,8792423,29249
Shyamla Hills,4,3,2570,Furnished,11,19291483,65313
Govindpura,5,4,4468,Unfurnished,1,23678444,71811
Gandhi nagar,2,2,932,Semi-Furnished,22,5844951,22483
Vikas Nagar,3,3,1207,Furnished,15,8130350,27424
kohefiza,2,3,1006,Furnished,3,4550794,12463
Misrod,5,2,3888,Unfurnished,30,16394618,43001
eidgah hills,5,3,3295,Unfurnished,11,19825983,64658
Ratnagiri,5,3,3905,Furnished,21,18279720,48850
Piplani,5,4,3418,Unfurnished,22,23927477,74161
Lalghati,1,1,438,Unfurnished,12,2039717,6895
Shanti Nagar,1,1,790,Semi-Furnished,10,4744694,16214
Ashoka garden,5,2,3441,Semi-Furnished,6,17830018,53188
kohefiza,3,3,1704,Unfurnished,2,7656231,21772
VIP road,4,1,3037,Unfurnished,22,19760785,65381
Piplani,2,3,1058,Unfurnished,23,7351951,24066
New market,3,1,1701,Furnished,0,11878629,37793
Hoshangabad Road,5,2,3798,Semi-Furnished,24,19333724,57738
Tajul masjid,3,1,1470,Furnished,13,8066417,27258
chuna bhatti,4,1,2558,Furnished,13,11988349,34846
Kolar hills,1,1,716,Furnished,28,3599172,8812
Sonagiri,1,1,541,Furnished,19,2490258,8227
Gandhi nagar,1,3,601,Furnished,3,3648322,14223
Sonagiri,4,2,2590,Semi-Furnished,5,11834357,30644
Lalghati,3,4,1342,Unfurnished,0,6426891,18451
Gulmohar,5,2,4860,Unfurnished,18,31042415,104034
char Imli,1,4,500,Furnished,4,3200977,9673
char Imli,2,4,803,Furnished,7,5297207,17564
Bittan Market,2,2,1013,Semi-Furnished,19,7102575,23832
New market,1,2,614,Semi-Furnished,2,4335655,14299
Nizamuddin colony,1,3,620,Furnished,15,3973763,11847
Kolar Road,5,4,3059,Furnished,8,15376158,44091
Shyamla Hills,5,1,4530,Furnished,4,33913107,112528
Prabhat petrol pump,5,1,4331,Unfurnished,2,21244390,62420
Chuna Bhatti,2,1,877,Furnished,0,4076690,11187
Anand nagar,1,3,424,Furnished,18,2409135,8447
jahangirabad,5,4,3894,Unfurnished,0,17917291,44811
Arjun Nagar,5,4,3034,Semi-Furnished,21,18299462,62250
eidgah hills,3,4,1716,Furnished,13,10219876,32580
sultaniya road,1,2,763,Unfurnished,15,3980423,11814
Vijay nagar,4,1,2388,Unfurnished,16,17219774,58776
Arjun Nagar,1,1,550,Unfurnished,21,3392606,9844
chuna bhatti,2,2,999,Unfurnished,13,4749168,11299
Misrod,5,3,3153,Furnished,8,13307643,36282
Tajul masjid,1,3,553,Unfurnished,28,3018855,9934
Vikas Nagar,5,1,3379,Unfurnished,10,23053382,77639
ibrahimpura,2,4,880,Unfurnished,27,3769021,9384
Vijay nagar,3,3,1434,Unfurnished,1,10350176,32437
Kolar hills,1,1,727,Furnished,25,3719681,9828
Indrapuri,3,3,1322,Semi-Furnished,7,5298498,11867
Gandhi nagar,5,1,3051,Furnished,17,18930303,69153
Vikas Nagar,1,4,637,Furnished,19,4384137,13182
Anand nagar,2,4,823,Furnished,27,4681979,15406
Vikas Nagar,4,2,2363,Semi-Furnished,23,16164121,55692
Chuna Bhatti,3,2,1959,Furnished,26,9267036,24685
New market,4,1,2334,Semi-Furnished,28,16382441,51626
Avadhpuri,2,2,1166,Semi-Furnished,11,5123473,14235
Bittan Market,1,4,680,Furnished,12,4750231,16648
Kolar hills,5,1,3808,Semi-Furnished,18,19060780,57742
Barkheda,4,3,2435,Furnished,10,10777590,31612
Narela,3,1,1836,Furnished,29,7910975,19586
Vijay nagar,3,1,1538,Semi-Furnished,28,11037470,35746
Ratnagiri,4,2,3379,Unfurnished,7,15890716,42103
sultaniya road,2,4,1076,Semi-Furnished,15,5565832,15974
Habibganj,3,1,1543,Semi-Furnished,8,8431840,26111
Chuna Bhatti,1,3,670,Furnished,0,3164732,8109
Roshanpura,5,1,3477,Furnished,12,16617296,50332
Piplani,4,3,2936,Furnished,13,20621364,66534
Narela,2,2,1055,Semi-Furnished,17,4499001,13182
Arjun Nagar,3,2,1747,Semi-Furnished,29,10500260,36624
Hoshangabad Road,5,2,3149,Unfurnished,30,15985801,46706
Ratnagiri,1,2,661,Unfurnished,28,3127794,10159
Saket nagar,2,1,853,Unfurnished,16,5859577,20544
Bawadiya Kalan,3,1,1743,Unfurnished,0,7898096,21604
Vikas Nagar,4,2,3149,Semi-Furnished,6,21317476,71168
Gulmohar,5,2,3207,Semi-Furnished,4,20464978,66744
Avadhpuri,3,4,1354,Semi-Furnished,0,5986585,19366
Gandhi nagar,5,4,4419,Semi-Furnished,23,27327510,101541
Service road,2,2,1184,Semi-Furnished,6,6920319,20733
Hoshangabad Road,4,1,3465,Furnished,30,17715391,52372
Prabhat petrol pump,5,4,3725,Semi-Furnished,3,18200741,54072
Gulmohar,1,4,683,Unfurnished,20,4343102,12695
Kamla Nagar,1,3,592,Semi-Furnished,0,3171079,9797
eidgah hills,3,4,1324,Unfurnished,20,8037187,25944
Ratnagiri,2,4,1076,Unfurnished,12,5048724,12136
Bawadiya Kalan,5,4,3540,Unfurnished,3,15915648,42371
Kolar hills,5,2,3107,Unfurnished,17,15513764,47574
Minal,3,1,1533,Furnished,16,7301509,18337
Ayodhya bypass,2,4,872,Furnished,15,4564262,13763
Ayodhya bypass,5,1,4158,Semi-Furnished,20,21952521,65701
Roshanpura,4,4,2475,Unfurnished,30,11804922,34093
Lalghati,2,1,1185,Furnished,29,5711352,16295
eidgah hills,4,2,2822,Unfurnished,26,16958277,58031
Service road,1,1,509,Semi-Furnished,19,2908885,10283
Arera Colony,1,4,447,Unfurnished,14,3421826,10822
Avadhpuri,5,4,4274,Semi-Furnished,2,18885191,54864
Bawadiya Kalan,2,3,1109,Semi-Furnished,24,4985797,11929
Piplani,1,3,569,Semi-Furnished,4,4051665,12102
Sonagiri,2,2,1073,Furnished,0,4955592,10902
ibrahimpura,2,4,995,Semi-Furnished,7,4275607,12210
Ayodhya bypass,4,2,2172,Unfurnished,24,11570440,35669
Prabhat petrol pump,4,4,2871,Semi-Furnished,28,14120466,38753
ibrahimpura,5,2,4220,Semi-Furnished,26,18177244,46921
Bawadiya Kalan,4,1,2747,Furnished,23,12381399,31947
eidgah hills,4,4,2803,Semi-Furnished,26,16839647,56321
Service road,5,3,4571,Semi-Furnished,11,26473881,86657
Vijay nagar,5,1,3188,Unfurnished,24,22982513,76530
Hoshangabad Road,1,3,631,Furnished,11,3305066,8262
Bawadiya Kalan,4,2,2056,Furnished,4,9190987,22780
Bawadiya Kalan,2,3,905,Furnished,12,4160474,9085
Vijay nagar,5,2,3126,Unfurnished,28,22526857,76782
Kamla Nagar,4,3,2957,Furnished,21,15310891,46428
char Imli,2,4,1076,Furnished,11,7121802,21757
Shyamla Hills,2,1,1182,Semi-Furnished,28,8766183,27974
Misrod,1,2,439,Unfurnished,30,1859694,4771
Barkheda,3,2,1227,Semi-Furnished,26,5452408,16675
eidgah hills,1,1,753,Furnished,27,4512560,16566
Barkheda,2,1,982,Furnished,15,4349755,13980
kohefiza,5,1,3554,Unfurnished,1,16056877,41442
Shyamla Hills,2,3,865,Furnished,22,6495102,22824
Avadhpuri,1,3,584,Unfurnished,5,2583429,9228
Karond,3,4,1904,Unfurnished,20,9425844,28631
jahangirabad,5,1,4760,Furnished,9,21910854,58880
Kolar Road,5,4,4232,Furnished,10,21127384,61747
Karond,4,4,2743,Unfurnished,26,13363457,37174
Gandhi nagar,3,1,1391,Semi-Furnished,14,8616765,32703
Shyamla Hills,2,2,1079,Furnished,30,8004578,27662
Saket nagar,3,2,1966,Furnished,26,13395259,44791
Nizamuddin colony,2,1,1000,Semi-Furnished,20,6583783,19399
chuna bhatti,2,2,867,Semi-Furnished,9,3982808,11472
Bawadiya Kalan,1,2,674,Furnished,26,3119526,9546
Sonagiri,5,3,4355,Unfurnished,13,19974834,52473
Saket nagar,4,3,3197,Unfurnished,21,21784345,74588
char Imli,4,1,2610,Furnished,13,17142364,55395
Piplani,3,4,1263,Unfurnished,15,8873813,28586
Indrapuri,3,4,1980,Semi-Furnished,18,7833870,18810
Bawadiya Kalan,4,2,2354,Unfurnished,23,10529276,28307
Gandhi nagar,1,3,576,Unfurnished,29,3490846,12449
Avadhpuri,4,4,2539,Furnished,6,11199976,32475
Roshanpura,5,1,3859,Furnished,5,18562606,53803
Roshanpura,1,1,626,Unfurnished,17,3033312,6823
kohefiza,3,1,1952,Furnished,8,8840190,24180
MP Nagar,1,2,620,Unfurnished,7,5013680,17457
chuna bhatti,2,3,1132,Semi-Furnished,29,5345834,14722
sultaniya road,4,3,2978,Furnished,17,15434479,47158
Lalghati,1,2,525,Furnished,9,2600089,8809
Gandhi nagar,2,1,900,Semi-Furnished,11,5492289,18963
Piplani,2,3,1049,Unfurnished,4,7339619,23090
Nizamuddin colony,4,4,2100,Semi-Furnished,13,13728391,44550
MP Nagar,2,1,1017,Unfurnished,0,8202412,25917
Indrapuri,2,1,1019,Furnished,26,4060654,11914
MP Nagar,3,3,1360,Semi-Furnished,17,10966385,35202
Ashoka garden,5,2,4791,Unfurnished,26,24908021,77192
chuna bhatti,3,1,1726,Semi-Furnished,16,8206997,20759
Prabhat petrol pump,5,4,3928,Unfurnished,8,19318911,55051
Lalghati,4,2,3065,Unfurnished,0,14730441,44163
Ratnagiri,1,1,725,Unfurnished,22,3493266,8158
Service road,2,3,1072,Unfurnished,7,6297020,19589
Govindpura,1,2,465,Semi-Furnished,26,2375155,8729
Arjun Nagar,1,1,593,Furnished,8,3606382,10800
Govindpura,2,3,871,Semi-Furnished,20,4697224,15839
Govindpura,5,1,3684,Furnished,4,19549896,58674
Karond,5,4,3072,Semi-Furnished,3,15067867,42814
Saket nagar,2,1,1153,Furnished,19,7931663,25547
Saket nagar,4,4,2045,Furnished,11,13996422,46750
Sonagiri,4,4,3000,Furnished,18,13709299,34605
Arera Colony,2,4,906,Semi-Furnished,29,6862850,20167
Vikas Nagar,5,2,4841,Unfurnished,3,32876776,110630
ibrahimpura,4,3,3227,Semi-Furnished,1,13951906,34523
Vijay nagar,5,4,3821,Furnished,11,27564849,91680
Bittan Market,4,3,2536,Unfurnished,15,17778677,56815
Minal,4,4,2508,Furnished,24,11855161,33956
Barkheda,4,2,3337,Unfurnished,27,14733688,44341
Avadhpuri,3,4,1325,Semi-Furnished,28,5859685,16570
Ayodhya bypass,3,3,1257,Furnished,25,6725979,20856
char Imli,1,2,730,Unfurnished,12,4837670,14176
Vikas Nagar,4,3,2952,Semi-Furnished,25,19997761,69533
Kolar hills,3,3,1618,Unfurnished,6,8050953,22502
Vijay nagar,1,1,674,Semi-Furnished,19,4793697,15962
Habibganj,1,2,794,Semi-Furnished,24,4463934,15281
Saket nagar,3,4,1765,Unfurnished,4,12012685,39160
Barkheda,4,1,3496,Semi-Furnished,7,15480932,44248
Anand nagar,3,1,1654,Semi-Furnished,11,9626447,29991
Service road,3,2,1775,Unfurnished,7,10206307,35340
jahangirabad,3,4,1510,Unfurnished,12,6864216,16386
Arera Colony,2,3,848,Unfurnished,27,6352384,21791
New market,3,2,1617,Furnished,18,11266309,33745
Avadhpuri,4,2,2309,Furnished,24,10223550,29597
Hoshangabad Road,4,3,2054,Unfurnished,20,10491629,31274
MP Nagar,5,2,3796,Semi-Furnished,16,30305452,95643
Govindpura,3,3,1563,Semi-Furnished,10,8261656,25176
Roshanpura,3,2,1598,Semi-Furnished,10,7736261,23092
Nizamuddin colony,1,2,638,Unfurnished,26,4076735,12391
chuna bhatti,5,4,4216,Semi-Furnished,11,19734262,53560
Bairagarh,3,1,1235,Furnished,21,5626586,14440
Arera Colony,4,4,2552,Unfurnished,14,19054512,61956
char Imli,3,2,1703,Unfurnished,30,11331494,37512
Gulmohar,1,3,637,Furnished,22,4101340,12670
Gulmohar,3,4,1200,Semi-Furnished,7,7660194,25028
Roshanpura,5,1,3019,Unfurnished,4,14397355,43240
Barkheda,5,2,4537,Furnished,17,20059339,57056
Ratnagiri,4,3,3180,Unfurnished,25,15036851,40443
Bairagarh,1,2,408,Unfurnished,10,1928916,3459
Gulmohar,2,1,868,Furnished,27,5544100,20107
Misrod,1,3,538,Semi-Furnished,7,2291851,5744
Tajul masjid,5,1,3849,Semi-Furnished,16,21173737,69987
Ratnagiri,3,3,1877,Semi-Furnished,9,8750281,23500
char Imli,4,3,2971,Furnished,0,19636438,63691
chuna bhatti,4,3,2492,Unfurnished,18,11669662,33696
Bittan Market,3,4,1814,Semi-Furnished,30,12670074,38543
VIP road,1,4,633,Semi-Furnished,13,4015373,14556
Nizamuddin colony,1,1,409,Semi-Furnished,6,2562346,7926
Kolar hills,5,4,4131,Semi-Furnished,24,20712358,61500
Vijay nagar,5,1,4703,Unfurnished,14,33834288,111983
Habibganj,3,3,1890,Semi-Furnished,8,10446853,34951
Ratnagiri,5,3,3276,Unfurnished,7,15491861,43261
Nizamuddin colony,2,4,1042,Unfurnished,13,6804082,21164
Habibganj,1,1,500,Unfurnished,19,2717484,8505
Saket nagar,1,1,582,Unfurnished,25,3857629,11572
char Imli,1,3,526,Furnished,19,3387674,9559
Tajul masjid,1,4,414,Semi-Furnished,5,2209511,6085
Bawadiya Kalan,3,3,1888,Semi-Furnished,21,8454248,21749
MP Nagar,3,3,1705,Furnished,23,13634937,40791
Hoshangabad Road,1,3,456,Furnished,3,2298994,5882
Minal,3,1,1728,Furnished,20,8093619,21345
chuna bhatti,4,3,2927,Unfurnished,11,13839531,36293
Piplani,2,1,850,Semi-Furnished,14,5852244,16740
jahangirabad,3,3,1990,Furnished,19,9150986,22176
Bittan Market,3,1,1574,Semi-Furnished,15,11003770,33626
Avadhpuri,3,3,1284,Semi-Furnished,3,5658709,18276
Indrapuri,1,1,725,Semi-Furnished,28,2964725,6555
Ashoka garden,3,1,1686,Semi-Furnished,13,8723312,28704
Nizamuddin colony,2,2,865,Semi-Furnished,8,5705200,19330
Avadhpuri,5,1,3856,Unfurnished,19,16939319,51173
Nizamuddin colony,4,4,3115,Semi-Furnished,29,20262772,65340
Shanti Nagar,4,1,2197,Furnished,14,13024935,40194
Gulmohar,3,1,1281,Semi-Furnished,22,8163648,27771
Shivaji Nagar,5,3,3310,Unfurnished,10,19841312,65950
Bittan Market,1,2,545,Semi-Furnished,6,3727089,10681
Ayodhya bypass,4,4,3196,Unfurnished,11,17008697,52519
Karond,5,2,3097,Furnished,20,15164211,43099
Roshanpura,4,4,2061,Unfurnished,25,9935895,27248
Avadhpuri,2,1,916,Unfurnished,30,4068998,11033
Sonagiri,1,3,479,Unfurnished,9,2238541,7719
Ashoka garden,4,4,3480,Semi-Furnished,22,18170102,55684
Saket nagar,4,3,2673,Unfurnished,0,18209350,61422
Kamla Nagar,4,3,2898,Semi-Furnished,17,15124414,44994
Kolar hills,2,3,1167,Unfurnished,28,5775420,18136
Vijay nagar,4,4,2709,Unfurnished,21,19599825,63146
Habibganj,5,4,3776,Furnished,7,20702140,67499
Narela,1,1,710,Unfurnished,6,3136663,9695
Avadhpuri,5,1,4972,Semi-Furnished,8,21925251,64794
Karond,3,2,1253,Semi-Furnished,3,6235350,18177
MP Nagar,5,3,4460,Semi-Furnished,14,35589157,110612
Ayodhya bypass,1,1,625,Furnished,22,3225679,11259
New market,4,4,3105,Unfurnished,19,21717106,70205
VIP road,3,4,1897,Unfurnished,15,12339941,40961
Kolar Road,5,2,3823,Unfurnished,0,19150319,58567
Prabhat petrol pump,1,1,474,Furnished,3,2390486,6188
Gandhi nagar,3,3,1950,Furnished,1,11995680,46366
Anand nagar,5,1,4234,Semi-Furnished,10,24511016,81562
New market,1,4,436,Semi-Furnished,20,3117472,9002
Karond,2,3,802,Unfurnished,17,3935683,9524
sultaniya road,5,1,4426,Unfurnished,14,22954397,70858
Barkheda,3,1,1520,Semi-Furnished,6,6667956,18501
VIP road,5,3,4855,Furnished,27,31481031,103474
Habibganj,5,2,3257,Semi-Furnished,26,17870474,59752
Indrapuri,5,4,4318,Furnished,18,17367971,44544
Vijay nagar,3,2,1529,Semi-Furnished,4,10930338,35014
Kolar Road,2,1,1002,Semi-Furnished,8,5066930,13609
char Imli,3,1,1420,Furnished,30,9347380,30956
Bittan Market,1,4,465,Semi-Furnished,15,3188494,10611
Vijay nagar,1,1,503,Furnished,9,3588546,12517
Gulmohar,5,4,3060,Semi-Furnished,20,19563262,65289
Misrod,4,4,3163,Semi-Furnished,3,13358298,36551
eidgah hills,4,2,2247,Semi-Furnished,26,13433618,44463
Shyamla Hills,3,2,1622,Unfurnished,19,12079601,41698
Kolar hills,5,1,4842,Semi-Furnished,4,24274316,73112
Kamla Nagar,4,2,2485,Semi-Furnished,17,12831577,38115
chuna bhatti,1,4,503,Furnished,3,2444079,7267
kohefiza,3,3,1546,Unfurnished,29,7014179,18210
VIP road,2,4,1114,Furnished,28,7218309,22311
Misrod,4,1,2134,Semi-Furnished,12,8889294,24881
Hoshangabad Road,4,1,2163,Semi-Furnished,19,10945514,30563
char Imli,3,3,1990,Unfurnished,17,13229928,40031
MP Nagar,4,1,2340,Semi-Furnished,18,18721107,60307
Prabhat petrol pump,3,2,1958,Semi-Furnished,0,9602156,25530
sultaniya road,2,3,1156,Unfurnished,19,6087961,19690
Saket nagar,2,4,1000,Semi-Furnished,10,6718465,21893
Nizamuddin colony,3,3,1402,Unfurnished,1,9093010,27759
Karond,2,1,1132,Furnished,0,5616723,14402
Bittan Market,3,3,1738,Unfurnished,8,12099507,40027
Chuna Bhatti,5,2,4634,Furnished,25,21687598,58437
VIP road,2,3,907,Unfurnished,28,5806811,17592
jahangirabad,1,3,750,Unfurnished,18,3492057,9775
Anand nagar,3,1,1635,Furnished,18,9475125,31576
Tajul masjid,2,4,996,Furnished,14,5428322,17392
jahangirabad,5,3,4939,Furnished,3,22718109,60477
New market,3,4,1917,Furnished,17,13344941,40199
Nizamuddin colony,2,4,912,Unfurnished,30,5895615,17699
Hoshangabad Road,1,2,542,Unfurnished,28,2809213,7859
Govindpura,3,3,1950,Semi-Furnished,19,10286922,30296
Sonagiri,1,2,512,Furnished,29,2409238,8102
Nizamuddin colony,1,3,770,Furnished,12,5051755,16013
New market,1,2,743,Furnished,18,5262023,18019
char Imli,3,1,1212,Semi-Furnished,11,8065553,24032
Bawadiya Kalan,4,1,2592,Semi-Furnished,21,11604878,33058
Habibganj,5,1,3320,Semi-Furnished,15,18319893,58705
Arera Colony,2,3,1041,Furnished,8,7791482,24974
Karond,1,1,685,Furnished,9,3428433,7734
VIP road,2,4,898,Semi-Furnished,14,5751270,19184
Piplani,1,2,402,Furnished,22,2863812,10745
kohefiza,2,1,1190,Unfurnished,0,5310893,13767
Gulmohar,5,1,4431,Unfurnished,18,28294145,93063
Govindpura,4,3,2977,Furnished,20,15810499,47251
MP Nagar,2,4,905,Furnished,11,7316551,23433
Arera Colony,4,1,3021,Unfurnished,10,22707993,73088
Vijay nagar,4,4,3098,Unfurnished,15,22269532,76236
Gandhi nagar,5,2,4564,Semi-Furnished,19,28385607,104545
Vikas Nagar,3,3,1830,Furnished,2,12357978,42981
Govindpura,3,2,1958,Semi-Furnished,9,10373310,31825
Lalghati,4,1,3417,Semi-Furnished,19,16441796,49618
Chuna Bhatti,2,2,1173,Unfurnished,26,5613025,15097
Ayodhya bypass,2,4,1055,Furnished,16,5528355,15546
Arera Colony,3,1,1253,Unfurnished,5,9353446,30370
Nizamuddin colony,2,2,1100,Unfurnished,5,7150012,23142
Vijay nagar,5,3,3724,Semi-Furnished,1,26780445,89481
Indrapuri,2,2,902,Unfurnished,7,3631851,7311
MP Nagar,4,4,2234,Furnished,22,17845400,55329
Ayodhya bypass,4,1,3088,Unfurnished,17,16424903,50252
Roshanpura,3,1,1627,Unfurnished,16,7901823,22842
Ayodhya bypass,4,4,2577,Unfurnished,24,13665967,42981
Barkheda,5,1,4027,Semi-Furnished,1,17727299,54056
Vikas Nagar,4,1,3221,Unfurnished,30,22001859,75102
char Imli,4,1,2745,Furnished,17,18089697,56177
eidgah hills,4,1,2534,Unfurnished,14,15137090,49134
Avadhpuri,1,3,614,Unfurnished,16,2678904,6667
sultaniya road,1,1,437,Semi-Furnished,26,2372167,8725
ibrahimpura,3,2,1631,Unfurnished,30,7036801,18034
Ratnagiri,5,4,4389,Unfurnished,3,20531604,57323
Service road,4,1,2599,Furnished,16,15082359,48391
Kolar Road,2,4,878,Unfurnished,15,4348908,12308
jahangirabad,5,4,4645,Furnished,23,21306383,57271
Ayodhya nagar,2,3,1118,Unfurnished,20,6946715,23965
Tajul masjid,4,2,2384,Unfurnished,14,13109876,43930
Vikas Nagar,5,4,4929,Furnished,22,33418997,114981
Sonagiri,5,4,4983,Semi-Furnished,21,22906634,58997
Ratnagiri,1,2,603,Unfurnished,30,2898944,7863
Gandhi nagar,1,1,770,Unfurnished,4,4786241,17064
chuna bhatti,5,3,4965,Semi-Furnished,23,23341929,65212
chuna bhatti,2,3,1027,Furnished,3,4800200,11516
Barkheda,3,2,1945,Unfurnished,4,8526368,25968
Narela,5,2,3392,Unfurnished,18,14563534,36974
Narela,4,1,2421,Furnished,14,10317799,28446
Vijay nagar,4,4,2343,Semi-Furnished,12,16826450,54479
Lalghati,1,4,660,Semi-Furnished,30,3219331,10761
chuna bhatti,4,3,2794,Semi-Furnished,15,13055779,35895
Misrod,5,3,4732,Furnished,30,19795820,51383
Roshanpura,5,3,3962,Furnished,8,19021072,57202
Vijay nagar,1,2,582,Semi-Furnished,11,4113322,12654
Tajul masjid,3,2,1579,Unfurnished,27,8751625,28688
char Imli,5,3,4311,Semi-Furnished,4,28420002,91354
Karond,4,2,3195,Semi-Furnished,24,15720495,43852
Prabhat petrol pump,1,1,681,Furnished,8,3390950,9874
Prabhat petrol pump,1,4,434,Unfurnished,16,2216423,5864
Barkheda,2,3,883,Furnished,3,3855063,12769
MP Nagar,2,1,836,Semi-Furnished,12,6619681,19910
Misrod,2,4,898,Furnished,7,3737391,11331
Anand nagar,5,2,4748,Furnished,8,27559088,90763
Kolar Road,2,1,942,Furnished,28,4624139,12439
jahangirabad,3,3,1525,Unfurnished,3,6972253,19473
Anand nagar,5,1,4448,Unfurnished,21,25740566,82800
Roshanpura,1,2,557,Furnished,15,2678596,8073
Tajul masjid,5,3,3893,Semi-Furnished,18,21469716,71652
Service road,3,3,1777,Furnished,3,10369821,33705
Vikas Nagar,1,4,750,Unfurnished,21,5188453,19144
Kamla Nagar,5,2,4892,Semi-Furnished,22,25395526,78164
Hoshangabad Road,3,3,1897,Unfurnished,16,9580168,30070
Bawadiya Kalan,4,2,3106,Furnished,21,13880946,39240
Kolar Road,2,1,1034,Unfurnished,5,5259556,16834
Bawadiya Kalan,5,3,4999,Furnished,26,22455688,60507
Tajul masjid,3,1,1365,Furnished,28,7476340,24811
Ayodhya nagar,3,3,1947,Semi-Furnished,19,12142721,45639
Tajul masjid,5,2,4540,Unfurnished,6,24944931,82180
Tajul masjid,3,4,1368,Unfurnished,3,7616864,23593
Vijay nagar,2,1,849,Semi-Furnished,21,6074589,21607
Lalghati,3,1,1999,Furnished,24,9663211,26262
Saket nagar,1,1,474,Furnished,15,3283593,11466
Shivaji Nagar,5,4,4044,Unfurnished,24,24187902,82686
Roshanpura,3,4,1255,Semi-Furnished,18,5999049,17981
VIP road,1,1,529,Unfurnished,20,3531608,11522
Prabhat petrol pump,4,4,3172,Semi-Furnished,8,15532823,43891
Roshanpura,5,2,4163,Unfurnished,25,19924504,59715
Gandhi nagar,5,2,4149,Semi-Furnished,18,25758907,95871
Arera Colony,3,2,1359,Furnished,4,10163267,30871
Bittan Market,2,4,993,Furnished,0,6877403,23164
Vikas Nagar,3,3,1839,Semi-Furnished,17,12459007,44072
Roshanpura,4,1,2239,Furnished,13,10703839,30550
kohefiza,4,3,2951,Furnished,12,13286815,35753
Shivaji Nagar,4,2,2113,Unfurnished,28,12679603,42355
Bawadiya Kalan,1,3,563,Semi-Furnished,5,2596236,6880
Shanti Nagar,2,3,868,Unfurnished,21,5048842,17096
Kamla Nagar,3,2,1704,Furnished,18,8908901,28963
New market,5,4,4388,Unfurnished,15,30753011,98358
Kamla Nagar,3,3,1208,Semi-Furnished,10,6295099,20835
Kolar hills,1,3,585,Semi-Furnished,1,2826133,10358
Arjun Nagar,3,1,1555,Unfurnished,29,9253686,29503
Misrod,1,1,731,Furnished,18,3163389,7309
Service road,5,2,4944,Furnished,5,28698763,93700
Prabhat petrol pump,2,1,931,Furnished,16,4519168,11102
Vikas Nagar,3,1,1452,Semi-Furnished,9,9786285,31850
Ashoka garden,3,3,1488,Unfurnished,29,7737497,24719
Karond,4,3,3400,Furnished,18,16627222,46379
Kolar hills,3,2,1899,Furnished,16,9423726,26502
Kamla Nagar,5,4,4008,Semi-Furnished,15,20870623,65165
Misrod,3,1,1968,Unfurnished,30,8297178,20182
Kamla Nagar,5,2,3825,Unfurnished,3,19972171,59500
chuna bhatti,4,3,2058,Semi-Furnished,27,9660719,26794
eidgah hills,2,3,1183,Unfurnished,3,7091007,22647
eidgah hills,4,4,3283,Semi-Furnished,9,19734424,63830
Bairagarh,1,1,463,Semi-Furnished,29,2112268,4237
Narela,2,3,834,Semi-Furnished,6,3596393,8456
MP Nagar,4,1,3456,Semi-Furnished,5,27729385,87693
Tajul masjid,4,4,2859,Furnished,6,15801592,50458
jahangirabad,1,3,791,Semi-Furnished,29,3610933,8526
eidgah hills,1,3,532,Semi-Furnished,7,3277924,11643
Kolar hills,4,3,3143,Semi-Furnished,13,15748337,45297
ibrahimpura,5,4,4572,Semi-Furnished,1,19730846,51073
Service road,3,4,1557,Unfurnished,18,8959766,29140
Ayodhya bypass,1,4,797,Furnished,22,4259072,12878
Bittan Market,5,4,4312,Semi-Furnished,1,30265567,96292
Anand nagar,2,1,967,Unfurnished,17,5579515,19636
Prabhat petrol pump,2,4,1189,Unfurnished,18,5887108,16140
Kolar hills,4,4,3183,Semi-Furnished,4,15830438,46345
jahangirabad,4,3,2085,Semi-Furnished,18,9548044,23851
Service road,1,2,784,Semi-Furnished,13,4509858,14838
Shyamla Hills,5,3,3364,Unfurnished,28,25169590,82902
Ashoka garden,1,1,528,Furnished,6,2757185,7112
Vikas Nagar,3,2,1455,Furnished,1,9869638,32039
Service road,1,3,598,Semi-Furnished,16,3406235,9405
Kolar Road,2,2,1072,Unfurnished,26,5439470,17806
Narela,1,2,722,Semi-Furnished,19,3136643,6640
Shivaji Nagar,5,4,3907,Furnished,9,23411765,76542
Tajul masjid,2,2,1135,Unfurnished,25,6193387,21591
Bittan Market,5,1,4543,Furnished,2,31781142,99130
Minal,4,3,2313,Furnished,11,10860568,29450
Arera Colony,1,4,584,Furnished,17,4389223,13979
Ashoka garden,2,4,992,Semi-Furnished,0,5227041,15649
Minal,5,1,3861,Furnished,29,18110714,50649
Kolar Road,4,4,3481,Unfurnished,16,17461428,52589
Minal,5,3,3611,Furnished,26,16985477,45214
Nizamuddin colony,2,3,1146,Semi-Furnished,5,7516760,23153
ibrahimpura,5,1,4296,Furnished,29,18432928,48321
Hoshangabad Road,5,3,3978,Semi-Furnished,24,20336258,58400
Shyamla Hills,1,1,764,Furnished,4,5645772,20258
Barkheda,1,3,546,Semi-Furnished,19,2368131,5318
jahangirabad,4,2,2723,Semi-Furnished,12,12568130,31406
Hoshangabad Road,4,4,2811,Furnished,13,14242818,41741
Kolar hills,4,3,3125,Furnished,28,15562900,46945
jahangirabad,4,2,2036,Furnished,13,9344886,23599
Lalghati,1,4,442,Semi-Furnished,21,2217326,7794
Nizamuddin colony,5,4,4716,Furnished,10,30666324,97099
Hoshangabad Road,1,2,756,Furnished,8,3863971,12915
Sonagiri,5,2,3131,Furnished,19,14500461,35823
Gandhi nagar,4,4,2143,Furnished,22,13253850,49340
Saket nagar,2,4,830,Unfurnished,2,5638437,18781
Karond,2,3,930,Furnished,5,4588387,14542
Kamla Nagar,4,3,2749,Unfurnished,18,14329939,44407
Arjun Nagar,4,3,2389,Unfurnished,16,14341218,48269
Habibganj,5,2,4995,Semi-Furnished,12,27452457,91405
Shyamla Hills,3,1,1734,Semi-Furnished,8,13055775,43426
Gulmohar,1,3,678,Semi-Furnished,20,4433084,14882
Ayodhya bypass,2,2,1138,Unfurnished,19,5990998,17573
Roshanpura,4,2,2218,Semi-Furnished,26,10631631,32698
Barkheda,1,4,796,Furnished,21,3438238,12228
Roshanpura,2,1,915,Unfurnished,17,4310883,13969
Ayodhya nagar,1,2,527,Unfurnished,2,3208671,10715
Bairagarh,5,4,4508,Semi-Furnished,21,20259319,53607
Roshanpura,2,4,837,Semi-Furnished,10,3918629,11842
Vijay nagar,3,3,1501,Unfurnished,7,10799053,37679
Ayodhya nagar,2,1,1131,Unfurnished,25,6934057,24081
Shivaji Nagar,3,2,1685,Furnished,13,10042352,35425
Minal,3,4,1809,Semi-Furnished,17,8537328,21881
Arera Colony,3,1,1787,Unfurnished,14,13371258,41623
Shyamla Hills,4,3,2923,Semi-Furnished,5,21931417,72109
Ashoka garden,1,1,787,Semi-Furnished,5,4054376,12070
Saket nagar,5,4,3016,Furnished,0,20501107,70977
Avadhpuri,4,2,3493,Unfurnished,24,15446559,45879
Roshanpura,5,1,4388,Furnished,6,20979480,62296
Ayodhya nagar,2,1,1134,Semi-Furnished,27,7055135,24615
Tajul masjid,5,3,4311,Semi-Furnished,18,23636292,75829
Ayodhya bypass,3,1,1567,Semi-Furnished,24,8245887,25634
ibrahimpura,4,3,3233,Semi-Furnished,8,13810719,34402
Narela,1,1,440,Furnished,21,1954302,6008
Avadhpuri,2,3,1083,Unfurnished,26,4743210,15804
Kolar Road,4,3,2710,Semi-Furnished,29,13537391,42117
Avadhpuri,5,4,4681,Unfurnished,8,20680329,58931
Piplani,3,1,1343,Semi-Furnished,16,9342461,28590
Nizamuddin colony,3,1,1329,Unfurnished,12,8671115,28894
Kolar Road,3,4,1872,Furnished,23,9321255,29063
Shyamla Hills,5,3,3301,Unfurnished,4,24692406,82865
jahangirabad,4,3,2832,Furnished,22,13052408,35816
Nizamuddin colony,3,4,1360,Unfurnished,12,8755776,29594
Vijay nagar,3,1,1340,Unfurnished,0,9601129,31507
Ayodhya bypass,4,2,3402,Semi-Furnished,15,18041234,53727
Shivaji Nagar,3,1,1956,Semi-Furnished,29,11739319,39969
kohefiza,1,1,457,Unfurnished,3,2033235,3942
Prabhat petrol pump,2,1,1160,Semi-Furnished,7,5632096,14378
Barkheda,2,1,892,Semi-Furnished,2,3991270,12012
Tajul masjid,2,3,1189,Semi-Furnished,25,6568056,20491
New market,4,3,2644,Unfurnished,0,18415419,57550
Chuna Bhatti,2,2,1028,Unfurnished,2,4775512,14348
Habibganj,4,4,2090,Unfurnished,9,11519524,36413
Govindpura,5,4,4825,Unfurnished,23,25495463,76004
Avadhpuri,2,1,1129,Furnished,30,5025660,15545
Nizamuddin colony,3,3,1561,Semi-Furnished,25,10201528,33548
Ayodhya nagar,3,3,1246,Furnished,10,7626957,29018
Vikas Nagar,4,3,2671,Semi-Furnished,16,18155861,62401
Chuna Bhatti,1,1,520,Unfurnished,23,2414905,6143
Shanti Nagar,4,4,2378,Unfurnished,25,14032822,44913
Lalghati,1,1,723,Unfurnished,26,3556936,10064
VIP road,1,2,703,Semi-Furnished,14,4560647,12917
Barkheda,2,1,865,Semi-Furnished,4,3780431,11561
Arera Colony,2,4,829,Semi-Furnished,30,6283121,20893
Tajul masjid,4,2,2295,Semi-Furnished,8,12626659,41767
New market,3,4,1838,Semi-Furnished,5,12921293,41414
Saket nagar,5,1,4585,Furnished,8,31139330,104874
Gandhi nagar,3,2,1432,Semi-Furnished,22,8848648,33534
Kolar Road,4,4,2215,Semi-Furnished,8,11106409,33087
Arjun Nagar,4,4,2467,Furnished,18,14735234,49595
Bairagarh,5,4,4257,Unfurnished,8,19087625,51029
kohefiza,5,2,3657,Furnished,7,16394162,44199
MP Nagar,2,4,1092,Unfurnished,6,8696970,25342
Anand nagar,5,4,4603,Furnished,3,26663125,86495
Arera Colony,5,2,3940,Unfurnished,7,29610541,96357
eidgah hills,3,4,1946,Unfurnished,19,11624379,40107
Gulmohar,2,2,1192,Semi-Furnished,0,7555448,23569
Vijay nagar,2,4,958,Semi-Furnished,4,6842573,21386
Kamla Nagar,1,1,526,Semi-Furnished,12,2823774,9509
char Imli,2,1,879,Semi-Furnished,14,5794329,18144
Shivaji Nagar,2,3,822,Semi-Furnished,27,4908085,15612
Prabhat petrol pump,3,4,1998,Unfurnished,9,9857868,26162
Roshanpura,3,4,1545,Unfurnished,19,7399391,22616
Gandhi nagar,5,2,4862,Furnished,13,30144647,113645
Ayodhya nagar,1,4,574,Furnished,8,3506649,14878
Vikas Nagar,5,1,4555,Unfurnished,26,30903765,105108
Piplani,3,2,1460,Unfurnished,3,10228629,31090
Karond,5,4,4993,Unfurnished,28,24372979,68955
Narela,1,2,716,Furnished,1,3164990,9622
jahangirabad,3,4,1426,Furnished,17,6554434,16839
Barkheda,5,4,4301,Semi-Furnished,21,18868781,55227
Gulmohar,3,1,1990,Furnished,26,12717734,43215
Misrod,2,4,803,Furnished,14,3340281,9580
Gulmohar,1,1,481,Unfurnished,21,3064034,9968
Misrod,2,4,1183,Unfurnished,17,4898263,13790
Ratnagiri,4,1,3260,Furnished,18,15361539,42621
Govindpura,2,4,966,Semi-Furnished,22,5063470,15159
Misrod,4,4,2426,Semi-Furnished,6,10212967,28125
eidgah hills,3,2,1661,Furnished,14,9910650,31947
Saket nagar,5,2,3875,Semi-Furnished,17,26254523,87478
Prabhat petrol pump,2,4,1005,Unfurnished,1,4938623,12160
Ashoka garden,2,4,990,Unfurnished,29,5141012,13876
Vikas Nagar,3,3,1289,Unfurnished,0,8852246,31566
kohefiza,4,2,2582,Furnished,28,11651658,32665
Avadhpuri,2,4,955,Unfurnished,3,4178537,14019
ibrahimpura,2,3,1096,Semi-Furnished,8,4647960,12768
Kolar Road,5,2,3582,Semi-Furnished,16,17924558,54477
Bairagarh,4,4,2261,Furnished,2,10236468,25236
Bawadiya Kalan,2,1,913,Furnished,7,4192728,10833
jahangirabad,5,1,3826,Furnished,1,17685014,45367
Kolar Road,1,2,527,Furnished,15,2589296,7804
Nizamuddin colony,2,1,987,Unfurnished,18,6512048,20198
Saket nagar,2,1,861,Unfurnished,9,5917840,20212
Saket nagar,2,1,1110,Unfurnished,22,7536423,23587
Sonagiri,5,2,3938,Semi-Furnished,29,18061950,45365
Nizamuddin colony,4,3,2982,Unfurnished,8,19430428,61799
Hoshangabad Road,1,2,562,Furnished,9,2791440,6547
Vikas Nagar,2,3,866,Semi-Furnished,7,5959714,21108
Prabhat petrol pump,3,2,1281,Semi-Furnished,12,6342106,16589
Piplani,2,2,996,Unfurnished,1,7010708,23404
Avadhpuri,1,2,487,Unfurnished,26,2227251,7131
Arjun Nagar,5,2,4974,Semi-Furnished,19,29847348,100049
VIP road,1,2,621,Unfurnished,8,3987437,15034
Gulmohar,5,1,4107,Furnished,18,26362863,87592
Vijay nagar,5,2,3407,Unfurnished,12,24537653,81631
kohefiza,1,2,568,Unfurnished,16,2581685,7038
Karond,3,3,1665,Furnished,18,8218125,22212
Shivaji Nagar,4,4,2539,Unfurnished,26,15191052,50452
Gandhi nagar,5,3,3895,Unfurnished,9,24060763,89298
Karond,2,4,837,Furnished,3,4041314,10357
Vikas Nagar,1,1,680,Semi-Furnished,14,4719174,14622
kohefiza,3,2,1320,Furnished,28,5927829,14023
Gulmohar,1,2,491,Furnished,17,3155366,10112
Arjun Nagar,3,4,1775,Furnished,23,10690849,35631
Service road,4,4,2357,Semi-Furnished,24,13747675,44009
Gulmohar,1,3,518,Unfurnished,23,3367661,12318
Habibganj,4,1,3446,Semi-Furnished,6,18886531,61560
Narela,2,1,939,Furnished,29,3999048,10472
Minal,5,2,4129,Furnished,27,19460078,54206
Misrod,3,4,1409,Unfurnished,22,5842959,13985
Prabhat petrol pump,2,4,1151,Furnished,23,5636445,14779
Kolar Road,2,2,979,Unfurnished,22,4877923,16381
Narela,2,1,950,Semi-Furnished,13,4120337,12037
Ratnagiri,4,4,2300,Semi-Furnished,3,10867190,29107
Vijay nagar,2,4,931,Unfurnished,10,6752334,20592
Govindpura,4,2,2594,Semi-Furnished,7,13660634,43044
Shyamla Hills,5,4,4459,Unfurnished,14,33466162,110879
VIP road,5,2,4599,Unfurnished,25,29909338,95795
Avadhpuri,5,1,3492,Semi-Furnished,5,15403821,43754
Tajul masjid,5,2,4028,Furnished,15,22079736,72572
Shivaji Nagar,2,2,805,Semi-Furnished,4,4759185,16322
Anand nagar,4,1,3140,Semi-Furnished,25,18124287,58000
Hoshangabad Road,4,3,2780,Furnished,13,14146904,42272
jahangirabad,4,3,2427,Semi-Furnished,15,11253794,27586
Misrod,5,4,3593,Unfurnished,13,15081858,38599
Gandhi nagar,1,1,642,Furnished,29,3910837,14065
Misrod,5,4,4356,Unfurnished,7,18328046,46458
Hoshangabad Road,2,4,1094,Semi-Furnished,5,5600306,16370
Bittan Market,4,2,3324,Semi-Furnished,9,23239332,71869
Bawadiya Kalan,5,3,3465,Unfurnished,23,15628812,41373
Service road,5,1,3936,Semi-Furnished,6,22839378,73029
chuna bhatti,4,3,2235,Semi-Furnished,9,10441041,28309
New market,5,3,3476,Semi-Furnished,20,24416420,77398
Vikas Nagar,2,4,1100,Unfurnished,13,7493089,23875
Piplani,1,1,403,Unfurnished,29,2900940,7918
Bairagarh,5,3,3951,Furnished,9,17807782,46965
Anand nagar,1,4,660,Furnished,25,3916175,13996
Chuna Bhatti,5,1,3643,Furnished,23,17068054,48098
Bittan Market,5,2,3454,Semi-Furnished,30,24126730,76350
New market,3,2,1649,Unfurnished,15,11476559,37710
VIP road,2,1,1147,Furnished,25,7451928,23473
Roshanpura,5,3,4423,Furnished,23,21236885,62191
Bawadiya Kalan,4,3,3368,Semi-Furnished,17,15093572,42062
Gandhi nagar,5,1,4800,Semi-Furnished,2,29840259,109801
Minal,1,4,401,Semi-Furnished,23,1885638,4301
Saket nagar,1,3,787,Furnished,5,5328343,16923
Govindpura,4,1,2540,Unfurnished,22,13483059,40200
Ashoka garden,5,4,3135,Unfurnished,4,16222744,49086
Roshanpura,4,1,3063,Semi-Furnished,27,14686825,41163
Piplani,1,3,616,Unfurnished,2,4242399,12405
Roshanpura,5,2,3956,Semi-Furnished,4,18945276,57246
Prabhat petrol pump,1,3,773,Semi-Furnished,10,3837897,8845
Indrapuri,2,2,957,Semi-Furnished,10,3773053,8957
kohefiza,2,1,955,Unfurnished,28,4253955,11549
kohefiza,1,4,645,Furnished,5,2838107,8433
Avadhpuri,3,3,1554,Unfurnished,21,6758751,20091
Vijay nagar,3,1,1536,Furnished,8,11084838,35006
VIP road,2,2,980,Semi-Furnished,12,6376259,18595
chuna bhatti,3,2,1876,Furnished,3,8835932,23320
Avadhpuri,2,2,1132,Furnished,6,4987527,16134
Ratnagiri,5,4,3439,Unfurnished,2,16156441,46081
Ayodhya bypass,1,4,552,Furnished,2,2921001,10830
Govindpura,4,4,2250,Semi-Furnished,2,11948272,37494
MP Nagar,5,3,4470,Semi-Furnished,2,35737499,113001
Gulmohar,2,2,906,Unfurnished,26,5738156,19630
VIP road,5,3,3575,Furnished,6,23183924,76642
Bawadiya Kalan,1,3,412,Unfurnished,21,1847631,3678
Narela,1,2,773,Furnished,17,3390769,8618
Saket nagar,1,3,662,Unfurnished,20,4411231,15980
Hoshangabad Road,4,3,3255,Semi-Furnished,17,16621170,48309
Govindpura,5,4,4603,Furnished,23,24338464,72156
Ratnagiri,1,2,608,Furnished,5,2885315,7485
Bittan Market,5,4,4518,Furnished,16,31705920,99777
Gulmohar,2,2,1014,Furnished,14,6500766,22998
Avadhpuri,1,1,694,Furnished,28,3028290,8731
Shanti Nagar,3,2,1721,Furnished,17,10083273,32959
Bittan Market,2,2,1118,Semi-Furnished,1,7868686,26556
Ayodhya bypass,3,1,1977,Furnished,16,10461551,33445
Arera Colony,3,1,1505,Semi-Furnished,3,11274067,37487
Tajul masjid,4,3,2637,Unfurnished,0,14415983,47937
Bairagarh,1,2,723,Furnished,13,3270194,9688
Shanti Nagar,2,1,1171,Furnished,3,6911298,22088
Kamla Nagar,1,3,631,Semi-Furnished,2,3330932,8293
Chuna Bhatti,4,2,2425,Furnished,17,11472769,31369
Gulmohar,1,4,603,Unfurnished,13,3836688,13832
Misrod,5,3,4529,Furnished,8,18933293,50968
Govindpura,3,4,1623,Semi-Furnished,14,8673020,26020
MP Nagar,1,3,581,Semi-Furnished,7,4659836,16507
Avadhpuri,1,3,677,Unfurnished,9,3065604,7203
New market,4,1,2243,Semi-Furnished,24,15647190,50298
Bairagarh,1,4,432,Furnished,29,1945208,3691
Nizamuddin colony,1,3,796,Unfurnished,28,5238878,14824
sultaniya road,2,1,933,Furnished,27,4885290,16104
VIP road,1,4,559,Unfurnished,17,3596282,13289
Chuna Bhatti,3,4,1268,Unfurnished,22,5926267,15674
Ayodhya nagar,4,2,2299,Furnished,7,14207229,52625
ibrahimpura,2,4,1161,Unfurnished,20,5063498,13439
Sonagiri,5,2,4310,Semi-Furnished,1,19901344,52521
Ayodhya bypass,2,4,1071,Unfurnished,3,5637346,17679
Ratnagiri,5,1,4836,Unfurnished,11,22644998,64112
Gandhi nagar,4,2,2381,Furnished,16,14835963,53211
Ayodhya bypass,5,1,4412,Furnished,30,23321316,69969
Avadhpuri,4,1,3132,Unfurnished,4,13731101,42140
Shanti Nagar,2,3,807,Furnished,11,4681996,17146
Arera Colony,1,4,616,Semi-Furnished,16,4595206,16011
Arjun Nagar,5,3,4583,Furnished,12,27486049,90272
Shivaji Nagar,3,1,1908,Furnished,13,11521378,40020
Gandhi nagar,4,3,2760,Unfurnished,1,17121548,65045
Kolar Road,3,3,1302,Unfurnished,30,6543192,18559
MP Nagar,3,3,1905,Semi-Furnished,24,15232813,45753
Sonagiri,2,3,1034,Semi-Furnished,26,4693430,11957
New market,2,2,1077,Semi-Furnished,10,7544709,22347
Piplani,3,3,1402,Semi-Furnished,2,9717921,31534
MP Nagar,5,1,3644,Semi-Furnished,13,29191427,90054
Saket nagar,5,3,3043,Furnished,18,20705325,68439
Gandhi nagar,5,1,3775,Unfurnished,28,23359484,86855
Saket nagar,1,2,542,Unfurnished,5,3773443,13898
VIP road,3,1,1397,Furnished,1,9046314,28607
Avadhpuri,3,3,1856,Unfurnished,13,8194921,26114
Minal,3,3,1585,Unfurnished,12,7476767,20449
Chuna Bhatti,2,4,1024,Unfurnished,19,4774525,14215
Narela,4,4,2220,Furnished,29,9561542,25282
Govindpura,4,4,2118,Semi-Furnished,26,11210911,35587
Barkheda,5,4,4520,Unfurnished,17,19833243,58284
kohefiza,2,1,901,Furnished,6,4058245,11793
Indrapuri,3,3,1742,Semi-Furnished,22,7001657,16963
jahangirabad,4,3,2185,Semi-Furnished,13,9971222,25939
Habibganj,3,2,1659,Unfurnished,28,9119487,29159
Minal,1,3,553,Unfurnished,24,2530426,7570
jahangirabad,2,3,1021,Unfurnished,25,4684256,11297
eidgah hills,2,3,964,Unfurnished,26,5802312,18469
eidgah hills,1,1,553,Furnished,4,3333589,10299
chuna bhatti,5,2,3912,Semi-Furnished,9,18438293,49078
Ayodhya nagar,4,3,3344,Unfurnished,3,20785145,77561
Bairagarh,1,4,636,Unfurnished,14,2843918,6103
Hoshangabad Road,5,3,3787,Unfurnished,2,19257072,58347
chuna bhatti,4,2,2240,Furnished,18,10513553,30568
Bawadiya Kalan,4,1,3335,Semi-Furnished,24,15021419,41951
Narela,2,3,990,Furnished,9,4164124,10996
VIP road,4,2,3175,Furnished,19,20658925,65683
Lalghati,3,1,1511,Semi-Furnished,8,7295840,21188
Barkheda,5,1,3602,Unfurnished,28,15872571,46947
ibrahimpura,5,3,4875,Furnished,22,20929149,53294
Piplani,3,1,1349,Furnished,15,9466304,29042
Shanti Nagar,1,3,594,Semi-Furnished,6,3496055,10105
Habibganj,2,4,815,Semi-Furnished,22,4397286,15019
Tajul masjid,3,3,1768,Semi-Furnished,21,9711783,32494
sultaniya road,2,2,1083,Semi-Furnished,10,5588445,19235
Ratnagiri,2,2,1137,Unfurnished,30,5351403,14297
Bairagarh,1,1,582,Semi-Furnished,2,2529911,7353
Gulmohar,3,3,1925,Unfurnished,30,12265658,40341
VIP road,4,2,2908,Furnished,2,18992193,60045
Bawadiya Kalan,4,1,3437,Furnished,0,15526914,40320
Shivaji Nagar,5,1,3253,Semi-Furnished,26,19503078,64685
Ratnagiri,2,2,944,Unfurnished,29,4471920,11608
Tajul masjid,5,3,4998,Semi-Furnished,9,27437740,89000
Habibganj,2,4,944,Unfurnished,17,5170148,16964
Indrapuri,4,4,3001,Unfurnished,28,12040871,31038
Govindpura,3,2,1613,Semi-Furnished,20,8646163,27583
New market,1,3,663,Furnished,4,4633131,13332
Gandhi nagar,1,2,510,Furnished,20,3147399,9981
Ayodhya nagar,4,3,3312,Semi-Furnished,16,20557306,75886
Gandhi nagar,1,2,602,Furnished,23,3763343,14736
Shyamla Hills,2,3,856,Unfurnished,28,6370902,22977
Service road,5,2,4607,Semi-Furnished,14,26642875,86142
Karond,3,4,1824,Unfurnished,21,8894226,24241
Saket nagar,3,3,1310,Semi-Furnished,8,8995915,29117
Ashoka garden,3,2,1887,Furnished,24,9800864,31215
Ayodhya nagar,1,1,641,Unfurnished,28,4039175,14870
Shyamla Hills,1,3,480,Semi-Furnished,2,3618469,10264
Bawadiya Kalan,3,4,1772,Semi-Furnished,14,7934883,21906
Lalghati,1,1,718,Unfurnished,26,3466148,10623
sultaniya road,1,2,733,Furnished,18,3764936,13491
Shivaji Nagar,5,4,3632,Furnished,21,21808799,74558
Lalghati,5,3,3269,Unfurnished,28,15605271,44560
Chuna Bhatti,3,1,1226,Semi-Furnished,27,5844207,15821
MP Nagar,3,1,1299,Unfurnished,10,10479719,33019
Ratnagiri,1,1,780,Semi-Furnished,24,3616307,9373
Chuna Bhatti,1,4,419,Furnished,15,1876439,3951
Sonagiri,3,3,1608,Semi-Furnished,9,7486903,18953
Gandhi nagar,2,4,1200,Semi-Furnished,10,7460863,26639
Kolar hills,5,1,3981,Unfurnished,27,19905138,59871
Ashoka garden,3,3,1776,Semi-Furnished,4,9233353,28304
Anand nagar,2,1,864,Unfurnished,22,4939714,17480
Sonagiri,5,3,3486,Unfurnished,1,15972464,39884
Lalghati,4,4,2147,Furnished,25,10310602,29659
Bawadiya Kalan,2,2,808,Unfurnished,19,3707932,9893
Vijay nagar,4,1,3423,Semi-Furnished,7,24697845,83882
VIP road,1,2,791,Furnished,2,5159477,16811
Ratnagiri,5,1,4197,Unfurnished,21,19634301,55627
Ashoka garden,2,4,803,Furnished,23,4104151,11486
Kolar Road,4,2,2769,Unfurnished,9,13844325,40378
Govindpura,5,1,4435,Furnished,24,23587944,71360
Vikas Nagar,3,4,1282,Semi-Furnished,19,8690820,29764
Indrapuri,3,4,1234,Unfurnished,6,5020920,12275
Arera Colony,5,3,4795,Furnished,10,35964734,116618
MP Nagar,3,4,1454,Semi-Furnished,3,11719938,34702
ibrahimpura,5,3,3013,Furnished,21,12984039,32593
char Imli,1,4,636,Semi-Furnished,20,4195054,11434
Arera Colony,2,2,1105,Unfurnished,15,8215858,25079
Misrod,4,3,3122,Unfurnished,12,13098274,32598
Chuna Bhatti,1,1,571,Unfurnished,24,2728440,7770
New market,5,1,3701,Semi-Furnished,27,25848162,80795
Karond,2,1,973,Furnished,5,4804674,15594
Govindpura,5,1,4601,Furnished,28,24436492,73751
Hoshangabad Road,5,2,3334,Unfurnished,29,17004643,49853
Roshanpura,5,2,4527,Unfurnished,4,21753802,61587
jahangirabad,1,1,587,Semi-Furnished,22,2662899,8013
sultaniya road,5,2,3480,Furnished,14,18181686,56380
Vikas Nagar,2,4,1045,Furnished,3,7138750,22616
Ratnagiri,3,3,1255,Semi-Furnished,13,5821953,14800
Shanti Nagar,4,2,2096,Semi-Furnished,26,12311443,41286
Bittan Market,5,2,3148,Semi-Furnished,19,22019092,69308
Arera Colony,5,1,4402,Furnished,20,33075322,104773
Sonagiri,2,4,1022,Semi-Furnished,1,4684544,13687
Narela,5,3,3472,Unfurnished,7,14996646,38341
New market,2,2,949,Unfurnished,6,6626584,22344
Ayodhya bypass,3,1,1761,Unfurnished,0,9321220,30035
Ashoka garden,1,4,490,Furnished,9,2605263,9438
chuna bhatti,2,3,974,Semi-Furnished,2,4482017,12429
Narela,1,3,724,Furnished,24,3025270,6126
Arera Colony,1,1,680,Unfurnished,25,5019090,14389
ibrahimpura,2,2,844,Unfurnished,18,3681772,7723
Tajul masjid,5,3,4808,Furnished,14,26418471,87415
Saket nagar,5,3,3633,Semi-Furnished,29,24728335,85033
Prabhat petrol pump,4,3,3159,Semi-Furnished,30,15411353,42334
Prabhat petrol pump,3,3,1765,Furnished,1,8652868,24270
Bawadiya Kalan,2,1,824,Semi-Furnished,16,3710578,10767
Gulmohar,2,3,1103,Unfurnished,21,7020107,24596
Ayodhya bypass,1,3,776,Furnished,7,4087180,13829
Shyamla Hills,3,4,1525,Unfurnished,29,11514377,38349
Prabhat petrol pump,5,3,3819,Unfurnished,7,18761805,52401
Habibganj,1,2,501,Unfurnished,30,2767284,9727
jahangirabad,2,2,1002,Unfurnished,19,4637895,11239
Ayodhya bypass,5,2,3707,Semi-Furnished,1,19718075,59249
sultaniya road,5,4,4192,Unfurnished,18,21815285,67875
Lalghati,2,3,1123,Semi-Furnished,10,5400838,17277
Kolar Road,2,1,836,Unfurnished,18,4115661,13891
Narela,4,2,3291,Unfurnished,22,14164330,36080
ibrahimpura,3,4,1807,Semi-Furnished,16,7712422,18872
Ratnagiri,3,1,1735,Furnished,10,8097643,22224
Govindpura,3,1,1876,Unfurnished,19,9967780,29633
Anand nagar,2,1,1063,Semi-Furnished,3,6122769,21916
Avadhpuri,3,3,1626,Furnished,15,7098623,20679
Bairagarh,3,3,1844,Furnished,19,8275378,21751
Kolar Road,4,4,2028,Semi-Furnished,0,10115108,30599
Govindpura,5,4,3426,Unfurnished,17,18133023,54734
Indrapuri,1,1,760,Furnished,9,3000401,6114
Nizamuddin colony,2,4,901,Semi-Furnished,25,5772307,19161
chuna bhatti,5,2,3062,Semi-Furnished,8,14455174,38830
jahangirabad,1,2,541,Semi-Furnished,14,2570974,5739
Shivaji Nagar,5,2,3186,Semi-Furnished,27,19130379,64435
kohefiza,3,3,1636,Unfurnished,4,7457909,18126
Arjun Nagar,2,1,892,Semi-Furnished,24,5354336,18187
Vijay nagar,2,2,1163,Unfurnished,24,8316463,29123
Sonagiri,4,4,2349,Unfurnished,26,10743508,26517
Bairagarh,1,4,788,Semi-Furnished,19,3453201,10621
chuna bhatti,5,1,3998,Furnished,21,18802900,52331
sultaniya road,4,4,3295,Semi-Furnished,2,17072419,53482
kohefiza,5,2,3156,Semi-Furnished,2,14124370,37109
Bittan Market,2,4,1185,Unfurnished,15,8333270,27635
Shyamla Hills,4,2,2370,Semi-Furnished,12,17712776,57480
Tajul masjid,4,1,2881,Unfurnished,17,15813601,52986
Kamla Nagar,1,4,562,Semi-Furnished,26,2952051,8146
Ayodhya bypass,4,2,3030,Furnished,22,16153502,49907
Vijay nagar,1,1,613,Furnished,26,4375439,15194
Roshanpura,3,3,1736,Semi-Furnished,12,8412945,25149
Avadhpuri,4,1,3336,Furnished,18,14684994,42394
Arera Colony,1,4,644,Unfurnished,22,4851437,16343
Habibganj,2,2,975,Furnished,21,5453589,17279
Shivaji Nagar,4,3,3101,Unfurnished,11,18637587,60079
Narela,1,2,520,Furnished,6,2288816,4778
Gulmohar,2,1,1057,Unfurnished,26,6673906,23119
Shyamla Hills,2,1,1179,Furnished,22,8779024,30407
Ayodhya bypass,2,4,971,Semi-Furnished,28,5146427,16681
jahangirabad,3,4,1208,Unfurnished,12,5655406,15602
kohefiza,2,3,865,Semi-Furnished,19,3867862,9919
Kolar Road,5,4,3113,Semi-Furnished,23,15647419,47529
Anand nagar,3,2,1894,Furnished,18,10938853,36569
Arjun Nagar,4,3,3041,Unfurnished,8,18317603,62669
chuna bhatti,2,3,1176,Semi-Furnished,0,5608783,14614
Nizamuddin colony,4,4,2385,Semi-Furnished,0,15454230,49135
Saket nagar,1,1,606,Semi-Furnished,11,4039701,14536
Arera Colony,4,2,2950,Furnished,18,22132131,71795
Kolar Road,3,4,1341,Furnished,3,6666166,18477
Narela,5,2,3800,Furnished,11,16423349,41527
Barkheda,1,3,614,Unfurnished,20,2765961,8199
Bairagarh,1,1,530,Semi-Furnished,5,2296954,5939
Barkheda,5,2,3686,Semi-Furnished,9,16272957,49800
Sonagiri,1,3,649,Furnished,27,2969226,7152
Gandhi nagar,3,2,1443,Semi-Furnished,29,8846995,34061
Govindpura,2,4,1164,Unfurnished,5,6157155,19159
Avadhpuri,5,3,3028,Furnished,25,13420614,38599
Bairagarh,3,4,1477,Furnished,28,6565996,19266
Vikas Nagar,4,4,2743,Semi-Furnished,6,18563301,61809
Kolar hills,4,3,2578,Unfurnished,15,12816466,37977
Indrapuri,3,1,1436,Furnished,10,5747979,15315
Bawadiya Kalan,4,3,2401,Semi-Furnished,13,10797835,27232
Lalghati,3,1,1920,Furnished,28,9255141,27995
Vijay nagar,5,4,3755,Unfurnished,23,27126865,89262
New market,5,2,4937,Furnished,6,34614388,108467
Nizamuddin colony,2,2,913,Furnished,28,5839594,20665
Lalghati,3,1,1784,Semi-Furnished,2,8586960,25402
Saket nagar,1,4,764,Unfurnished,26,5112425,18298
Service road,5,4,3537,Semi-Furnished,17,20601203,65534
Karond,5,2,3660,Furnished,15,17877944,50393
sultaniya road,1,2,583,Furnished,8,3030285,9358
Gandhi nagar,4,1,2923,Furnished,30,18055369,68412
Habibganj,4,4,2805,Furnished,10,15459092,51007
eidgah hills,4,1,3033,Furnished,7,18249512,59377
Gandhi nagar,3,2,1432,Semi-Furnished,7,8872747,34695
New market,5,2,4985,Semi-Furnished,17,34840168,111015
Avadhpuri,2,1,979,Unfurnished,11,4334448,11112
Vijay nagar,4,2,3226,Furnished,11,23137452,76590
Bittan Market,5,3,4507,Semi-Furnished,23,31554334,99888
char Imli,2,4,974,Semi-Furnished,13,6438943,21868
Gandhi nagar,1,4,591,Unfurnished,7,3730411,11762
Ashoka garden,4,4,2516,Unfurnished,10,13133836,40184
jahangirabad,1,3,405,Semi-Furnished,0,1887683,5034
Shivaji Nagar,2,3,1122,Unfurnished,19,6725689,21388
Anand nagar,3,1,1799,Semi-Furnished,29,10461727,36162
eidgah hills,1,2,781,Furnished,12,4593337,15495
Barkheda,2,1,1110,Furnished,24,4945411,14381
Avadhpuri,2,4,1067,Furnished,28,4636064,12028
ibrahimpura,4,1,3273,Unfurnished,25,14031905,35465
Narela,2,1,1007,Unfurnished,0,4336951,10256
char Imli,2,2,1029,Furnished,16,6887711,19655
Indrapuri,4,3,3441,Unfurnished,8,13836662,33282
ibrahimpura,1,3,581,Furnished,16,2425942,5420
Kamla Nagar,4,4,3428,Semi-Furnished,21,17756628,55394
eidgah hills,4,1,2085,Furnished,24,12471702,43147
Karond,2,3,858,Furnished,24,4192374,11261
kohefiza,2,4,1148,Unfurnished,4,5114847,12295
Misrod,5,4,3427,Unfurnished,30,14467441,36816
Govindpura,1,1,622,Unfurnished,6,3198755,8858
Hoshangabad Road,1,4,424,Unfurnished,0,2248243,8351
Bittan Market,4,4,3066,Unfurnished,10,21534812,68488
Shyamla Hills,3,1,1365,Unfurnished,25,10323710,33679
Service road,2,4,854,Furnished,8,4897603,16696
Shivaji Nagar,5,2,4913,Furnished,14,29454615,99574
Narela,1,4,451,Unfurnished,17,1978066,3746
Gandhi nagar,4,2,3039,Furnished,1,18871420,70313
Chuna Bhatti,1,3,498,Semi-Furnished,10,2365261,4861
Shyamla Hills,2,1,1193,Semi-Furnished,10,8995918,28112
Karond,5,3,4645,Furnished,2,22665106,64820
ibrahimpura,3,1,1303,Furnished,5,5570160,13004
char Imli,2,4,1043,Unfurnished,26,6959789,23472
Nizamuddin colony,5,4,4316,Furnished,23,28006894,92479
kohefiza,1,1,773,Semi-Furnished,16,3402722,7880
ibrahimpura,5,1,3651,Semi-Furnished,4,15690524,38406
Indrapuri,4,2,2894,Unfurnished,20,11564217,27981
Anand nagar,2,4,1083,Semi-Furnished,12,6184374,19572
jahangirabad,4,1,3001,Furnished,17,13872032,36851
Narela,4,3,2918,Furnished,26,12644226,33533
Anand nagar,2,2,809,Furnished,2,4765699,14908
chuna bhatti,2,2,986,Semi-Furnished,9,4668753,12116
Nizamuddin colony,1,3,520,Semi-Furnished,23,3319930,9087
Hoshangabad Road,3,1,1977,Unfurnished,20,10102259,29159
Kamla Nagar,4,2,2966,Semi-Furnished,3,15492666,47319
Vikas Nagar,1,4,604,Semi-Furnished,18,4056073,11927
Ayodhya nagar,4,3,3374,Furnished,3,20868057,78022
VIP road,4,1,2556,Furnished,13,16575959,52115
Shanti Nagar,5,4,3108,Unfurnished,2,18370488,60383
Avadhpuri,4,1,2009,Semi-Furnished,10,8766263,25052
Indrapuri,4,4,3222,Semi-Furnished,26,12818612,32301
Kolar Road,5,2,4366,Semi-Furnished,30,21839692,65890
Kolar Road,5,4,4536,Unfurnished,7,22620649,67865
New market,4,4,2523,Furnished,13,17638954,54987
Roshanpura,4,2,2296,Furnished,10,11053610,32926
MP Nagar,2,4,842,Furnished,0,6672660,19449
Avadhpuri,3,2,1238,Furnished,7,5497301,15085
Prabhat petrol pump,3,3,1958,Semi-Furnished,17,9645706,26326
Shivaji Nagar,5,4,3231,Semi-Furnished,11,19324428,64200
Service road,4,3,2349,Semi-Furnished,15,13664789,43444
Sonagiri,5,2,3984,Semi-Furnished,13,18407994,48424
New market,5,4,3687,Unfurnished,20,25834096,79880
Indrapuri,2,2,1057,Unfurnished,10,4211766,9875
Roshanpura,1,2,496,Furnished,30,2425187,8707
Tajul masjid,4,1,2089,Unfurnished,19,11545525,39343
Misrod,4,2,3426,Semi-Furnished,7,14457511,37502
Kamla Nagar,1,3,681,Furnished,0,3543277,9999
char Imli,2,1,920,Unfurnished,22,6081177,18065
Hoshangabad Road,5,1,3553,Unfurnished,13,18185674,53704
Minal,4,3,2463,Unfurnished,19,11493606,32663
Ashoka garden,1,4,795,Semi-Furnished,19,4225638,12049
Kolar Road,4,1,3284,Semi-Furnished,2,16320930,50517
Prabhat petrol pump,4,1,3304,Unfurnished,12,16203045,45052
Vijay nagar,2,2,1042,Unfurnished,23,7553536,25468
Gulmohar,2,2,1132,Unfurnished,19,7202248,24322
Shanti Nagar,2,3,1070,Furnished,0,6281429,19118
char Imli,2,3,1161,Furnished,8,7664276,25448
Bairagarh,1,3,600,Furnished,28,2750851,5788
Service road,2,2,861,Furnished,5,5081062,17185
Prabhat petrol pump,5,2,3162,Furnished,20,15490257,42463
Avadhpuri,1,4,519,Unfurnished,5,2372565,5538
Kamla Nagar,5,3,4474,Semi-Furnished,30,23180306,71409
Shanti Nagar,2,2,910,Unfurnished,14,5354112,15355
VIP road,1,2,774,Semi-Furnished,0,5010079,16960
Prabhat petrol pump,4,1,2570,Unfurnished,14,12645908,35830
Kolar hills,3,3,1432,Semi-Furnished,14,7202799,20297
Tajul masjid,1,4,457,Furnished,28,2605005,7248
Arera Colony,3,1,1718,Semi-Furnished,19,12887200,40824
Nizamuddin colony,1,4,516,Semi-Furnished,2,3268845,9446
Kamla Nagar,5,3,4520,Semi-Furnished,20,23546536,72404
eidgah hills,4,4,2602,Unfurnished,22,15562917,52077
Kolar hills,1,2,418,Semi-Furnished,20,2047571,5016
Karond,5,1,3215,Semi-Furnished,30,15785556,45365
MP Nagar,4,2,3347,Unfurnished,19,26776413,82549
Minal,3,2,1947,Semi-Furnished,11,9057749,25968
New market,2,1,913,Unfurnished,4,6426358,19287
Narela,3,4,1777,Furnished,10,7559656,19992
Nizamuddin colony,1,2,604,Furnished,2,3931963,14486
Bawadiya Kalan,3,2,1509,Semi-Furnished,4,6840501,18110
Hoshangabad Road,2,3,1064,Furnished,5,5424556,15393
Vijay nagar,4,3,2011,Unfurnished,30,14553291,49592
Prabhat petrol pump,5,4,3888,Unfurnished,10,19039244,56339
Minal,3,3,1633,Semi-Furnished,28,7748076,19794
Shivaji Nagar,1,3,402,Semi-Furnished,24,2467405,9500
Kolar Road,2,1,1098,Furnished,29,5537426,15471
char Imli,4,4,3363,Semi-Furnished,21,22274072,69414
Kolar hills,3,4,1430,Semi-Furnished,25,7112530,23215
Tajul masjid,3,1,1751,Semi-Furnished,0,9547499,32085
MP Nagar,5,1,3299,Unfurnished,18,26490761,81187
Minal,3,3,1602,Semi-Furnished,30,7553620,19958
Lalghati,2,1,1042,Furnished,22,4963792,16132
sultaniya road,2,4,882,Semi-Furnished,27,4594998,12847
Vikas Nagar,1,2,468,Semi-Furnished,17,3220188,11093
Vikas Nagar,1,1,777,Semi-Furnished,28,5267944,19566
Bittan Market,2,1,1082,Unfurnished,15,7583480,25555
Anand nagar,2,4,1008,Semi-Furnished,19,5928690,19365
kohefiza,4,2,2940,Unfurnished,9,13267353,35584
Narela,4,1,3321,Unfurnished,0,14211802,36790
Bittan Market,5,4,4457,Furnished,27,31168642,96934
eidgah hills,4,2,2139,Unfurnished,14,12913597,43438
Kolar Road,1,4,760,Unfurnished,18,3738842,9454
Piplani,4,3,2038,Furnished,14,14240475,44100
Arera Colony,1,3,506,Unfurnished,3,3881453,12297
Govindpura,5,1,4786,Semi-Furnished,10,25403317,75880
Piplani,3,2,1933,Furnished,16,13550002,40824
Barkheda,2,1,1180,Semi-Furnished,7,5164900,15220
Karond,3,4,1221,Unfurnished,28,6014927,17373
Misrod,5,4,3760,Unfurnished,18,15697175,40779
Govindpura,2,2,1184,Unfurnished,6,6186928,19400
Karond,2,4,843,Unfurnished,27,4069364,11381
Gandhi nagar,4,3,2694,Unfurnished,18,16721793,60160
Bittan Market,1,3,726,Furnished,30,5073607,16043
Gulmohar,5,2,4416,Semi-Furnished,8,28299610,91691
Hoshangabad Road,5,3,3160,Furnished,17,16123089,49063
kohefiza,2,4,1155,Furnished,24,5285228,11951
Habibganj,1,3,671,Unfurnished,7,3722965,12715
Narela,1,2,772,Furnished,12,3330952,6693
Ashoka garden,1,2,468,Furnished,16,2362518,5721
Vikas Nagar,1,3,771,Unfurnished,22,5167485,17528
Prabhat petrol pump,1,4,606,Semi-Furnished,24,2873830,8269
Avadhpuri,3,4,1386,Semi-Furnished,13,6155643,17626
Kolar hills,5,4,4297,Semi-Furnished,30,21568464,63393
Prabhat petrol pump,2,3,807,Semi-Furnished,23,3987258,10628
Barkheda,3,3,1960,Furnished,3,8695507,27301
Narela,1,2,786,Unfurnished,12,3367810,7378
Anand nagar,2,4,911,Furnished,4,5367506,16567
Ayodhya bypass,1,3,492,Unfurnished,3,2612643,9216
Minal,4,3,2824,Semi-Furnished,3,13311060,36994
Shyamla Hills,4,3,2908,Unfurnished,11,21720520,71790
Bawadiya Kalan,4,1,3023,Furnished,24,13565260,36217
Govindpura,4,2,2436,Furnished,23,12951357,39521
Gulmohar,1,2,650,Unfurnished,1,4210151,13368
Shivaji Nagar,4,1,2246,Furnished,13,13518915,43108
jahangirabad,3,3,1749,Unfurnished,27,7986651,22043
Govindpura,3,2,1422,Unfurnished,11,7584861,22122
Bittan Market,3,4,1483,Semi-Furnished,7,10303293,31641
Lalghati,1,2,679,Semi-Furnished,2,3305089,10536
Shyamla Hills,2,4,805,Semi-Furnished,19,6094382,18851
Gandhi nagar,1,2,540,Furnished,0,3304782,11408
sultaniya road,2,3,1082,Furnished,10,5665823,16013
Ayodhya bypass,1,2,649,Furnished,1,3506305,11724
Chuna Bhatti,4,2,2156,Furnished,16,10142666,28910
New market,1,2,692,Furnished,23,4863426,14006
Vijay nagar,1,2,734,Semi-Furnished,12,5265932,18245
Minal,1,4,453,Unfurnished,4,2033469,7716
VIP road,4,4,3403,Furnished,22,22118051,71580
Nizamuddin colony,1,4,445,Furnished,5,2792996,9541
Narela,4,1,3396,Furnished,17,14599250,38787
Ashoka garden,3,1,1342,Semi-Furnished,5,6916757,19548
Shyamla Hills,5,4,3057,Semi-Furnished,21,22991683,78305
Ashoka garden,4,4,3492,Semi-Furnished,0,18239862,56832
Habibganj,4,4,3357,Unfurnished,27,18406982,61189
Anand nagar,4,2,3021,Unfurnished,21,17498258,56714
Kolar hills,2,1,1158,Furnished,2,5758471,17398
Kolar Road,1,4,495,Semi-Furnished,27,2446937,5745
Arjun Nagar,3,1,1807,Unfurnished,22,10914033,38124
Bawadiya Kalan,3,3,1666,Semi-Furnished,7,7522810,19281
Bairagarh,4,3,2751,Unfurnished,1,12421911,32170
Bairagarh,3,4,1421,Semi-Furnished,16,6401731,18851
ibrahimpura,5,1,4058,Unfurnished,5,17485218,46317
VIP road,3,4,1293,Semi-Furnished,30,8327100,27939
Bairagarh,3,4,1748,Semi-Furnished,7,7767629,19038
Misrod,3,3,1991,Furnished,17,8301577,22584
Shyamla Hills,3,2,1496,Unfurnished,11,11279987,36669
Kolar Road,4,2,2039,Unfurnished,2,10161470,31969
Misrod,3,4,1707,Semi-Furnished,17,7106118,20562
Anand nagar,5,3,3766,Unfurnished,25,21781676,71415
Vikas Nagar,3,3,1418,Unfurnished,25,9617087,31609
Vijay nagar,4,4,2465,Furnished,2,17663746,59004
Bittan Market,4,3,2834,Furnished,24,19885569,60918
Avadhpuri,5,2,4671,Semi-Furnished,24,20509752,61491
Gulmohar,5,3,4327,Semi-Furnished,27,27704901,90877
Bairagarh,5,1,4260,Furnished,10,19201800,52699
New market,4,3,2960,Semi-Furnished,13,20787232,63919
Minal,2,4,898,Semi-Furnished,6,4224279,9748
Shivaji Nagar,1,1,510,Furnished,12,2967246,8508
VIP road,4,4,3225,Unfurnished,1,20989953,67843
Gulmohar,2,1,998,Unfurnished,8,6478004,20227
Habibganj,5,1,4258,Semi-Furnished,19,23488257,75869
eidgah hills,2,2,911,Unfurnished,4,5486161,16722
Ratnagiri,5,1,4960,Semi-Furnished,14,23296000,65933
Shyamla Hills,5,4,3559,Furnished,12,26596282,88814
Vikas Nagar,3,4,1576,Furnished,0,10794018,36707
Misrod,5,3,4706,Furnished,28,19847240,53411
Barkheda,3,3,1598,Unfurnished,23,7049634,21256
Saket nagar,4,2,3472,Semi-Furnished,9,23666965,80002
Vijay nagar,1,1,556,Semi-Furnished,10,4057011,14608
Ayodhya bypass,1,2,460,Furnished,0,2409178,8057
Bawadiya Kalan,1,3,572,Semi-Furnished,28,2597821,5409
Vijay nagar,4,2,2840,Unfurnished,26,20403128,69960
Shivaji Nagar,5,1,3000,Semi-Furnished,23,17957759,60461
Roshanpura,5,1,4849,Furnished,5,23283335,69031
Sonagiri,1,4,591,Unfurnished,2,2731133,7893
Ratnagiri,2,2,872,Unfurnished,24,4062099,11871
Shanti Nagar,4,2,2886,Furnished,22,16972852,56670
Misrod,2,1,1170,Unfurnished,17,4883634,13879
Indrapuri,1,1,666,Furnished,4,2755829,7310
Gulmohar,4,3,3059,Semi-Furnished,3,19531346,64486
Ayodhya nagar,1,3,501,Unfurnished,28,3069374,13485
Minal,2,1,1156,Furnished,20,5416167,16495
Shivaji Nagar,2,2,1021,Unfurnished,6,6054832,18927
Tajul masjid,2,4,1005,Furnished,18,5523750,16350
ibrahimpura,4,1,2227,Semi-Furnished,28,9568726,25113
Chuna Bhatti,3,3,1619,Furnished,0,7636736,21762
Shanti Nagar,1,3,674,Semi-Furnished,30,3913338,12142
ibrahimpura,2,4,1152,Semi-Furnished,7,4951528,11332
Indrapuri,4,4,2383,Furnished,4,9496558,22310
Ashoka garden,2,3,1168,Semi-Furnished,18,6103256,18260
Sonagiri,5,1,3576,Furnished,6,16384356,42573
Bittan Market,5,4,4093,Furnished,18,28674082,91989
jahangirabad,1,4,468,Unfurnished,30,2081434,6641
Shyamla Hills,4,1,3461,Semi-Furnished,11,25969874,86984
Misrod,5,4,3989,Furnished,13,16710755,44728
MP Nagar,2,3,881,Semi-Furnished,30,6992136,21138
Vikas Nagar,2,3,1091,Unfurnished,24,7471196,23614
Chuna Bhatti,2,2,1000,Furnished,18,4759634,11450
Sonagiri,5,4,3106,Semi-Furnished,22,14211587,37008
ibrahimpura,4,2,2509,Furnished,11,10724824,26676
eidgah hills,5,2,4484,Furnished,4,26850019,88500
Arjun Nagar,2,4,951,Furnished,9,5666643,17937
Bittan Market,1,4,675,Unfurnished,21,4823557,13708
Arera Colony,5,1,4529,Semi-Furnished,2,34036863,108226
Avadhpuri,3,2,1971,Semi-Furnished,3,8585708,27594
Misrod,2,2,1136,Furnished,4,4686941,11844
VIP road,1,3,790,Unfurnished,19,5148453,15077
Saket nagar,4,1,2120,Unfurnished,25,14398622,49653
ibrahimpura,5,3,3284,Semi-Furnished,3,14147939,35934
Vikas Nagar,3,1,1309,Unfurnished,7,8927322,31233
Govindpura,2,1,822,Semi-Furnished,18,4443184,11800
Roshanpura,5,4,3176,Semi-Furnished,5,15283565,46136
Service road,1,3,490,Semi-Furnished,24,2833055,11164
Kamla Nagar,5,1,4992,Furnished,15,25859881,81851
Habibganj,3,3,1446,Semi-Furnished,2,8052392,24164
Gulmohar,5,2,4295,Semi-Furnished,4,27452929,91156
Bawadiya Kalan,4,2,2226,Unfurnished,8,10018959,28470
Indrapuri,5,3,3274,Unfurnished,17,13000798,33736
New market,5,1,4515,Semi-Furnished,29,31682468,98041
sultaniya road,3,3,1603,Unfurnished,25,8383947,23704
Misrod,3,3,1268,Semi-Furnished,2,5252656,14296
Barkheda,1,1,687,Furnished,26,3063813,9579
Shanti Nagar,1,1,773,Semi-Furnished,5,4638632,16376
New market,1,1,771,Unfurnished,1,5455207,16976
Barkheda,5,3,3412,Semi-Furnished,19,15015888,42412
Misrod,2,3,1100,Unfurnished,6,4626796,10670
jahangirabad,1,4,446,Semi-Furnished,28,2149485,5008
Karond,2,1,803,Semi-Furnished,26,3860055,9727
Vijay nagar,3,1,1554,Furnished,14,11093504,36503
Shanti Nagar,1,3,429,Unfurnished,9,2551499,9526
ibrahimpura,2,2,997,Furnished,14,4195506,9380
char Imli,3,2,1644,Semi-Furnished,11,10753200,32653
Roshanpura,4,2,2205,Unfurnished,6,10668071,29006
Tajul masjid,1,4,576,Furnished,17,3197132,9325
Narela,1,3,723,Furnished,15,3196804,8300
Anand nagar,1,2,471,Unfurnished,7,2739859,9079
Avadhpuri,1,2,701,Semi-Furnished,6,3106097,9418
Gulmohar,2,3,1009,Furnished,0,6509991,19998
Avadhpuri,1,4,498,Furnished,20,2097896,5183
Nizamuddin colony,2,1,1141,Unfurnished,8,7456451,25276
VIP road,1,3,668,Semi-Furnished,29,4419803,12311
Roshanpura,1,3,761,Furnished,20,3561372,12496
Anand nagar,2,1,1153,Unfurnished,21,6682576,22073
Govindpura,2,4,1078,Unfurnished,18,5714835,17179
Ashoka garden,5,1,4806,Semi-Furnished,8,25081503,76728
Avadhpuri,1,3,613,Furnished,27,2708528,8211
Bittan Market,1,2,767,Furnished,2,5400397,18829
Vijay nagar,5,3,4602,Unfurnished,12,33177696,109624
Narela,2,2,1066,Furnished,22,4574866,13657
Ratnagiri,1,2,616,Unfurnished,6,2831255,9701
Roshanpura,4,2,3176,Furnished,14,15194025,45980
Vikas Nagar,2,2,992,Semi-Furnished,21,6838141,23775
Roshanpura,5,3,3073,Unfurnished,22,14709872,42219
char Imli,5,2,4734,Unfurnished,23,31167387,98658
Arjun Nagar,3,3,1349,Semi-Furnished,17,8113287,27290
Tajul masjid,5,2,4597,Semi-Furnished,17,25278109,81792
Bawadiya Kalan,3,2,1295,Unfurnished,7,5780959,16292
Kolar hills,5,2,4805,Unfurnished,25,24071010,71289
Sonagiri,2,3,809,Furnished,12,3759163,8703
Indrapuri,2,3,1030,Furnished,0,4112358,11617
Service road,5,2,3726,Furnished,2,21619926,70355
sultaniya road,4,2,2422,Furnished,7,12592861,39290
Indrapuri,5,4,4405,Furnished,8,17694868,44879
Bittan Market,3,4,1651,Unfurnished,2,11566754,36065
Service road,1,4,682,Unfurnished,8,3888331,13224
Roshanpura,4,3,2563,Unfurnished,25,12272526,35107
Sonagiri,3,4,1539,Unfurnished,27,7048697,19205
Kolar Road,5,3,3838,Unfurnished,5,19126754,59232
Gulmohar,3,2,1215,Semi-Furnished,11,7774766,26641
Prabhat petrol pump,1,4,626,Furnished,22,3152572,8986
Bittan Market,5,4,4150,Furnished,17,29021286,92980
Indrapuri,4,2,2604,Unfurnished,22,10333257,26402
Kolar Road,1,4,515,Furnished,28,2476386,6076
Indrapuri,2,1,940,Semi-Furnished,1,3691298,8842
Vijay nagar,2,3,825,Furnished,8,5968354,19582
Nizamuddin colony,3,4,1286,Semi-Furnished,24,8453321,27527
Habibganj,4,1,2127,Semi-Furnished,25,11694552,38834
Arjun Nagar,2,1,978,Furnished,21,5796844,18443
Saket nagar,1,2,788,Furnished,27,5417232,16686
Bairagarh,2,2,979,Unfurnished,10,4457744,12664
Govindpura,3,2,1654,Furnished,10,8756604,26766
Karond,4,4,3385,Semi-Furnished,21,16503824,45569
Misrod,5,4,4607,Unfurnished,23,19349392,51106
Saket nagar,4,2,3489,Unfurnished,3,23693743,81066
Prabhat petrol pump,4,1,2630,Unfurnished,29,12850944,37445
Misrod,5,2,3717,Semi-Furnished,27,15683418,42441
ibrahimpura,5,4,4825,Unfurnished,21,20751298,53758
Avadhpuri,4,4,2012,Furnished,29,8911276,27226
Lalghati,5,2,3948,Unfurnished,11,18995512,56221
Gulmohar,4,2,2582,Furnished,8,16499969,52936
char Imli,4,3,2780,Semi-Furnished,14,18299013,60364
Shyamla Hills,1,1,697,Semi-Furnished,23,5297085,19321
Anand nagar,5,1,3012,Semi-Furnished,21,17563202,55269
Gandhi nagar,2,1,1038,Semi-Furnished,11,6439182,25625
ibrahimpura,1,3,683,Unfurnished,10,2964127,6953
Chuna Bhatti,4,3,3082,Furnished,29,14568925,38465
Ashoka garden,1,2,502,Unfurnished,30,2661208,9733
Arera Colony,2,3,1046,Semi-Furnished,12,7944605,26615
Misrod,4,1,2450,Unfurnished,21,10235769,28552
Vijay nagar,3,3,1565,Furnished,17,11346426,38433
Piplani,4,4,3386,Semi-Furnished,21,23603238,73109
VIP road,3,1,1456,Furnished,18,9386575,32554
Service road,3,4,1692,Furnished,24,9859637,30589
Vikas Nagar,3,4,1202,Furnished,2,8203603,29129
Minal,5,1,3005,Unfurnished,6,14042088,38977
ibrahimpura,2,3,1097,Unfurnished,1,4735512,11719
char Imli,5,4,4840,Semi-Furnished,2,31918290,102009
Misrod,1,2,795,Unfurnished,4,3262001,9640
VIP road,5,1,3036,Semi-Furnished,22,19649835,61906
Service road,4,4,2191,Semi-Furnished,2,12740068,43334
Shanti Nagar,4,3,3038,Semi-Furnished,10,17872735,59117
sultaniya road,4,2,3033,Furnished,4,15729747,49220
char Imli,2,4,1003,Semi-Furnished,10,6555944,19545
Shanti Nagar,2,3,1166,Furnished,8,6945214,20746
Shanti Nagar,2,4,1086,Semi-Furnished,3,6439643,21517
Chuna Bhatti,3,2,1791,Unfurnished,4,8513870,21609
Anand nagar,4,3,2467,Furnished,14,14248504,45415
Vijay nagar,3,1,1296,Furnished,20,9421323,31823
Shanti Nagar,1,2,490,Semi-Furnished,13,2860382,10857
Piplani,4,1,2517,Semi-Furnished,8,17607487,56803
ibrahimpura,2,4,856,Unfurnished,21,3667497,10567
Hoshangabad Road,5,1,3946,Furnished,29,20082317,60269
Kolar hills,5,1,4301,Unfurnished,0,21412930,64978
Gulmohar,5,3,3617,Unfurnished,11,23248736,76966
Saket nagar,4,1,3117,Furnished,1,21142652,72038
Vikas Nagar,3,4,1650,Semi-Furnished,9,11261933,38902
Shivaji Nagar,4,1,3398,Semi-Furnished,20,20294918,68632
Hoshangabad Road,3,1,1885,Furnished,13,9581149,27918
Vikas Nagar,2,1,908,Unfurnished,21,6112704,22849
Shivaji Nagar,5,2,3008,Furnished,1,17961058,59838
Shanti Nagar,4,3,2422,Semi-Furnished,18,14216493,46378
Kamla Nagar,5,3,3995,Semi-Furnished,14,20753959,62379
Avadhpuri,5,2,4388,Semi-Furnished,21,19241598,55146
Habibganj,4,2,2833,Unfurnished,19,15649028,50490
Shivaji Nagar,4,3,2453,Semi-Furnished,27,14651808,49421
char Imli,3,4,1963,Furnished,13,12950151,39769
eidgah hills,1,3,498,Unfurnished,6,3082672,8778
Tajul masjid,5,3,3307,Furnished,19,18148899,58364
Roshanpura,3,3,1321,Semi-Furnished,28,6323729,19643
Bairagarh,2,1,1062,Furnished,25,4786757,12425
New market,4,3,3220,Furnished,14,22440629,71512
Habibganj,4,1,2099,Semi-Furnished,15,11460878,39695
chuna bhatti,3,4,1281,Unfurnished,1,5999791,16095
Hoshangabad Road,4,3,3074,Semi-Furnished,22,15774235,44452
Gulmohar,4,3,3499,Semi-Furnished,5,22332716,71519
Gulmohar,1,3,672,Unfurnished,5,4218745,13448
sultaniya road,3,3,1664,Furnished,10,8741897,25445
Ayodhya nagar,2,4,1192,Semi-Furnished,29,7379062,28034
MP Nagar,4,3,2140,Unfurnished,8,17209282,55179
kohefiza,1,1,532,Furnished,17,2316423,8163
Avadhpuri,3,1,1535,Semi-Furnished,2,6754299,19241
Hoshangabad Road,5,3,3511,Semi-Furnished,12,17983860,53876
Prabhat petrol pump,4,3,3487,Furnished,29,17021187,47242
Nizamuddin colony,2,1,863,Furnished,26,5578390,20054
Hoshangabad Road,2,3,1118,Semi-Furnished,25,5629092,15976
Ayodhya bypass,3,2,1565,Furnished,19,8347999,26109
Misrod,4,3,3111,Semi-Furnished,8,13140383,35602
Arjun Nagar,4,2,3453,Furnished,16,20619105,67600
Shivaji Nagar,3,4,1308,Unfurnished,30,7913013,24938
Kolar hills,1,4,547,Unfurnished,30,2700397,9751
kohefiza,3,4,1493,Unfurnished,4,6734557,16524
eidgah hills,1,1,773,Unfurnished,25,4596701,16528
Hoshangabad Road,5,4,3285,Furnished,9,16782291,50505
Hoshangabad Road,2,4,924,Semi-Furnished,3,4700354,15126
Saket nagar,5,2,3593,Semi-Furnished,21,24447924,82506
Ratnagiri,4,4,3079,Furnished,3,14560407,41456
Gandhi nagar,4,1,2571,Furnished,8,16000334,57814
Service road,2,1,1061,Unfurnished,28,6176146,18513
VIP road,5,4,4330,Unfurnished,13,28202393,90848
Vijay nagar,3,1,1356,Unfurnished,13,9817816,34122
Roshanpura,2,1,812,Furnished,10,3962622,9986
Nizamuddin colony,1,4,514,Unfurnished,26,3263995,9344
Saket nagar,2,1,1022,Semi-Furnished,6,6852986,21643
chuna bhatti,3,1,1989,Furnished,20,9296665,27857
Indrapuri,1,3,674,Unfurnished,2,2633024,8368
Kolar Road,3,2,1206,Semi-Furnished,13,6085726,18696
Misrod,5,1,4002,Unfurnished,5,16709749,45112
VIP road,4,2,3500,Unfurnished,2,22771234,73977
Lalghati,5,4,3943,Furnished,26,18839873,56324
Bairagarh,3,3,1407,Furnished,28,6306189,18698
chuna bhatti,1,4,566,Semi-Furnished,13,2629193,6445
jahangirabad,5,4,3374,Semi-Furnished,17,15603487,40729
Piplani,1,4,771,Semi-Furnished,29,5469289,15016
Hoshangabad Road,3,2,1372,Furnished,13,6983561,19148
Ayodhya nagar,2,2,1010,Semi-Furnished,30,6340827,22194
Shanti Nagar,1,4,753,Semi-Furnished,16,4436309,14622
Bairagarh,3,1,1692,Unfurnished,8,7699377,22262
Govindpura,5,2,4049,Unfurnished,26,21369720,66379
Ratnagiri,2,4,955,Unfurnished,24,4573104,11875
Bairagarh,2,4,1038,Unfurnished,16,4630620,13789
Govindpura,4,2,2693,Semi-Furnished,6,14228060,41776
Gandhi nagar,1,4,485,Unfurnished,23,3043368,11163
Shyamla Hills,2,4,964,Furnished,27,7270212,25918
Avadhpuri,5,3,4876,Unfurnished,13,21355724,61497
eidgah hills,4,1,3170,Semi-Furnished,18,19050517,63341
New market,5,1,3636,Furnished,17,25488404,81924
Indrapuri,4,4,3328,Furnished,10,13320241,31859
Vijay nagar,5,2,4800,Unfurnished,27,34521075,116333
Service road,3,1,1345,Furnished,26,7801232,25351
Anand nagar,3,2,1366,Unfurnished,3,7906825,26449
sultaniya road,5,4,3512,Semi-Furnished,6,18317349,54533
Arera Colony,1,2,732,Unfurnished,14,5533348,15895
Gulmohar,2,2,1057,Furnished,2,6775407,20474
Minal,2,3,1047,Furnished,24,4933549,12731
Bittan Market,3,1,1815,Furnished,6,12779647,40808
Kolar Road,3,2,1268,Unfurnished,24,6420119,17319
Arera Colony,2,1,1016,Furnished,26,7613289,23595
jahangirabad,3,4,1701,Semi-Furnished,21,7756475,19651
kohefiza,4,2,3131,Furnished,11,14031453,38452
Shivaji Nagar,2,1,1017,Unfurnished,30,6121600,18476
Indrapuri,1,2,400,Semi-Furnished,25,1689263,4257
Habibganj,3,3,1534,Furnished,4,8347158,27452
Govindpura,5,4,4929,Furnished,22,26053140,79158
Shanti Nagar,3,4,1708,Semi-Furnished,15,10155924,33003
sultaniya road,2,1,1043,Semi-Furnished,1,5406441,18508
Kamla Nagar,2,3,1165,Unfurnished,29,6140894,16803
Ashoka garden,1,3,556,Furnished,24,2854783,8465
jahangirabad,1,3,521,Semi-Furnished,22,2421159,7894
MP Nagar,1,4,616,Semi-Furnished,5,4946110,16687
char Imli,3,2,1930,Furnished,29,12656211,41939
Kolar Road,2,3,892,Semi-Furnished,11,4543727,12657
Gandhi nagar,4,4,3013,Unfurnished,7,18724609,69026
Tajul masjid,3,3,1359,Furnished,0,7381359,24941
Chuna Bhatti,4,2,2879,Furnished,13,13556941,35631
Gulmohar,5,2,4473,Unfurnished,26,28580731,93322
Gandhi nagar,5,4,3990,Furnished,30,24683311,89779
Service road,3,1,1573,Furnished,26,9166287,28626
Govindpura,2,3,930,Unfurnished,14,4911502,15080
Piplani,4,1,3058,Unfurnished,1,21317839,68745
Nizamuddin colony,1,4,697,Unfurnished,17,4543986,14513
Service road,5,1,3663,Unfurnished,19,21228653,67809
Indrapuri,1,2,432,Unfurnished,10,1771519,5227
New market,1,1,766,Unfurnished,27,5384416,14937
Ratnagiri,1,4,526,Unfurnished,16,2380797,8443
Vikas Nagar,1,2,408,Unfurnished,22,2775864,10665
Arjun Nagar,5,2,4765,Semi-Furnished,25,28539181,93984
Anand nagar,5,2,3266,Furnished,0,18986396,63850
Nizamuddin colony,3,4,1316,Furnished,30,8585576,27029
sultaniya road,1,1,522,Semi-Furnished,17,2633370,10187
Roshanpura,4,3,2399,Furnished,18,11591365,35094
VIP road,1,4,545,Unfurnished,16,3443406,11040
Vikas Nagar,5,3,3186,Semi-Furnished,17,21761976,75055
Bittan Market,2,1,1164,Unfurnished,6,8222958,23749
Kamla Nagar,3,4,1881,Unfurnished,12,9817191,29020
Bawadiya Kalan,3,2,1424,Unfurnished,11,6501423,18472
VIP road,1,2,462,Semi-Furnished,25,3044764,9999
Govindpura,1,2,401,Semi-Furnished,25,2104443,6400
eidgah hills,3,3,1966,Unfurnished,27,11892499,39465
Avadhpuri,3,1,1718,Unfurnished,11,7626387,22268
Vijay nagar,1,4,797,Unfurnished,21,5745686,19318
Bawadiya Kalan,1,3,628,Semi-Furnished,2,2769090,7919
Ayodhya nagar,1,4,797,Semi-Furnished,6,4930757,18585
Habibganj,2,2,1174,Unfurnished,17,6538489,21470
New market,3,4,1636,Semi-Furnished,4,11379768,37189
Karond,3,3,1387,Unfurnished,9,6855081,18854
Karond,4,2,2609,Semi-Furnished,17,12709520,34541
Misrod,4,3,3160,Semi-Furnished,6,13352582,34536
Karond,1,4,428,Unfurnished,17,2143154,6168
Saket nagar,2,1,1140,Unfurnished,22,7817679,25469
Shyamla Hills,3,4,1648,Furnished,18,12408068,43069
Narela,2,1,1033,Semi-Furnished,3,4375900,11482
Service road,3,4,1415,Furnished,14,8231168,25090
Shivaji Nagar,3,1,1381,Furnished,28,8251196,27307
Minal,2,3,1114,Semi-Furnished,2,5167967,14603
Vijay nagar,3,4,1498,Semi-Furnished,27,10824483,36360
Piplani,3,3,1863,Furnished,30,13124294,39399
Roshanpura,2,2,1078,Unfurnished,30,5160172,15285
Roshanpura,1,3,476,Semi-Furnished,3,2223447,8632
MP Nagar,3,2,1420,Furnished,23,11432743,37302
Shivaji Nagar,3,2,1753,Unfurnished,16,10562852,35269
Govindpura,2,4,980,Semi-Furnished,25,5186350,16979
Shivaji Nagar,4,3,2110,Unfurnished,13,12588517,41035
Narela,3,4,1761,Semi-Furnished,21,7648172,21158
kohefiza,2,4,898,Unfurnished,15,4116658,12682
Karond,5,1,4733,Semi-Furnished,6,23268200,64585
New market,1,2,433,Semi-Furnished,10,3091548,10409
Vijay nagar,2,4,810,Semi-Furnished,8,5772554,18771
Piplani,5,1,3962,Furnished,25,27688034,88408
Chuna Bhatti,2,1,1051,Semi-Furnished,5,4907003,12608
MP Nagar,1,4,550,Semi-Furnished,20,4409395,15112
Ashoka garden,1,3,794,Unfurnished,15,4123354,13585
jahangirabad,4,2,2206,Unfurnished,17,10087627,24870
Barkheda,3,3,1853,Furnished,7,8248286,22407
Nizamuddin colony,3,3,1379,Furnished,18,8980542,29598
chuna bhatti,5,2,3218,Unfurnished,11,15117449,42314
Ashoka garden,1,1,712,Semi-Furnished,28,3658347,10040
Bairagarh,3,3,1941,Unfurnished,17,8814127,23239
Saket nagar,3,1,1450,Furnished,22,9805966,34095
jahangirabad,3,4,1813,Furnished,14,8303986,21254
Prabhat petrol pump,5,1,3261,Semi-Furnished,20,15906827,45417
Kolar Road,5,3,4392,Furnished,15,21993190,67801
Kolar Road,2,1,1094,Furnished,11,5377905,15680
Bairagarh,2,1,1015,Unfurnished,12,4484085,12078
eidgah hills,1,4,481,Furnished,23,2974238,9898
Hoshangabad Road,4,1,3248,Furnished,13,16540508,50579
Tajul masjid,3,3,1980,Semi-Furnished,6,10887289,34315
Lalghati,3,1,1756,Furnished,24,8395743,25642
Kolar hills,3,2,1262,Semi-Furnished,17,6351630,17752
Govindpura,2,2,1125,Semi-Furnished,0,5958275,19180
Vijay nagar,1,1,413,Semi-Furnished,5,2928045,11668
Vijay nagar,3,3,1304,Unfurnished,24,9381910,32900
sultaniya road,2,3,1024,Unfurnished,29,5416901,16954
Habibganj,4,2,2109,Furnished,19,11500884,39293
chuna bhatti,3,2,1285,Semi-Furnished,16,5965970,17178
Ratnagiri,5,1,4921,Unfurnished,29,23132214,65577
Arjun Nagar,2,4,1085,Unfurnished,27,6524658,22023
Nizamuddin colony,2,2,1048,Semi-Furnished,12,6853439,23212
Shanti Nagar,3,1,1830,Semi-Furnished,13,10864731,34731
Misrod,2,4,805,Furnished,3,3320036,8884
Nizamuddin colony,3,3,1625,Furnished,21,10554650,33924
New market,5,1,3649,Unfurnished,6,25543816,80470
Hoshangabad Road,4,1,2759,Unfurnished,15,14018275,42070
Kolar Road,3,3,1778,Furnished,27,8884318,27393
Gulmohar,1,3,609,Unfurnished,21,3890430,14376
Prabhat petrol pump,1,3,799,Unfurnished,7,3990984,11142
Misrod,3,1,1576,Furnished,15,6568418,16716
sultaniya road,4,2,3087,Furnished,25,16065555,51168
Gandhi nagar,2,2,1049,Unfurnished,29,6572719,25499
Kolar hills,4,3,2052,Furnished,25,10322086,30367
jahangirabad,1,4,632,Unfurnished,3,2819713,5861
Chuna Bhatti,3,1,1761,Semi-Furnished,7,8213081,23626
Vikas Nagar,3,1,1442,Unfurnished,10,9883588,34408
Misrod,4,2,2030,Furnished,6,8462216,22315
Nizamuddin colony,2,4,1075,Furnished,1,6945862,24378
Ayodhya bypass,5,2,4528,Unfurnished,20,23978003,73094
Shanti Nagar,3,2,1942,Unfurnished,12,11540757,36656
Kolar hills,2,3,1126,Unfurnished,29,5722013,18436
kohefiza,1,4,569,Semi-Furnished,0,2594545,6290
kohefiza,3,1,1493,Semi-Furnished,8,6810255,19598
Indrapuri,5,3,3699,Unfurnished,23,14820484,38226
Avadhpuri,1,1,631,Semi-Furnished,7,2824122,6258
char Imli,4,3,2326,Unfurnished,15,15319793,49570
Lalghati,1,2,604,Unfurnished,14,2841523,10349
jahangirabad,5,3,3741,Unfurnished,13,17304196,45068
Arjun Nagar,1,3,715,Semi-Furnished,5,4237479,13235
Arera Colony,1,3,749,Unfurnished,13,5687504,19723
VIP road,3,3,1909,Furnished,29,12423172,38489
New market,3,1,1941,Unfurnished,0,13685935,44166
Prabhat petrol pump,1,4,543,Unfurnished,10,2588767,8866
Minal,1,1,509,Semi-Furnished,23,2389984,6910
Govindpura,3,3,1843,Semi-Furnished,13,9686831,29828
Vikas Nagar,1,4,723,Furnished,10,4955477,17205
Minal,4,2,3023,Furnished,2,14288476,37873
Gandhi nagar,5,4,4419,Furnished,5,27379589,100144
Service road,2,4,1073,Unfurnished,11,6146290,21004
Arera Colony,1,4,412,Furnished,29,3065528,9857
Arjun Nagar,2,4,878,Semi-Furnished,20,5235228,16077
Ayodhya bypass,4,4,3185,Semi-Furnished,6,16939964,50581
Bawadiya Kalan,3,2,1800,Semi-Furnished,26,8113361,23219
Avadhpuri,4,2,2354,Furnished,24,10430510,30919
Bairagarh,2,2,851,Furnished,16,3797224,8681
Bairagarh,4,2,3190,Furnished,14,14291536,37891
Vijay nagar,3,4,1514,Semi-Furnished,4,10872185,37977
Gandhi nagar,5,1,3217,Furnished,20,19931075,74697
Avadhpuri,1,2,656,Furnished,10,2851476,9901
Piplani,2,3,800,Furnished,15,5563451,16204
Kolar hills,1,2,468,Semi-Furnished,10,2384795,7961
Sonagiri,4,4,3242,Unfurnished,27,14952364,40502
Bawadiya Kalan,3,4,1657,Furnished,12,7486525,19491
Govindpura,5,3,3745,Furnished,0,19814829,57927
char Imli,2,2,1061,Furnished,15,7100181,21442
Bittan Market,2,2,968,Furnished,19,6775396,20697
sultaniya road,3,1,1523,Furnished,4,7976331,22774
Ashoka garden,5,2,3611,Semi-Furnished,8,18742146,59731
Misrod,4,2,2973,Unfurnished,13,12432021,32092
Prabhat petrol pump,1,1,663,Unfurnished,28,3195216,7809
Sonagiri,1,1,752,Unfurnished,13,3535912,7484
Piplani,2,3,940,Semi-Furnished,1,6519830,20797
Roshanpura,4,4,2855,Unfurnished,8,13729851,40604
Roshanpura,4,3,2005,Furnished,16,9576767,29775
Misrod,3,4,1948,Semi-Furnished,18,8106529,22690
Shivaji Nagar,2,1,1042,Unfurnished,12,6267788,20167
Vijay nagar,5,4,3349,Furnished,15,24198299,81491
Vijay nagar,1,4,733,Furnished,2,5241699,18119
Avadhpuri,3,2,1994,Furnished,30,8697454,26175
Bittan Market,4,1,2041,Furnished,30,14287327,44177
VIP road,2,2,1038,Furnished,23,6663767,20460
Sonagiri,1,2,563,Furnished,10,2554311,7613
Shivaji Nagar,4,1,2112,Unfurnished,25,12723769,40941
Ratnagiri,1,2,411,Unfurnished,2,2025184,6762
Ratnagiri,1,4,526,Unfurnished,0,2378134,7632
Hoshangabad Road,4,3,2497,Unfurnished,6,12685937,36600
Gandhi nagar,1,2,769,Unfurnished,21,4797471,17555
jahangirabad,4,3,2347,Furnished,12,10779418,27929
Prabhat petrol pump,2,2,1087,Semi-Furnished,3,5340114,13927
VIP road,1,4,532,Semi-Furnished,12,3486783,10883
jahangirabad,2,4,1192,Unfurnished,15,5432966,13081
Habibganj,2,4,824,Furnished,5,4450080,14226
sultaniya road,2,3,850,Semi-Furnished,19,4516801,14796
Gulmohar,4,1,2123,Semi-Furnished,4,13647615,45834
Kolar Road,1,4,483,Semi-Furnished,25,2486986,8382
jahangirabad,5,1,3856,Unfurnished,5,17696156,48029
ibrahimpura,3,1,1842,Semi-Furnished,18,7971750,21493
Sonagiri,3,3,1934,Semi-Furnished,14,8865248,24556
Ratnagiri,5,3,3633,Semi-Furnished,4,16987184,46203
Barkheda,5,4,3604,Semi-Furnished,10,15932377,47152
Lalghati,3,3,1261,Furnished,3,6116792,17214
chuna bhatti,4,2,2564,Furnished,29,12117337,33599
Minal,3,4,1651,Semi-Furnished,5,7788233,22869
Vikas Nagar,2,4,939,Unfurnished,28,6348493,22371
Ayodhya bypass,3,4,1380,Semi-Furnished,8,7333076,21086
Gulmohar,4,2,3438,Unfurnished,10,22095049,71180
Kamla Nagar,1,3,718,Semi-Furnished,2,3752021,10800
Misrod,2,2,1198,Semi-Furnished,27,5092846,11312
Bittan Market,1,4,423,Unfurnished,14,3029592,8876
Ayodhya bypass,1,3,619,Furnished,27,3305016,8494
Ashoka garden,4,4,2244,Furnished,22,11620147,34337
Anand nagar,2,1,1124,Furnished,2,6425213,19806
jahangirabad,3,4,1459,Unfurnished,14,6618701,19449
Shyamla Hills,1,2,730,Semi-Furnished,16,5386070,19823
Bittan Market,5,1,4477,Unfurnished,10,31373245,98504
Kolar hills,2,3,1086,Unfurnished,6,5369422,14470
Hoshangabad Road,5,2,3170,Unfurnished,24,16184438,45551
Barkheda,1,2,514,Unfurnished,10,2275023,5865
VIP road,1,1,491,Semi-Furnished,8,3218495,10568
Anand nagar,4,1,2584,Unfurnished,30,15013351,50563
Habibganj,2,3,1058,Unfurnished,19,5730514,19847
Indrapuri,4,2,3420,Semi-Furnished,10,13695950,35151
Prabhat petrol pump,1,4,748,Semi-Furnished,10,3747242,12083
sultaniya road,1,3,464,Unfurnished,5,2392480,5985
Karond,2,2,853,Unfurnished,25,4174125,13256
Roshanpura,1,4,662,Semi-Furnished,30,3195867,8559
Kamla Nagar,4,3,2338,Furnished,28,12255152,37709
Narela,2,2,831,Unfurnished,20,3654831,7835
Govindpura,5,3,4529,Furnished,15,23941774,73615
New market,1,2,795,Semi-Furnished,12,5643331,15884
Kamla Nagar,3,1,1378,Furnished,30,7224343,22465
Bittan Market,5,2,3960,Unfurnished,2,27741613,88345
Barkheda,5,1,3578,Unfurnished,25,15697457,45008
Kolar hills,4,4,2269,Semi-Furnished,4,11253402,34549
Kamla Nagar,1,1,713,Semi-Furnished,17,3743485,13033
Misrod,5,1,4949,Semi-Furnished,15,20853784,56250
Shanti Nagar,3,4,1751,Semi-Furnished,23,10251999,34139
Sonagiri,3,3,1600,Unfurnished,24,7378993,20907
Kamla Nagar,2,4,992,Semi-Furnished,13,5091336,14254
Roshanpura,4,1,2651,Semi-Furnished,15,12687227,37391
Piplani,3,3,1575,Unfurnished,9,11074400,36475
Ratnagiri,2,3,1045,Unfurnished,19,4850604,15214
Ratnagiri,1,1,661,Unfurnished,1,3205858,8232
Prabhat petrol pump,5,3,3440,Furnished,20,16808385,49085
ibrahimpura,2,4,959,Furnished,30,4032960,8761
Govindpura,4,1,3176,Semi-Furnished,23,16880522,50936
Shanti Nagar,2,1,955,Unfurnished,11,5630089,16553
Ayodhya nagar,3,3,1203,Semi-Furnished,15,7475161,26085
Shanti Nagar,2,2,1013,Furnished,3,6039078,20601
Saket nagar,5,4,3464,Semi-Furnished,21,23612767,78714
Service road,2,2,1184,Furnished,30,6791919,23240
Kolar hills,4,1,2221,Unfurnished,0,11145775,32510
Minal,5,4,4307,Unfurnished,26,20191843,55265
Ayodhya nagar,1,2,712,Unfurnished,11,4428569,16362
New market,2,2,878,Furnished,9,6084542,19073
Gulmohar,1,3,468,Furnished,4,2992072,10713
eidgah hills,1,1,723,Semi-Furnished,17,4426050,16415
Anand nagar,3,4,1485,Furnished,4,8644217,29010
Ratnagiri,3,3,1457,Unfurnished,12,6750883,18763
Piplani,1,4,547,Semi-Furnished,19,3841620,14009
Roshanpura,5,3,3208,Furnished,30,15454525,44998
Shanti Nagar,1,3,523,Semi-Furnished,29,3132664,11439
Habibganj,2,4,1176,Unfurnished,23,6462280,22220
kohefiza,2,1,1025,Semi-Furnished,15,4704496,14202
Prabhat petrol pump,3,1,1576,Furnished,11,7741739,23235
Bittan Market,1,4,449,Furnished,0,3162791,10163
Vijay nagar,1,4,486,Unfurnished,10,3586201,11655
VIP road,1,3,416,Unfurnished,20,2611041,9583
char Imli,4,1,2473,Unfurnished,26,16293395,50720
eidgah hills,4,2,2270,Furnished,8,13670527,44007
ibrahimpura,1,3,643,Furnished,2,2792751,5080
Minal,4,3,3000,Unfurnished,13,14104737,39874
ibrahimpura,2,3,1144,Semi-Furnished,11,4830000,11561
Piplani,5,3,3305,Unfurnished,26,23216817,73157
Minal,5,2,4380,Semi-Furnished,16,20591687,56195
Bairagarh,5,4,4572,Furnished,7,20604612,55629
Vijay nagar,1,2,683,Unfurnished,30,4936166,15251
jahangirabad,5,3,3217,Furnished,20,14733272,39605
Kamla Nagar,5,3,3601,Unfurnished,8,18743023,58634
Karond,3,4,1201,Furnished,24,5919016,17098
Bittan Market,1,4,406,Furnished,25,2760479,9899
sultaniya road,4,3,3094,Furnished,15,16122637,48514
char Imli,4,1,2391,Semi-Furnished,25,15736703,50873
Vijay nagar,4,3,2736,Unfurnished,3,19606161,66052
Saket nagar,4,4,3240,Unfurnished,30,22122250,74604
chuna bhatti,5,1,3476,Semi-Furnished,2,16370929,46646
Kolar hills,4,1,2940,Furnished,11,14709844,45877
Vijay nagar,1,1,736,Unfurnished,4,5228365,18776
Nizamuddin colony,2,4,1119,Unfurnished,0,7303809,21730
Saket nagar,2,3,839,Semi-Furnished,24,5739918,19073
Kolar Road,2,4,1102,Furnished,14,5521675,16828
ibrahimpura,3,4,1437,Unfurnished,18,6187002,16009
ibrahimpura,1,4,727,Semi-Furnished,19,3132657,8459
Sonagiri,1,1,709,Semi-Furnished,8,3243399,6748
Bittan Market,4,4,2945,Unfurnished,9,20554738,66642
Bairagarh,3,2,1661,Furnished,5,7563489,21336
Tajul masjid,2,3,810,Furnished,2,4509596,15003
Ratnagiri,4,2,2664,Semi-Furnished,26,12549010,34340
Gandhi nagar,5,4,4468,Furnished,23,27749907,101477
New market,4,4,2912,Semi-Furnished,24,20377811,62597
Misrod,4,3,3092,Semi-Furnished,12,13047291,33822
MP Nagar,4,2,2564,Furnished,22,20581104,63622
Shanti Nagar,2,1,1157,Unfurnished,25,6887784,23271
Vikas Nagar,1,2,689,Semi-Furnished,16,4617916,15353
jahangirabad,3,1,1541,Semi-Furnished,25,7003965,16867
Govindpura,4,2,2238,Semi-Furnished,15,11833373,36251
Indrapuri,1,4,648,Furnished,24,2603778,4661
Lalghati,1,1,562,Unfurnished,27,2598648,9080
Arjun Nagar,4,3,3272,Unfurnished,28,19718316,64767
Bawadiya Kalan,2,4,869,Furnished,17,3949574,9730
Bairagarh,1,3,432,Unfurnished,14,2042400,3352
Misrod,4,4,3317,Furnished,19,14028733,35432
ibrahimpura,1,1,442,Semi-Furnished,30,1823801,4129
Minal,1,1,597,Furnished,16,2759309,8807
Minal,4,3,3393,Semi-Furnished,8,15935306,43867
Indrapuri,1,4,560,Semi-Furnished,25,2327183,5792
Bawadiya Kalan,2,4,843,Semi-Furnished,17,3784039,9937
Kolar hills,3,2,1636,Semi-Furnished,17,8130686,24624
Chuna Bhatti,5,3,4151,Furnished,14,19432797,55883
Avadhpuri,5,4,3245,Furnished,10,14213456,44110
Govindpura,4,2,2893,Unfurnished,30,15263591,47093
Bairagarh,4,2,2180,Furnished,8,9831724,26693
Chuna Bhatti,4,4,2403,Furnished,17,11309651,32563
Avadhpuri,2,1,1038,Semi-Furnished,0,4567441,12693
Anand nagar,2,2,1191,Semi-Furnished,21,6948414,24464
Chuna Bhatti,2,3,1097,Unfurnished,8,5117684,16184
Roshanpura,2,2,1132,Semi-Furnished,23,5523127,14181
Roshanpura,5,3,4953,Semi-Furnished,26,23807094,70222
Nizamuddin colony,5,3,3149,Furnished,21,20551154,65823
sultaniya road,2,4,1104,Furnished,7,5745076,18026
Sonagiri,5,2,3100,Furnished,14,14218099,38766
Ashoka garden,4,4,2736,Semi-Furnished,21,14161448,45207
Tajul masjid,4,4,3139,Furnished,6,17181119,57625
Narela,4,1,2465,Semi-Furnished,24,10631473,27401
Kolar Road,1,1,444,Furnished,20,2218669,6870
Saket nagar,5,4,4266,Semi-Furnished,17,29102538,96667
Tajul masjid,5,3,3546,Semi-Furnished,21,19514736,64981
Kolar Road,2,2,1150,Furnished,17,5772037,16089
Lalghati,1,4,575,Unfurnished,27,2806992,9382
Tajul masjid,5,4,4153,Unfurnished,19,22839998,74395
Arjun Nagar,4,1,2150,Semi-Furnished,1,12984783,41664
Ashoka garden,2,1,938,Unfurnished,25,4837913,16792
ibrahimpura,3,3,1609,Unfurnished,14,7002598,18506
Lalghati,1,1,534,Semi-Furnished,10,2483481,9096
Govindpura,5,1,4850,Semi-Furnished,4,25776200,78708
Anand nagar,3,2,1943,Unfurnished,30,11230794,36773
chuna bhatti,5,4,3605,Unfurnished,0,17019517,45637
Arera Colony,4,3,2577,Semi-Furnished,10,19416706,60516
Misrod,2,1,998,Semi-Furnished,16,4148220,10548
Ashoka garden,3,4,1827,Semi-Furnished,1,9492974,30677
Service road,3,1,1721,Unfurnished,13,9938443,33239
Avadhpuri,1,3,448,Furnished,10,1955008,6939
kohefiza,5,2,4943,Unfurnished,29,22181925,59088
Chuna Bhatti,3,2,1890,Semi-Furnished,24,8976942,25403
Arjun Nagar,2,1,1004,Furnished,7,6081021,20463
Vikas Nagar,2,1,1055,Semi-Furnished,30,7117514,24935
VIP road,2,2,812,Unfurnished,7,5337211,16836
Chuna Bhatti,1,2,491,Semi-Furnished,24,2327553,6936
Bairagarh,3,4,1629,Furnished,11,7254918,20662
Avadhpuri,3,2,1654,Unfurnished,27,7179015,19991
Kolar Road,5,3,3341,Unfurnished,0,16801234,49124
Karond,5,1,4438,Unfurnished,4,21784696,60629
Kamla Nagar,3,1,1693,Semi-Furnished,10,8827729,28616
kohefiza,3,2,1944,Semi-Furnished,2,8835574,24834
Bairagarh,4,4,2091,Unfurnished,27,9379556,26463
Ayodhya nagar,3,3,1621,Semi-Furnished,7,9982062,37848
Gulmohar,3,1,1559,Semi-Furnished,26,9887381,33865
Avadhpuri,5,3,3344,Unfurnished,17,14725514,45050
Karond,4,2,2519,Unfurnished,26,12329164,34582
Prabhat petrol pump,5,2,3045,Unfurnished,21,14881392,44531
Kolar hills,2,3,1081,Unfurnished,29,5354450,15538
Vikas Nagar,4,3,3332,Unfurnished,15,22653709,76236
Piplani,3,3,1785,Unfurnished,23,12511887,38485
Barkheda,1,4,492,Semi-Furnished,9,2243987,5013
ibrahimpura,3,2,1377,Semi-Furnished,13,6010604,14796
Ratnagiri,1,1,586,Semi-Furnished,14,2802590,9399
kohefiza,3,4,1304,Unfurnished,19,5861585,14839
Bairagarh,1,4,644,Semi-Furnished,18,2812150,8144
Tajul masjid,1,3,612,Furnished,4,3398372,10072
ibrahimpura,2,1,976,Semi-Furnished,19,4242855,8906
Piplani,5,3,4393,Unfurnished,25,30695436,94731
Shanti Nagar,2,2,1196,Unfurnished,13,7080428,21926
Anand nagar,5,2,3526,Furnished,13,20482268,65601
Lalghati,2,3,1049,Semi-Furnished,21,4982433,13038
Tajul masjid,2,1,1166,Semi-Furnished,18,6504665,22103
Kolar Road,3,1,1322,Unfurnished,24,6599670,19901
Indrapuri,3,4,1896,Semi-Furnished,20,7567957,18649
MP Nagar,5,1,3640,Unfurnished,23,29178933,91325
Kolar Road,4,3,3040,Semi-Furnished,22,15296286,46748
Barkheda,1,1,767,Unfurnished,17,3371937,11672
eidgah hills,2,1,1153,Furnished,28,6883038,21871
Ayodhya nagar,1,4,714,Furnished,14,4333387,14910
Lalghati,2,3,878,Semi-Furnished,17,4180142,12220
Narela,4,3,2649,Furnished,18,11319642,30776
Gandhi nagar,4,1,2824,Furnished,5,17545946,65336
Lalghati,1,1,737,Semi-Furnished,26,3466144,10071
Vikas Nagar,1,2,467,Unfurnished,25,3253597,10601
eidgah hills,4,3,2977,Furnished,10,17930722,58936
Nizamuddin colony,2,4,949,Unfurnished,27,6203597,19218
Avadhpuri,1,1,516,Furnished,15,2231021,7838
Habibganj,3,4,1786,Semi-Furnished,0,9883914,31533
Vijay nagar,1,3,608,Furnished,9,4325959,14793
sultaniya road,5,2,4786,Furnished,10,24873833,75154
Ayodhya bypass,3,3,1433,Furnished,14,7681910,24621
sultaniya road,5,1,3213,Semi-Furnished,28,16777192,52497
Sonagiri,1,2,596,Semi-Furnished,26,2694518,5885
eidgah hills,1,2,491,Semi-Furnished,23,2879551,10106
Karond,1,4,550,Semi-Furnished,24,2672845,6031
Hoshangabad Road,5,2,4467,Unfurnished,0,22720560,66829
Nizamuddin colony,5,1,3047,Semi-Furnished,30,19900019,64813
New market,3,1,1505,Unfurnished,26,10566782,32528
Nizamuddin colony,2,3,965,Semi-Furnished,14,6208022,18288
char Imli,5,1,3926,Semi-Furnished,13,25851464,82429
Karond,5,1,3998,Unfurnished,15,19521243,55095
Shyamla Hills,2,3,1006,Furnished,7,7459861,24062
Narela,2,3,900,Furnished,26,3937186,11042
sultaniya road,4,2,2270,Unfurnished,28,11856553,36462
Shivaji Nagar,5,2,4088,Furnished,5,24619266,80051
Roshanpura,1,3,767,Furnished,4,3688364,12636
Bairagarh,1,3,775,Unfurnished,18,3446616,11196
ibrahimpura,4,1,2493,Furnished,18,10666737,26454
Bawadiya Kalan,1,1,509,Semi-Furnished,13,2256110,6570
Prabhat petrol pump,5,4,4354,Semi-Furnished,14,21244079,62517
Piplani,4,1,3494,Semi-Furnished,8,24448121,77940
Hoshangabad Road,4,1,2272,Unfurnished,16,11650361,35814
sultaniya road,3,3,1894,Unfurnished,22,9795334,29261
Arera Colony,4,1,3429,Semi-Furnished,10,25729016,83617
Kolar hills,5,4,4463,Semi-Furnished,5,22286436,68707
Kolar Road,2,1,1021,Unfurnished,29,5188447,13360
MP Nagar,5,2,3806,Semi-Furnished,30,30476537,94841
Chuna Bhatti,5,4,3433,Unfurnished,30,16206712,44140
Avadhpuri,5,1,3134,Semi-Furnished,8,13704185,40339
Barkheda,3,3,1871,Semi-Furnished,21,8330890,24892
Narela,5,4,4624,Furnished,14,19786940,51302
Kolar hills,2,1,1096,Furnished,1,5549531,15158
Vikas Nagar,1,2,406,Unfurnished,16,2675673,9608
Habibganj,1,3,738,Furnished,23,4121259,14860
Bairagarh,5,3,4145,Unfurnished,29,18651313,50988
Minal,5,1,4080,Semi-Furnished,21,19096207,53452
Service road,5,2,4863,Semi-Furnished,2,28278820,90970
Shyamla Hills,2,1,1014,Unfurnished,1,7638571,24429
Karond,5,1,3648,Semi-Furnished,1,17939856,50020
Narela,2,4,897,Furnished,22,3774403,11310
Kamla Nagar,5,4,4214,Furnished,14,21850347,67466
chuna bhatti,4,1,2036,Unfurnished,23,9469226,25046
Prabhat petrol pump,2,2,1002,Furnished,29,4899947,13350
chuna bhatti,1,3,571,Unfurnished,20,2652888,8680
Lalghati,2,3,1030,Furnished,8,5019737,12698
Arjun Nagar,3,2,1931,Semi-Furnished,3,11619312,37679
Lalghati,4,1,2644,Unfurnished,1,12741010,38674
Kolar Road,5,3,3072,Unfurnished,20,15452120,47335
Karond,1,1,627,Unfurnished,5,3073574,9339
Vikas Nagar,3,4,1772,Furnished,6,12011120,40799
Prabhat petrol pump,4,4,3072,Semi-Furnished,27,14969974,44750
sultaniya road,1,4,539,Semi-Furnished,21,2835518,8436
Hoshangabad Road,3,4,1781,Semi-Furnished,1,9110254,25422
Habibganj,1,1,413,Unfurnished,18,2190072,6496
Tajul masjid,2,3,950,Semi-Furnished,24,5259342,17988
Ashoka garden,5,2,4511,Furnished,15,23503020,71780
Ratnagiri,2,4,1073,Furnished,1,4981885,14537
eidgah hills,2,2,1191,Furnished,27,7118600,24109
Kolar Road,2,1,1068,Furnished,13,5429028,14898
Hoshangabad Road,2,1,903,Semi-Furnished,30,4521874,14626
Narela,2,3,1098,Semi-Furnished,14,4774570,10877
Bairagarh,5,3,3579,Furnished,9,16132358,44605
ibrahimpura,5,1,3540,Semi-Furnished,4,15188320,39957
kohefiza,4,1,2063,Semi-Furnished,7,9201450,25566
Gulmohar,1,2,608,Semi-Furnished,2,3958237,12647
Kamla Nagar,2,3,972,Semi-Furnished,26,5076979,16632
Saket nagar,4,4,3272,Unfurnished,11,22251904,74150
Shivaji Nagar,4,1,3368,Furnished,7,20181603,69319
Narela,5,3,3629,Semi-Furnished,28,15699638,37949
Service road,1,2,467,Furnished,8,2766219,10006
Nizamuddin colony,4,2,2311,Unfurnished,25,14985223,49162
Lalghati,1,3,517,Semi-Furnished,4,2505331,9073
Govindpura,3,4,1507,Semi-Furnished,11,8009731,23547
Lalghati,5,1,3598,Furnished,2,17259173,49220
Nizamuddin colony,5,4,3843,Semi-Furnished,26,25064085,81087
Piplani,4,1,2198,Semi-Furnished,13,15418989,49177
Kolar Road,1,2,786,Furnished,17,3916159,13595
Nizamuddin colony,1,3,629,Semi-Furnished,10,4035632,12664
Shivaji Nagar,2,3,927,Semi-Furnished,12,5536112,18569
Kolar Road,2,3,1011,Semi-Furnished,5,5002940,15684
Vikas Nagar,1,3,621,Furnished,26,4301791,15353
kohefiza,2,3,996,Furnished,5,4396776,12629
Minal,2,3,883,Semi-Furnished,4,4177851,9649
Service road,3,1,1532,Furnished,1,8803008,27912
Indrapuri,4,3,3084,Semi-Furnished,17,12411408,30807
Lalghati,3,2,1650,Semi-Furnished,29,7983455,22770
kohefiza,5,1,4953,Furnished,6,22221558,59000
VIP road,2,3,983,Semi-Furnished,7,6330864,19316
sultaniya road,3,1,1698,Unfurnished,4,8810319,28396
Indrapuri,4,2,2947,Furnished,17,11717934,27893
Shivaji Nagar,4,1,3045,Unfurnished,0,18362894,59617
Kamla Nagar,1,1,764,Furnished,25,3928113,14010
Barkheda,5,2,3454,Unfurnished,9,15170917,46622
Arera Colony,1,2,666,Unfurnished,27,4948884,14530
Nizamuddin colony,2,3,923,Semi-Furnished,28,5963056,20175
Ashoka garden,4,2,2902,Unfurnished,15,15022286,47595
Bairagarh,5,4,4892,Unfurnished,24,22084437,60092
Gulmohar,3,3,1955,Furnished,11,12569885,40449
Minal,5,3,4577,Furnished,29,21494795,59281
Ashoka garden,3,1,1668,Furnished,3,8614089,26224
New market,5,4,3434,Semi-Furnished,28,24128835,75426
Bittan Market,1,1,525,Furnished,20,3669801,11913
Hoshangabad Road,2,3,1093,Furnished,18,5535187,16997
Gandhi nagar,5,2,4490,Semi-Furnished,29,27934333,105159
Roshanpura,2,4,932,Semi-Furnished,28,4497675,14654
Ayodhya bypass,1,3,795,Furnished,12,4139811,11115
Anand nagar,5,1,3980,Unfurnished,27,23004638,76093
Habibganj,5,2,4878,Unfurnished,4,26794143,89350
Vijay nagar,3,1,1891,Furnished,27,13628790,43432
Narela,4,4,3038,Semi-Furnished,10,13126255,33180
Service road,5,4,4704,Unfurnished,17,27263030,88036
Piplani,4,4,2786,Unfurnished,4,19427950,59513
kohefiza,3,2,1229,Semi-Furnished,1,5495178,15859
Sonagiri,5,2,3682,Semi-Furnished,2,16884522,43550
Bittan Market,1,4,485,Furnished,17,3393204,10964
eidgah hills,5,2,3308,Semi-Furnished,20,19794710,67629
Tajul masjid,2,4,928,Unfurnished,10,5087050,16204
Gandhi nagar,1,3,499,Furnished,2,3148386,12214
Bairagarh,5,4,3627,Furnished,18,16393798,44286
Bairagarh,1,4,745,Unfurnished,14,3393570,9550
Gulmohar,5,2,4451,Unfurnished,24,28483290,95284
Nizamuddin colony,1,2,519,Furnished,14,3315261,9299
Bairagarh,2,4,1069,Unfurnished,9,4744947,12052
Shyamla Hills,3,3,1356,Unfurnished,20,10142140,33255
Minal,1,3,509,Semi-Furnished,7,2483974,5885
Habibganj,3,3,1389,Semi-Furnished,22,7657220,23543
Minal,3,1,1691,Furnished,26,7946383,22932
Kolar Road,1,4,727,Furnished,22,3668150,11451
Avadhpuri,2,2,1041,Furnished,26,4578876,12077
MP Nagar,2,4,1176,Furnished,22,9386043,28552
Saket nagar,3,2,1679,Furnished,5,11408435,39014
Kolar Road,4,3,2334,Furnished,29,11690487,36499
eidgah hills,1,3,705,Unfurnished,1,4304350,12374
Ayodhya bypass,1,2,777,Unfurnished,3,4212582,13694
Shivaji Nagar,2,1,1013,Unfurnished,21,6114861,19601
Bawadiya Kalan,3,4,1939,Furnished,15,8765754,23315
Ayodhya nagar,3,1,1795,Furnished,7,11129937,41425
Tajul masjid,4,4,2215,Furnished,4,12222790,38248
Roshanpura,2,1,977,Unfurnished,25,4647741,13737
Karond,1,4,467,Furnished,17,2387028,8068
Bittan Market,2,1,971,Semi-Furnished,8,6892339,19790
Minal,5,4,3293,Unfurnished,28,15532584,41598
Hoshangabad Road,3,1,1888,Unfurnished,8,9607179,27517
Habibganj,3,2,1386,Semi-Furnished,6,7531151,24469
Minal,4,4,2659,Unfurnished,19,12487037,34388
Minal,5,3,3829,Unfurnished,25,18041387,49227
Nizamuddin colony,4,1,3436,Furnished,9,22245633,73148
Kamla Nagar,3,1,1454,Furnished,4,7632039,25164
Govindpura,1,3,773,Furnished,15,4048871,11418
char Imli,4,1,2198,Furnished,24,14491783,46615
jahangirabad,1,3,800,Semi-Furnished,25,3655715,10274
ibrahimpura,1,1,449,Unfurnished,8,1880435,6247
Tajul masjid,1,4,720,Furnished,14,3948512,14784
Shivaji Nagar,1,2,477,Unfurnished,0,2814526,11289
Habibganj,4,2,2867,Semi-Furnished,16,15697553,50183
Kamla Nagar,3,3,1599,Furnished,14,8262855,25621
New market,2,1,875,Unfurnished,13,6149408,17862
Hoshangabad Road,3,3,1707,Furnished,18,8798999,23899
Tajul masjid,5,3,3588,Semi-Furnished,13,19773537,65955
Arjun Nagar,3,2,1360,Furnished,25,8123910,25412
Nizamuddin colony,4,2,3197,Unfurnished,9,20756618,67447
Misrod,5,4,4113,Furnished,13,17241777,44384
Lalghati,4,2,2069,Unfurnished,23,9953752,27952
Lalghati,4,1,2246,Furnished,24,10682351,33113
Prabhat petrol pump,3,1,1745,Unfurnished,10,8550844,25595
chuna bhatti,3,2,1640,Furnished,9,7674010,22783
Nizamuddin colony,2,2,1190,Semi-Furnished,20,7820698,26511
Bawadiya Kalan,3,1,1673,Semi-Furnished,25,7516869,19121
Vikas Nagar,4,2,2422,Furnished,25,16537774,57329
Chuna Bhatti,4,3,2863,Semi-Furnished,3,13468109,38668
Shyamla Hills,1,1,405,Semi-Furnished,17,2962964,8456
kohefiza,3,2,1769,Semi-Furnished,25,8029312,20815
Narela,4,2,3350,Furnished,7,14483163,36359
Anand nagar,4,4,3211,Unfurnished,13,18624940,61227
Habibganj,4,3,2387,Semi-Furnished,2,13135035,42859
Ayodhya nagar,4,4,2097,Semi-Furnished,8,13057018,49346
Arera Colony,1,3,690,Furnished,20,5203197,17569
jahangirabad,3,3,1569,Furnished,18,7123417,19096
jahangirabad,4,4,3405,Unfurnished,30,15723230,38950
Shyamla Hills,2,3,936,Unfurnished,7,6929637,21406
Kolar hills,4,1,2776,Unfurnished,12,13842861,40071
sultaniya road,5,2,3408,Semi-Furnished,28,17711849,53713
jahangirabad,5,1,4599,Unfurnished,9,21175993,56826
Service road,2,4,826,Furnished,24,4807398,14864
chuna bhatti,5,1,3110,Semi-Furnished,17,14604692,39971
Shivaji Nagar,3,1,1672,Unfurnished,1,9950099,33252
Barkheda,3,3,1952,Unfurnished,4,8644668,23699
Vikas Nagar,2,1,894,Unfurnished,15,6133401,19691
Shyamla Hills,4,4,2794,Furnished,7,21051083,69315
Kamla Nagar,2,2,876,Unfurnished,4,4624924,14840
ibrahimpura,4,2,3235,Furnished,11,13833190,36410
Govindpura,4,4,2491,Semi-Furnished,14,13232594,39732
VIP road,4,3,2397,Semi-Furnished,23,15567952,49328
Gulmohar,1,1,497,Semi-Furnished,13,3083396,8728
kohefiza,5,4,3204,Semi-Furnished,26,14330418,37667
chuna bhatti,5,4,3250,Semi-Furnished,30,15175182,44195
Ayodhya nagar,1,2,697,Unfurnished,22,4324668,15939
Avadhpuri,5,4,4888,Furnished,9,21579466,63788
Indrapuri,5,4,4941,Unfurnished,0,19794163,51305
Misrod,5,2,4824,Semi-Furnished,6,20311035,53210
Tajul masjid,3,3,1212,Unfurnished,30,6621094,22982
Ashoka garden,2,1,1072,Semi-Furnished,2,5559953,15959
Service road,4,1,2766,Unfurnished,7,16062234,53264
Shivaji Nagar,2,3,1115,Unfurnished,28,6770468,22971
Ayodhya bypass,3,3,1676,Semi-Furnished,27,8976946,25525
Shyamla Hills,5,1,4197,Furnished,7,31511304,103522
chuna bhatti,2,1,802,Semi-Furnished,16,3839513,8493
Ashoka garden,5,3,3277,Unfurnished,11,17059075,51389
Sonagiri,5,2,3924,Unfurnished,14,18053644,48909
VIP road,5,1,3526,Semi-Furnished,3,22922729,74429
Prabhat petrol pump,3,4,1499,Unfurnished,6,7345942,21246
Karond,3,4,1649,Unfurnished,13,8030437,24768
Arera Colony,1,4,527,Semi-Furnished,1,4006587,11690
Gandhi nagar,5,3,4525,Unfurnished,26,27959990,104346
Roshanpura,4,3,3359,Furnished,3,16042913,47542
chuna bhatti,4,4,3213,Unfurnished,0,15068207,42942
Narela,5,3,3878,Furnished,8,16775252,43764
Anand nagar,1,1,664,Furnished,15,3944405,12530
char Imli,5,4,4214,Furnished,28,27818474,88635
Kolar hills,4,4,2902,Unfurnished,16,14546761,42725
Ayodhya nagar,2,3,1152,Unfurnished,30,7098458,27883
Vijay nagar,3,1,1486,Semi-Furnished,11,10772049,34394
Chuna Bhatti,2,1,980,Furnished,11,4579222,13973
Avadhpuri,5,3,4993,Semi-Furnished,20,22018646,66815
Bairagarh,2,3,836,Semi-Furnished,20,3846186,8501
Karond,5,4,4546,Semi-Furnished,4,22299958,64081
Kamla Nagar,3,3,1368,Unfurnished,9,7111534,23157
Lalghati,2,3,961,Furnished,7,4601490,12342
Shyamla Hills,5,3,3924,Unfurnished,11,29481657,99067
Ratnagiri,2,1,816,Semi-Furnished,27,3886958,11630
Bittan Market,1,2,753,Furnished,11,5183297,17951
chuna bhatti,3,4,1488,Furnished,23,6960946,20917
Sonagiri,2,2,804,Unfurnished,8,3612905,9123
Gandhi nagar,1,2,660,Furnished,14,4158265,16161
Misrod,1,1,520,Unfurnished,12,2141726,4261
Nizamuddin colony,3,2,1383,Furnished,8,9025093,27758
Piplani,3,2,1726,Furnished,25,12168410,37756
chuna bhatti,5,1,3084,Furnished,25,14421233,41591
Sonagiri,5,3,3393,Semi-Furnished,4,15701481,39008
Kamla Nagar,4,1,3269,Unfurnished,15,17048924,50320
Govindpura,5,1,3062,Furnished,18,16181757,48926
eidgah hills,4,4,3049,Furnished,25,18223208,62221
Sonagiri,4,2,2461,Furnished,12,11350002,28380
Hoshangabad Road,5,2,4965,Semi-Furnished,9,25320233,73592
Gandhi nagar,1,1,627,Unfurnished,30,3971025,14055
Vijay nagar,4,2,2784,Unfurnished,29,20077823,66505
Kolar Road,5,3,3911,Semi-Furnished,23,19599731,59363
Narela,1,1,701,Semi-Furnished,3,3104374,6188
chuna bhatti,5,1,3705,Furnished,23,17422495,48375
Barkheda,3,4,1884,Furnished,21,8224830,23980
VIP road,2,4,1122,Unfurnished,5,7374181,23065
chuna bhatti,4,2,2578,Semi-Furnished,1,12068271,32919
Hoshangabad Road,5,2,3570,Semi-Furnished,1,18115506,52149
Piplani,1,2,751,Semi-Furnished,4,5316169,17797
Barkheda,4,1,2295,Semi-Furnished,7,10092559,28438
chuna bhatti,3,4,1805,Unfurnished,28,8431777,23062
Minal,2,1,917,Semi-Furnished,16,4240212,12944
jahangirabad,4,1,2948,Semi-Furnished,16,13615128,36994
Indrapuri,4,3,3407,Unfurnished,26,13609097,35446
Sonagiri,5,1,3275,Unfurnished,17,14994798,38415
Lalghati,4,2,2247,Semi-Furnished,26,10693636,31173
Nizamuddin colony,5,1,3265,Unfurnished,24,21252044,68529
Vikas Nagar,2,4,910,Unfurnished,14,6272089,19494
Kamla Nagar,3,2,1462,Unfurnished,3,7602084,24502
Bairagarh,3,2,1786,Semi-Furnished,13,7964580,22453
Vijay nagar,1,4,405,Unfurnished,23,2884917,10871
Karond,4,1,3475,Unfurnished,3,17003427,50280
char Imli,5,2,4771,Semi-Furnished,11,31421704,101389
Ashoka garden,4,3,3422,Furnished,29,17767756,55098
Bawadiya Kalan,2,3,984,Unfurnished,28,4353998,13471
sultaniya road,5,2,4952,Furnished,24,25844056,78473
New market,3,1,1284,Furnished,20,9043523,27862
kohefiza,5,1,3426,Furnished,4,15362653,39572
Sonagiri,5,1,3559,Unfurnished,7,16312578,42243
Govindpura,1,4,522,Semi-Furnished,16,2681883,6463
Misrod,2,4,832,Semi-Furnished,0,3407308,7222
jahangirabad,4,2,3049,Unfurnished,8,14089532,36360
Service road,3,2,1825,Unfurnished,27,10584469,34173
Chuna Bhatti,3,3,1288,Furnished,29,6144819,18328
New market,1,3,614,Furnished,5,4231561,13002
VIP road,2,4,913,Furnished,27,5890284,19542
chuna bhatti,1,1,467,Unfurnished,7,2120990,4561
Arjun Nagar,4,3,2082,Unfurnished,6,12517937,40865
Shyamla Hills,5,2,4833,Semi-Furnished,1,36255470,121033
Govindpura,3,1,1788,Unfurnished,18,9429334,29919
Shivaji Nagar,3,4,1544,Semi-Furnished,24,9246336,28959
Anand nagar,5,2,4837,Semi-Furnished,20,27986897,91050
Tajul masjid,1,2,530,Semi-Furnished,24,2997735,8497
ibrahimpura,4,1,3095,Furnished,0,13253407,35146
VIP road,4,3,2156,Unfurnished,28,14055738,45596
Barkheda,3,1,1553,Unfurnished,17,6790486,19351
eidgah hills,3,2,1351,Semi-Furnished,8,8104955,28291
Kolar Road,5,2,3491,Semi-Furnished,30,17493594,53084
Piplani,3,2,1721,Semi-Furnished,8,11970527,35912
Kamla Nagar,4,2,2313,Unfurnished,7,12066137,38643
Piplani,5,4,3485,Unfurnished,30,24386489,78113
Prabhat petrol pump,4,2,3259,Furnished,21,15886094,46386
New market,1,4,618,Unfurnished,5,4267728,12199
chuna bhatti,2,4,1062,Unfurnished,12,4992523,12524
Bairagarh,5,1,3601,Furnished,3,16270467,45067
Avadhpuri,1,1,471,Furnished,25,2029301,6991
Arera Colony,3,1,1708,Unfurnished,16,12793332,41532
Sonagiri,4,3,2738,Semi-Furnished,1,12594469,30867
Arera Colony,4,4,2519,Unfurnished,25,18981331,61188
Misrod,5,2,4562,Semi-Furnished,22,19197800,50129
Vikas Nagar,2,2,1076,Furnished,12,7363621,24089
Narela,3,1,1410,Furnished,5,6125432,15924
ibrahimpura,3,3,1591,Semi-Furnished,24,6783776,16531
Ashoka garden,4,4,2741,Furnished,3,14247974,44560
eidgah hills,1,3,626,Furnished,29,3820808,12006
eidgah hills,3,4,1568,Furnished,6,9357668,29449
sultaniya road,2,2,911,Furnished,25,4810859,13303
Vikas Nagar,2,2,842,Unfurnished,30,5816877,17717
Misrod,4,3,2938,Unfurnished,1,12402172,33426
kohefiza,2,4,806,Semi-Furnished,9,3605331,9265
Piplani,2,1,1184,Furnished,6,8324079,27846
Nizamuddin colony,1,4,619,Unfurnished,9,4118399,11785
Shanti Nagar,1,3,420,Furnished,13,2513333,9703
Gandhi nagar,2,2,1057,Unfurnished,13,6651467,23954
Habibganj,1,1,545,Semi-Furnished,0,3036085,8108
Gulmohar,2,3,980,Unfurnished,14,6350495,18832
Shivaji Nagar,1,1,679,Furnished,30,4000439,15039
Govindpura,1,3,530,Unfurnished,13,2741740,10338
Bairagarh,2,3,1064,Unfurnished,29,4830232,12889
Ayodhya nagar,2,2,1098,Semi-Furnished,20,6802766,24100
Saket nagar,3,2,1480,Unfurnished,12,10099075,33198
Habibganj,2,2,814,Furnished,15,4424265,15917
Kamla Nagar,4,3,2090,Semi-Furnished,13,10890146,34290
Barkheda,3,4,1841,Semi-Furnished,24,8052875,22006
Vijay nagar,3,1,1464,Unfurnished,28,10624225,35908
Shyamla Hills,2,3,1131,Unfurnished,19,8490992,29379
Bittan Market,5,4,3885,Furnished,22,27244235,86792
Kolar hills,1,2,626,Furnished,25,3212436,10988
jahangirabad,4,1,2459,Furnished,6,11267508,29648
Saket nagar,5,1,3160,Unfurnished,7,21555726,71431
MP Nagar,4,3,3309,Semi-Furnished,28,26461792,84525
Ayodhya bypass,3,3,1241,Furnished,0,6620416,18821
Narela,5,3,3969,Semi-Furnished,28,17059076,42247
Nizamuddin colony,2,1,1190,Furnished,17,7658951,26389
Ayodhya bypass,2,4,1168,Furnished,0,6106903,17224
Roshanpura,3,2,1589,Semi-Furnished,22,7670844,23148
Service road,2,4,899,Semi-Furnished,19,5254249,18781
Vijay nagar,2,1,895,Semi-Furnished,24,6503358,21280
Chuna Bhatti,5,1,3312,Furnished,14,15556364,44790
Gulmohar,5,4,4083,Furnished,5,26228520,84543
Gandhi nagar,5,3,4316,Furnished,8,26784706,100870
Narela,4,4,2945,Semi-Furnished,11,12564559,32253
kohefiza,4,2,2271,Unfurnished,15,10173192,28686
New market,1,4,524,Unfurnished,17,3715613,13412
Ratnagiri,5,4,4137,Furnished,20,19457965,53557
Ayodhya bypass,2,3,1191,Unfurnished,1,6252713,19102
sultaniya road,1,4,798,Unfurnished,11,4066746,11108
Bittan Market,2,1,1110,Unfurnished,24,7700459,23416
jahangirabad,3,4,1344,Furnished,7,6115543,15988
Kolar Road,5,4,3861,Semi-Furnished,14,19377704,56482
Gandhi nagar,5,3,4881,Furnished,12,30278711,111383
Habibganj,5,2,3238,Unfurnished,1,17866524,56957
Gulmohar,2,1,1077,Unfurnished,0,6858478,21633
Govindpura,4,4,2693,Furnished,16,14246317,43722
chuna bhatti,4,1,3421,Furnished,2,16072591,45971
jahangirabad,1,2,495,Unfurnished,23,2211845,7130
Avadhpuri,1,4,497,Furnished,7,2266794,8012
sultaniya road,1,4,657,Unfurnished,6,3352690,12391
Kolar hills,5,1,3873,Furnished,7,19446549,56179
ibrahimpura,1,4,490,Semi-Furnished,3,2057868,4372
jahangirabad,4,1,2921,Furnished,16,13477250,36627
Kamla Nagar,2,2,805,Furnished,17,4211498,13943
Saket nagar,1,3,773,Furnished,15,5214429,16231
Service road,4,1,3474,Unfurnished,23,20232238,65743
Ratnagiri,5,3,4288,Unfurnished,12,20161324,56497
Minal,2,1,1198,Furnished,23,5580195,14626
Vikas Nagar,4,3,2879,Furnished,11,19621222,67784
Habibganj,3,1,1765,Furnished,3,9677786,30368
Indrapuri,1,3,797,Semi-Furnished,20,3120844,8554
Bawadiya Kalan,2,2,851,Furnished,12,3805464,9871
Saket nagar,1,1,421,Furnished,26,2900325,9156
Indrapuri,5,2,3094,Furnished,27,12397428,31245
Prabhat petrol pump,1,1,687,Semi-Furnished,7,3345872,8934
Tajul masjid,4,2,2089,Unfurnished,2,11497315,37879
Sonagiri,2,2,831,Furnished,24,3838671,11460
Shyamla Hills,1,2,710,Semi-Furnished,24,5260592,18457
Roshanpura,3,4,1804,Unfurnished,29,8595281,24817
Tajul masjid,5,1,4394,Furnished,0,24136726,78895
Vijay nagar,1,3,783,Unfurnished,27,5641709,18074
Govindpura,5,3,4666,Semi-Furnished,8,24794700,75711
Service road,5,3,3295,Unfurnished,14,19135554,63816
chuna bhatti,2,1,1103,Furnished,25,5170856,15047
Misrod,1,4,411,Furnished,9,1714161,5267
Vijay nagar,4,3,2359,Semi-Furnished,11,17061991,56622
Ashoka garden,1,3,603,Furnished,10,3050184,10362
Barkheda,1,4,727,Furnished,19,3205902,8281
char Imli,5,4,3332,Semi-Furnished,24,21999019,70525
Gandhi nagar,5,2,3692,Unfurnished,29,22885787,84044
chuna bhatti,3,2,1433,Furnished,12,6733916,18217
char Imli,2,1,879,Unfurnished,22,5743171,17836
Minal,3,2,1981,Unfurnished,8,9398502,27288
char Imli,5,1,3628,Furnished,28,23954000,77846
Gandhi nagar,5,4,3802,Furnished,25,23480207,88913
Misrod,1,3,467,Furnished,17,1887082,6575
Chuna Bhatti,3,4,1950,Semi-Furnished,11,9092785,23879
Gandhi nagar,5,2,3096,Unfurnished,13,19162877,69720
Saket nagar,1,4,742,Furnished,18,4982831,18162
Gandhi nagar,2,1,1041,Furnished,27,6444703,23139
Indrapuri,3,4,1716,Unfurnished,24,6882896,15704
Roshanpura,2,4,819,Unfurnished,10,3939798,12572
Shivaji Nagar,2,2,1186,Semi-Furnished,2,7190682,23815
Vijay nagar,4,3,2755,Unfurnished,19,19760405,65283
Gulmohar,4,2,3003,Unfurnished,27,19231252,64616
Bawadiya Kalan,4,1,2251,Furnished,3,10148845,27616
Prabhat petrol pump,4,2,3043,Semi-Furnished,0,14935216,40819
Service road,1,3,576,Unfurnished,18,3366829,9486
Minal,2,1,1187,Semi-Furnished,28,5511933,13583
Service road,2,2,893,Semi-Furnished,1,5153145,18193
Arera Colony,5,4,3685,Furnished,25,27564132,89662
New market,4,2,2765,Semi-Furnished,7,19423475,61693
kohefiza,4,2,2242,Unfurnished,25,9991759,25754
Service road,1,2,564,Furnished,23,3214342,8827
Bawadiya Kalan,2,2,956,Semi-Furnished,5,4278812,10078
Kolar Road,4,2,2065,Furnished,3,10399885,30132
Anand nagar,5,3,3494,Furnished,8,20166816,68154
Nizamuddin colony,1,3,745,Unfurnished,1,4834107,14299
VIP road,3,4,1245,Unfurnished,20,8180782,27986
Arera Colony,4,1,2304,Unfurnished,15,17193958,54881
sultaniya road,3,4,1230,Furnished,14,6381110,21266
MP Nagar,5,4,3072,Semi-Furnished,5,24575053,77082
New market,1,2,797,Furnished,4,5608790,17245
Indrapuri,3,3,1821,Furnished,3,7371526,16519
Barkheda,4,4,2714,Unfurnished,25,11923712,36938
Misrod,3,3,1908,Unfurnished,9,8043361,22526
Habibganj,5,2,4678,Unfurnished,2,25723762,84205
Shivaji Nagar,3,3,1871,Furnished,18,11250168,39118
Tajul masjid,3,1,1675,Semi-Furnished,13,9178919,30844
char Imli,5,1,4714,Furnished,19,31094335,97685
Misrod,2,1,1153,Furnished,7,4873804,10732
New market,5,1,4047,Semi-Furnished,1,28250944,89346
chuna bhatti,1,1,438,Furnished,13,2012758,6880
Ratnagiri,3,3,1603,Furnished,12,7436494,22063
Piplani,1,2,618,Furnished,9,4414913,12279
Shivaji Nagar,2,3,1079,Unfurnished,12,6447216,23478
Ayodhya bypass,5,4,4271,Furnished,24,22584691,70106
Kolar hills,1,4,657,Semi-Furnished,10,3382517,11051
char Imli,1,3,424,Semi-Furnished,12,2738592,7150
Vikas Nagar,4,2,2440,Unfurnished,23,16606059,55047
Minal,2,2,1194,Furnished,14,5529460,16677
Saket nagar,2,4,1118,Unfurnished,15,7646974,25017
Ashoka garden,1,4,787,Furnished,24,4158990,12577
Govindpura,3,2,1878,Furnished,9,10029110,31429
Shivaji Nagar,4,2,2139,Semi-Furnished,6,12758711,43848
chuna bhatti,1,4,498,Semi-Furnished,18,2266939,5439
Piplani,3,4,1740,Semi-Furnished,7,12133475,36350
Kamla Nagar,1,1,720,Unfurnished,23,3649904,9622
Gandhi nagar,5,4,4394,Semi-Furnished,11,27163425,101766
Ayodhya bypass,4,4,3086,Semi-Furnished,16,16353820,51062
Arera Colony,2,3,1065,Unfurnished,3,8011062,25330
Arjun Nagar,4,3,2095,Unfurnished,4,12523002,42972
Nizamuddin colony,2,4,854,Semi-Furnished,11,5629531,16161
Sonagiri,1,4,538,Semi-Furnished,22,2473902,6261
Saket nagar,1,2,695,Semi-Furnished,12,4794758,16260
Shyamla Hills,1,3,792,Semi-Furnished,28,5914182,20461
Arjun Nagar,2,2,857,Furnished,13,5103214,15307
Ratnagiri,4,2,2572,Semi-Furnished,17,12112274,32001
Minal,1,4,460,Semi-Furnished,29,2091678,6193
Arjun Nagar,5,1,4738,Furnished,9,28400926,94768
Nizamuddin colony,4,2,2064,Semi-Furnished,7,13332741,43083
Saket nagar,1,2,573,Furnished,26,3817780,11753
Bittan Market,4,3,2647,Unfurnished,19,18484939,58212
Minal,4,1,2334,Furnished,1,10919693,31756
Ashoka garden,5,2,3085,Semi-Furnished,9,16056574,49259
MP Nagar,2,4,1041,Unfurnished,11,8417961,26829
Arera Colony,3,3,1323,Furnished,8,9890581,31859
Habibganj,1,2,597,Unfurnished,11,3208792,11440
Prabhat petrol pump,3,1,1800,Furnished,4,8785104,26588
Gulmohar,3,1,1915,Unfurnished,7,12157558,40352
kohefiza,1,2,798,Unfurnished,10,3688163,11558
Bawadiya Kalan,4,3,3403,Unfurnished,20,15253652,39975
Service road,3,1,1489,Furnished,19,8665387,26478
Ayodhya bypass,2,1,900,Furnished,21,4686096,15117
Bawadiya Kalan,4,2,3311,Furnished,23,14928797,39099
Shyamla Hills,3,2,1634,Unfurnished,14,12197112,42013
Chuna Bhatti,4,1,2759,Furnished,15,13066488,34135
Gandhi nagar,4,4,2854,Unfurnished,3,17631885,65874
Roshanpura,4,3,3081,Unfurnished,7,14888768,44406
Misrod,4,3,2781,Unfurnished,9,11728758,32167
Gandhi nagar,3,2,1364,Unfurnished,22,8537206,29986
Saket nagar,1,4,545,Unfurnished,26,3654733,11449
ibrahimpura,2,4,1054,Furnished,26,4606260,11363
Bairagarh,4,3,2917,Furnished,2,13088225,34257
Shanti Nagar,1,3,401,Unfurnished,25,2429335,5889
New market,5,2,4586,Unfurnished,9,32117284,101307
Sonagiri,4,3,2263,Semi-Furnished,5,10328492,26275
VIP road,1,2,625,Unfurnished,20,4090270,14164
chuna bhatti,2,4,1151,Furnished,9,5509697,14780
Habibganj,5,4,4090,Semi-Furnished,20,22534844,72522
Saket nagar,2,2,1020,Furnished,28,7027255,24943
Anand nagar,3,1,1252,Unfurnished,8,7348739,22932
jahangirabad,2,1,1003,Semi-Furnished,22,4522856,13816
New market,5,3,3545,Furnished,23,24846123,78129
New market,3,3,1823,Furnished,15,12777278,39926
Bittan Market,3,3,1882,Unfurnished,11,13248237,43332
Gandhi nagar,2,2,938,Semi-Furnished,0,5886114,22357
Vijay nagar,1,3,721,Furnished,11,5262251,16657
Ashoka garden,4,2,3131,Furnished,6,16187052,51530
Gandhi nagar,2,1,815,Unfurnished,18,5021111,19482
jahangirabad,1,3,590,Furnished,21,2764803,5456
Avadhpuri,4,2,2127,Furnished,6,9276495,28328
Arjun Nagar,4,4,2297,Semi-Furnished,16,13733355,44228
Kolar Road,5,1,4464,Semi-Furnished,23,22272242,65778
Saket nagar,4,3,3201,Semi-Furnished,22,21834001,72576
Piplani,5,1,3063,Semi-Furnished,14,21353974,68833
Arera Colony,3,1,1948,Unfurnished,4,14707111,45995
Shyamla Hills,3,1,1859,Furnished,10,13951965,47098
Ayodhya nagar,3,3,1952,Unfurnished,27,12164309,44424
Shyamla Hills,2,2,949,Furnished,22,7179984,24727
Nizamuddin colony,1,1,710,Semi-Furnished,23,4612173,15418
New market,2,3,902,Semi-Furnished,2,6225092,18521
Prabhat petrol pump,1,3,783,Furnished,19,3829319,11754
Avadhpuri,4,2,2424,Semi-Furnished,0,10607003,31040
Indrapuri,4,4,2657,Furnished,10,10719418,27687
Anand nagar,3,3,1932,Semi-Furnished,10,11187617,36481
Prabhat petrol pump,2,3,979,Unfurnished,23,4860020,14993
Avadhpuri,4,4,2286,Furnished,7,10043149,28350
Kolar Road,2,2,944,Furnished,2,4739901,12976
Misrod,3,3,1713,Semi-Furnished,18,7217700,17193
Sonagiri,3,4,1900,Furnished,26,8736356,22719
eidgah hills,3,4,1322,Furnished,0,7893994,27540
Prabhat petrol pump,5,1,4314,Semi-Furnished,30,21203162,62335
Vikas Nagar,1,3,633,Unfurnished,11,4393122,13344
Ayodhya nagar,3,4,1571,Unfurnished,16,9706746,35136
New market,4,2,2238,Furnished,5,15745660,49400
Lalghati,1,3,527,Semi-Furnished,5,2522995,9290
Vijay nagar,4,2,2643,Furnished,10,19007145,65181
Hoshangabad Road,5,2,4821,Unfurnished,25,24670032,70939
Service road,3,2,1681,Unfurnished,24,9690623,33021
Arera Colony,1,2,619,Unfurnished,17,4710219,15701
Saket nagar,5,3,3005,Semi-Furnished,7,20353329,67584
jahangirabad,1,4,676,Semi-Furnished,16,3161297,7278
Avadhpuri,4,2,3492,Furnished,5,15390070,46177
Indrapuri,3,4,1401,Furnished,24,5693457,13225
Habibganj,3,4,1959,Unfurnished,10,10727431,33819
Barkheda,5,2,4745,Semi-Furnished,30,20864306,61264
Kolar hills,5,2,3763,Semi-Furnished,2,18865358,55768
Gulmohar,1,1,727,Semi-Furnished,16,4553015,15839
Minal,4,1,3014,Unfurnished,10,14171623,37571
kohefiza,1,4,685,Unfurnished,11,3100532,6953
jahangirabad,3,1,1256,Semi-Furnished,3,5721333,13131
Arera Colony,2,3,967,Semi-Furnished,9,7256934,22393
Bittan Market,3,2,1222,Semi-Furnished,24,8516477,28667
Ashoka garden,4,2,2755,Furnished,8,14267231,42823
Bawadiya Kalan,4,4,2761,Semi-Furnished,12,12410408,31416
Indrapuri,4,4,2205,Semi-Furnished,24,8830921,23500
Karond,3,1,1520,Semi-Furnished,25,7395131,22981
Karond,3,2,1807,Furnished,1,8804634,23634
Anand nagar,1,1,466,Furnished,7,2793699,9391
Piplani,4,1,3431,Semi-Furnished,23,24078315,73880
Piplani,3,4,1733,Furnished,17,12081749,37820
Vikas Nagar,4,3,2839,Furnished,25,19376647,65295
eidgah hills,5,4,4254,Furnished,30,25534712,87073
Arera Colony,1,2,648,Semi-Furnished,13,4772368,16725
Bairagarh,2,3,1059,Semi-Furnished,17,4685597,13001
Shanti Nagar,3,4,1464,Semi-Furnished,19,8546126,26305
char Imli,4,4,3115,Semi-Furnished,2,20498732,66671
Habibganj,3,4,1742,Unfurnished,16,9602936,31916
Vijay nagar,5,3,4937,Unfurnished,20,35613635,119495
Barkheda,2,1,965,Semi-Furnished,23,4240552,12439
MP Nagar,3,3,1820,Unfurnished,27,14483970,44986
Arjun Nagar,5,3,3659,Unfurnished,0,21862108,73914
Nizamuddin colony,3,2,1580,Furnished,19,10272402,33269
Shanti Nagar,3,3,1758,Unfurnished,25,10294726,34193
jahangirabad,2,4,987,Furnished,14,4485240,12554
Hoshangabad Road,3,3,1494,Furnished,28,7584708,22205
Barkheda,5,2,3601,Furnished,7,15901338,48167
Anand nagar,2,1,1074,Unfurnished,15,6228260,19700
Gandhi nagar,5,3,3928,Unfurnished,12,24267044,89294
Misrod,4,4,2065,Unfurnished,6,8664652,22658
Shyamla Hills,4,1,3088,Furnished,3,23228888,75411
Govindpura,4,3,3372,Furnished,17,17840511,53686
Piplani,3,3,1392,Semi-Furnished,3,9766097,28988
Minal,2,1,804,Semi-Furnished,15,3712356,8640
Ayodhya bypass,4,3,3472,Furnished,29,18309225,56668
Bawadiya Kalan,4,1,3452,Unfurnished,18,15470409,42381
Tajul masjid,3,4,1684,Semi-Furnished,7,9354993,28601
Shyamla Hills,2,1,835,Furnished,5,6317279,19018
Govindpura,4,1,2333,Unfurnished,10,12334816,37104
Bawadiya Kalan,2,2,928,Semi-Furnished,8,4234099,9438
Vijay nagar,5,2,4181,Semi-Furnished,8,30171076,99938
Minal,2,3,1115,Furnished,1,5150971,13476
Vikas Nagar,1,1,522,Unfurnished,4,3475930,12830
Shanti Nagar,5,4,4432,Furnished,1,26232025,86160
eidgah hills,4,2,3036,Furnished,10,18154055,62394
Govindpura,5,2,3850,Furnished,19,20367338,60428
Ayodhya bypass,3,2,1720,Unfurnished,18,9033308,28920
Karond,1,2,671,Unfurnished,0,3243919,10983
Lalghati,4,4,2540,Unfurnished,21,12290746,37264
ibrahimpura,4,3,2046,Unfurnished,14,8711284,24466
Barkheda,1,2,404,Semi-Furnished,28,1763167,4094
Kamla Nagar,3,2,1455,Semi-Furnished,29,7515891,23158
chuna bhatti,1,1,764,Furnished,8,3514535,9600
Arera Colony,1,2,783,Unfurnished,28,5785944,18749
ibrahimpura,5,1,4852,Unfurnished,6,20836044,52715
Hoshangabad Road,1,3,751,Furnished,12,3733282,11280
New market,5,1,4618,Furnished,29,32261924,102005
Tajul masjid,5,3,3021,Unfurnished,8,16560719,55245
Prabhat petrol pump,2,2,1086,Furnished,3,5275362,16286
Arjun Nagar,5,2,4932,Furnished,9,29673512,96829
Bawadiya Kalan,1,4,558,Furnished,13,2485221,5731
Indrapuri,2,2,1089,Unfurnished,17,4337348,11633
Saket nagar,4,3,2512,Furnished,14,16996797,58251
Bairagarh,2,2,978,Unfurnished,10,4448590,10289
Bawadiya Kalan,5,3,3613,Unfurnished,6,16181106,43055
New market,1,4,688,Unfurnished,30,4913919,13786
Anand nagar,4,4,2054,Unfurnished,15,11919721,37220
ibrahimpura,5,1,4455,Semi-Furnished,6,19221182,48676
Govindpura,4,3,3076,Furnished,24,16259836,49132
VIP road,5,4,4443,Unfurnished,0,28907417,94565
Prabhat petrol pump,3,2,1644,Unfurnished,7,8012140,21508
Tajul masjid,2,4,892,Unfurnished,5,4960423,14982
Kolar Road,4,4,3160,Semi-Furnished,0,15875819,49023
Hoshangabad Road,2,3,1128,Unfurnished,14,5666980,15113
Vijay nagar,1,1,510,Furnished,8,3629313,10380
Gandhi nagar,3,2,1621,Furnished,28,10110675,37206
Prabhat petrol pump,2,3,1157,Unfurnished,4,5580377,16019
Ratnagiri,3,1,1304,Semi-Furnished,6,6034345,18740
Sonagiri,1,1,530,Unfurnished,11,2506318,5299
Kolar Road,3,1,1890,Furnished,13,9512377,28761
VIP road,5,1,4244,Semi-Furnished,5,27670564,88775
jahangirabad,2,2,1178,Unfurnished,7,5515514,14371
chuna bhatti,5,4,4110,Furnished,16,19303499,54324
Service road,2,1,860,Unfurnished,21,4991155,17680
Hoshangabad Road,5,3,3350,Furnished,15,17025310,48405
Ayodhya nagar,5,1,4637,Furnished,29,28655255,105108
Roshanpura,1,1,456,Unfurnished,1,2168551,5340
Misrod,1,1,530,Semi-Furnished,26,2282041,4529
Kolar Road,1,4,472,Unfurnished,19,2374785,8320
Ayodhya bypass,3,1,1832,Semi-Furnished,6,9702240,27520
Misrod,5,2,4264,Unfurnished,5,17863309,47167
Saket nagar,2,1,1028,Unfurnished,13,7008346,24579
chuna bhatti,1,3,457,Furnished,11,2098748,5419
Service road,5,1,3629,Unfurnished,13,20993894,69580
ibrahimpura,2,4,873,Semi-Furnished,7,3836064,9028
Ayodhya nagar,1,4,586,Unfurnished,16,3688874,12714
eidgah hills,4,4,3152,Furnished,27,18899343,62125
MP Nagar,1,2,585,Furnished,27,4637616,16515
Prabhat petrol pump,2,1,1048,Unfurnished,19,5089022,13687
Narela,1,4,567,Furnished,25,2361165,6693
Kamla Nagar,2,1,1002,Semi-Furnished,25,5130853,14687
ibrahimpura,5,1,4882,Unfurnished,9,21010313,55041
New market,5,1,4127,Furnished,4,28849524,90144
Hoshangabad Road,4,1,2882,Unfurnished,12,14780939,42154
jahangirabad,1,3,753,Unfurnished,15,3378595,9038
New market,1,4,520,Semi-Furnished,17,3582911,12874
Kamla Nagar,4,3,2849,Unfurnished,2,14736816,44671
Avadhpuri,2,3,1060,Semi-Furnished,12,4605267,12245
Anand nagar,5,2,3591,Unfurnished,20,20927184,68893
Karond,4,1,2192,Unfurnished,13,10815552,30725
Govindpura,3,3,1437,Unfurnished,9,7713329,22635
Ayodhya nagar,3,4,1215,Unfurnished,29,7610356,29239
Service road,3,2,1657,Unfurnished,10,9626390,33438
ibrahimpura,2,3,914,Furnished,5,3947115,10992
Arera Colony,5,2,3041,Semi-Furnished,15,22794958,74658
Sonagiri,4,3,3220,Unfurnished,16,14833726,39170
New market,4,1,2641,Unfurnished,10,18421364,57368
Prabhat petrol pump,4,2,2548,Unfurnished,25,12522368,37434
Barkheda,3,4,1389,Semi-Furnished,3,6178902,16400
Habibganj,1,3,575,Furnished,18,3251498,8980
New market,4,2,2470,Furnished,14,17347797,54206
Kolar Road,4,3,2743,Unfurnished,1,13761612,42858
jahangirabad,1,2,646,Unfurnished,23,3070754,6492
Bittan Market,4,1,3134,Unfurnished,12,21867742,70296
Habibganj,2,4,1134,Unfurnished,8,6288093,21711
char Imli,5,1,3423,Unfurnished,14,22566012,70586
Ashoka garden,3,4,1264,Furnished,1,6577283,19192
Barkheda,5,2,3120,Semi-Furnished,11,13656561,40380
Vijay nagar,2,4,1033,Semi-Furnished,13,7529783,24750
Narela,4,1,2932,Furnished,15,12600400,32838
Karond,3,3,1787,Semi-Furnished,13,8729846,23877
Lalghati,3,3,1577,Semi-Furnished,8,7647521,20565
Indrapuri,2,2,864,Semi-Furnished,18,3526651,6980
Lalghati,4,3,2594,Semi-Furnished,9,12521045,35736
Saket nagar,4,3,3275,Semi-Furnished,5,22353273,74140
Avadhpuri,4,4,2917,Unfurnished,18,12879368,37598
Misrod,2,4,1171,Unfurnished,28,4994354,11175
Indrapuri,4,3,3159,Unfurnished,5,12641479,33364
Sonagiri,4,1,2378,Unfurnished,5,10905693,26607
Kamla Nagar,1,4,684,Unfurnished,12,3483599,12505
Roshanpura,5,3,3417,Unfurnished,12,16337726,48168
Roshanpura,1,2,400,Furnished,29,1883564,5465
VIP road,3,1,1851,Semi-Furnished,8,12090102,38823
Arjun Nagar,4,2,2646,Unfurnished,8,15786534,52381
Avadhpuri,2,3,943,Unfurnished,29,4057289,10283
Hoshangabad Road,2,3,939,Unfurnished,18,4723279,15115
Shyamla Hills,3,4,1204,Furnished,28,9000406,31810
Shivaji Nagar,1,1,544,Unfurnished,2,3178014,9302
Vikas Nagar,3,3,1988,Unfurnished,24,13589655,43895
Ashoka garden,4,2,3048,Unfurnished,12,15783372,50669
Piplani,3,2,1969,Unfurnished,21,13798620,43922
Misrod,3,4,1419,Furnished,3,6059131,16356
Misrod,3,2,1676,Semi-Furnished,29,6965255,17234
ibrahimpura,4,2,2769,Semi-Furnished,3,11926470,29102
Service road,4,3,3449,Unfurnished,30,20006609,66114
Minal,4,2,2072,Semi-Furnished,10,9676553,28297
MP Nagar,5,3,4294,Furnished,16,34391244,105398
Kolar Road,3,1,1605,Semi-Furnished,13,8006690,23987
Sonagiri,4,1,2555,Furnished,10,11660470,29878
Shyamla Hills,5,2,4485,Unfurnished,8,33568083,110283
Bawadiya Kalan,5,3,3804,Unfurnished,9,17075106,43974
Misrod,1,4,445,Furnished,22,1913969,6028
Ashoka garden,4,2,2758,Unfurnished,7,14407450,42414
Shyamla Hills,4,3,2123,Semi-Furnished,12,15906673,53066
Sonagiri,3,1,1640,Unfurnished,22,7624073,20331
Bawadiya Kalan,3,1,1592,Furnished,13,7230096,18643
Ayodhya nagar,4,2,2255,Unfurnished,6,13942382,50919
sultaniya road,1,2,619,Furnished,2,3184705,11832
Prabhat petrol pump,5,4,4753,Furnished,11,23218031,66464
eidgah hills,2,2,1020,Furnished,9,6082261,20930
Indrapuri,5,4,3804,Furnished,9,15148209,39840
Govindpura,1,3,713,Unfurnished,17,3849700,13372
char Imli,3,1,1356,Furnished,8,9030161,29721
Service road,3,3,1789,Semi-Furnished,28,10381916,35284
Misrod,2,3,849,Furnished,19,3588584,10051
Kolar Road,4,4,3186,Furnished,2,15858779,48155
Lalghati,2,3,811,Semi-Furnished,9,3846730,9944
Barkheda,2,3,992,Unfurnished,6,4433133,14444
Shyamla Hills,4,1,2287,Furnished,5,17195391,56281
Ayodhya nagar,1,4,657,Unfurnished,10,4035073,15888
Kolar hills,5,1,3918,Furnished,2,19655467,56906
Ashoka garden,3,3,1411,Unfurnished,26,7336877,23170
Roshanpura,5,3,4874,Semi-Furnished,0,23450122,66784
char Imli,1,1,518,Unfurnished,9,3349577,9990
Gulmohar,4,2,3217,Semi-Furnished,30,20614276,67014
Anand nagar,4,3,3364,Semi-Furnished,17,19501861,63206
Kamla Nagar,3,4,1339,Furnished,25,6972646,19916
Service road,5,3,4643,Semi-Furnished,11,26920258,89669
Minal,4,3,3497,Furnished,30,16414744,45810
Barkheda,3,1,1612,Unfurnished,12,7188399,22255
Indrapuri,5,2,3232,Semi-Furnished,2,12963078,32889
Govindpura,5,2,4503,Furnished,30,23855047,72666
chuna bhatti,5,3,3098,Furnished,4,14495187,38594
Anand nagar,3,3,1315,Unfurnished,12,7603154,24277
Shyamla Hills,5,3,3178,Furnished,13,23927455,80958
Ayodhya nagar,1,3,717,Semi-Furnished,19,4391684,15188
kohefiza,5,1,4757,Unfurnished,24,21334193,56909
Misrod,5,4,3472,Unfurnished,17,14588772,38631
jahangirabad,2,3,1087,Semi-Furnished,15,4984506,11047
Karond,4,1,3429,Unfurnished,4,16823419,46399
New market,5,1,4027,Furnished,12,28228021,89432
Avadhpuri,3,3,1704,Unfurnished,8,7478920,22983
Kolar hills,1,3,477,Unfurnished,6,2381506,6787
Nizamuddin colony,2,1,841,Furnished,26,5501909,16538
char Imli,5,3,4233,Furnished,1,27952814,87507
jahangirabad,2,1,897,Unfurnished,30,4090921,11553
Kolar hills,2,3,874,Unfurnished,9,4368455,11506
VIP road,4,2,2925,Unfurnished,13,19089389,62957
eidgah hills,4,1,2152,Unfurnished,26,12906550,42125
Indrapuri,4,3,2074,Semi-Furnished,1,8348832,19518
Avadhpuri,1,3,568,Unfurnished,17,2512928,7925
kohefiza,3,1,1277,Furnished,22,5839350,15757
Shivaji Nagar,3,3,1811,Semi-Furnished,27,10766335,37039
eidgah hills,5,1,4587,Unfurnished,15,27528947,91314
Hoshangabad Road,4,1,2949,Unfurnished,5,15131822,45159
sultaniya road,2,3,802,Furnished,17,4265461,13676
Saket nagar,1,4,706,Furnished,27,4731005,15152
Gandhi nagar,3,4,1811,Semi-Furnished,9,11181443,43432
Arjun Nagar,1,2,720,Semi-Furnished,3,4360031,14369
Nizamuddin colony,2,2,1043,Semi-Furnished,7,6696191,20676
Vijay nagar,1,3,534,Furnished,5,3766445,14651
chuna bhatti,5,2,4567,Unfurnished,8,21367143,59782
Minal,3,4,1572,Semi-Furnished,24,7352325,20111
Hoshangabad Road,4,4,3196,Unfurnished,29,16382902,49385
jahangirabad,1,1,451,Furnished,4,2162168,4052
Prabhat petrol pump,3,4,1632,Furnished,28,7974278,21149
Saket nagar,2,2,1079,Semi-Furnished,17,7238300,23502
Sonagiri,1,2,603,Furnished,15,2690204,8364
kohefiza,1,2,551,Semi-Furnished,4,2415315,8097
Saket nagar,1,1,422,Semi-Furnished,20,2786394,11534
Hoshangabad Road,5,1,3840,Semi-Furnished,5,19533372,56738
Lalghati,2,4,1043,Furnished,11,5021452,12990
Narela,5,4,4324,Unfurnished,22,18639604,48888
Roshanpura,2,2,1161,Unfurnished,30,5606324,16008
Bittan Market,2,2,1135,Furnished,30,8003162,26771
Arjun Nagar,4,3,2763,Furnished,25,16613968,53425
Minal,3,4,1922,Semi-Furnished,5,9101014,24125
Bairagarh,3,3,1749,Unfurnished,8,7799623,22899
Avadhpuri,2,2,826,Unfurnished,26,3631429,10969
Narela,4,1,2507,Unfurnished,27,10700270,27578
Piplani,2,2,932,Unfurnished,5,6526267,20490
Arjun Nagar,2,4,865,Semi-Furnished,14,5169570,16130
Piplani,4,4,2826,Unfurnished,23,19809496,63566
Bittan Market,2,1,842,Semi-Furnished,2,5875847,17232
ibrahimpura,5,2,3884,Semi-Furnished,26,16765626,42830
Bairagarh,5,4,3611,Semi-Furnished,28,16214250,44537
Service road,1,1,777,Unfurnished,22,4552486,14062
ibrahimpura,5,1,3901,Furnished,26,16678288,43384
Bawadiya Kalan,2,3,817,Semi-Furnished,14,3683441,9574
Kolar hills,3,3,1813,Furnished,23,9160950,25583
Lalghati,3,3,1808,Furnished,27,8678255,24559
VIP road,1,4,640,Furnished,19,4112222,12758
Misrod,3,2,1868,Unfurnished,9,7851491,21113
jahangirabad,4,3,2046,Semi-Furnished,20,9383213,23004
Ayodhya nagar,1,3,518,Semi-Furnished,7,3297610,12318
Anand nagar,5,1,3926,Furnished,4,22747054,73870
Indrapuri,4,3,2072,Furnished,23,8214746,21119
jahangirabad,4,2,3256,Unfurnished,25,14983015,38597
kohefiza,5,1,3958,Semi-Furnished,11,17849101,47141
Anand nagar,3,2,1360,Furnished,10,7915917,27167
Habibganj,1,1,730,Furnished,7,3961018,12942
Shyamla Hills,3,1,1278,Unfurnished,3,9495788,32164
Vikas Nagar,3,3,1520,Furnished,13,10388334,33757
Misrod,1,1,600,Semi-Furnished,10,2563564,4859
Prabhat petrol pump,1,3,642,Semi-Furnished,16,3125568,8261
Lalghati,4,2,2436,Semi-Furnished,6,11698473,34355
VIP road,1,3,547,Furnished,28,3498691,10931
Vikas Nagar,2,2,1000,Semi-Furnished,7,6834121,24683
VIP road,2,4,1037,Furnished,18,6654708,21331
Gandhi nagar,4,1,2810,Furnished,16,17516173,63675
Arera Colony,3,3,1279,Unfurnished,1,9514224,29755
Chuna Bhatti,5,2,4602,Semi-Furnished,10,21669451,58689
Lalghati,4,2,2504,Unfurnished,15,12088335,34230
Bittan Market,4,1,2125,Semi-Furnished,4,14888698,47024
Barkheda,5,1,4946,Unfurnished,3,21731846,64344
Service road,3,1,1904,Furnished,27,10946442,34922
jahangirabad,5,4,4517,Unfurnished,5,20731492,52680
Ayodhya bypass,4,1,2355,Furnished,19,12533602,37854
Govindpura,2,3,1079,Unfurnished,13,5722182,16423
Chuna Bhatti,3,2,1810,Semi-Furnished,2,8432686,25021
Bawadiya Kalan,1,1,446,Unfurnished,26,1972794,6323
ibrahimpura,2,4,1006,Semi-Furnished,13,4326589,10863
Vijay nagar,1,4,675,Furnished,4,4803697,15336
Habibganj,4,3,2218,Unfurnished,7,12209114,39384
Hoshangabad Road,3,4,1313,Semi-Furnished,9,6627475,17732
Saket nagar,4,1,3154,Semi-Furnished,11,21515708,71746
Tajul masjid,2,2,812,Semi-Furnished,24,4385688,15022
Nizamuddin colony,3,4,1858,Semi-Furnished,7,12148746,39122
Arjun Nagar,2,2,1164,Semi-Furnished,19,6983719,24641
Chuna Bhatti,1,1,570,Furnished,28,2610179,8909
Narela,2,4,1000,Furnished,10,4308427,9296
Kolar hills,5,3,3400,Furnished,18,16905677,50695
Narela,4,1,2965,Semi-Furnished,6,12709711,34096
Lalghati,2,4,883,Unfurnished,19,4289000,11340
Gandhi nagar,3,1,1671,Unfurnished,20,10287609,38608
Narela,5,1,3388,Unfurnished,30,14567019,37817
Bittan Market,3,1,1487,Furnished,14,10469880,31748
Ratnagiri,3,2,1910,Furnished,6,8894526,25893
Prabhat petrol pump,3,4,1466,Furnished,27,7091498,20278
Bairagarh,3,4,1485,Furnished,29,6598933,17884
Roshanpura,3,2,1510,Semi-Furnished,10,7328556,20362
Gandhi nagar,2,3,1054,Unfurnished,28,6497362,25839
Bittan Market,1,1,564,Semi-Furnished,1,3848875,12981
Habibganj,4,3,2356,Furnished,4,12952350,44175
Kolar Road,4,4,3359,Unfurnished,4,16850851,50331
VIP road,5,4,4658,Semi-Furnished,29,30313341,98086
kohefiza,2,4,1053,Semi-Furnished,4,4651778,13848
Habibganj,4,4,2563,Unfurnished,12,14145072,47778
Ratnagiri,4,3,2947,Semi-Furnished,23,13774331,37590
Ayodhya nagar,4,1,2336,Semi-Furnished,5,14524844,53683
Nizamuddin colony,3,3,1837,Semi-Furnished,4,12023020,38504
Narela,1,1,747,Unfurnished,16,3266821,7562
Karond,4,2,2708,Semi-Furnished,26,13350460,39872
jahangirabad,1,2,402,Furnished,27,1752496,4159
Gandhi nagar,3,4,1360,Semi-Furnished,3,8363121,31769
Anand nagar,5,4,4930,Semi-Furnished,22,28621146,94299
Ayodhya bypass,4,3,2590,Semi-Furnished,12,13753344,40129
Kamla Nagar,3,2,1629,Semi-Furnished,4,8504125,26302
Bawadiya Kalan,2,1,831,Unfurnished,29,3689081,9552
Arjun Nagar,2,1,855,Semi-Furnished,19,5138461,17934
Prabhat petrol pump,3,2,1355,Unfurnished,20,6598800,18628
Vijay nagar,1,2,442,Furnished,17,3224846,10138
Chuna Bhatti,4,2,2587,Furnished,15,12193941,34925
